timestamp,value,z_score,z_anomaly
2014-02-14 14:27:00,51.846,2.02985876279003,False
2014-02-14 14:32:00,44.508,0.32476063784292525,False
2014-02-14 14:37:00,41.244,-0.43368039238702294,False
2014-02-14 14:42:00,48.56800000000001,1.2681646153961097,False
2014-02-14 14:47:00,46.714,0.8373589566809342,False
2014-02-14 14:52:00,44.986,0.4358313524415498,False
2014-02-14 14:57:00,49.108,1.3936419917209137,False
2014-02-14 15:02:00,40.47,-0.6135312984525806,False
2014-02-14 15:07:00,53.404,2.3918842300382726,False
2014-02-14 15:12:00,45.4,0.5320306742905693,False
2014-02-14 15:17:00,43.216,0.024544396710237303,False
2014-02-14 15:22:00,49.72,1.5358496848890293,False
2014-02-14 15:27:00,46.37,0.7574252206517973,False
2014-02-14 15:32:00,43.756,0.1500217730350446,False
2014-02-14 15:37:00,47.582,1.039052220847477,False
2014-02-14 15:42:00,40.738,-0.5512573413136018,False
2014-02-14 15:47:00,51.216,1.883468490411089,False
2014-02-14 15:52:00,46.31399999999999,0.7444127519958903,False
2014-02-14 15:57:00,45.0,0.439084469605527,False
2014-02-14 16:02:00,50.224,1.6529619027921825,False
2014-02-14 16:07:00,48.096,1.1584880938677558,False
2014-02-14 16:12:00,43.544,0.10076028455197125,False
2014-02-14 16:17:00,48.85,1.3336916896990623,False
2014-02-14 16:22:00,40.942,-0.50385477692423,False
2014-02-14 16:27:00,52.58600000000001,2.2018092414573625,False
2014-02-14 16:32:00,45.802,0.6254416099990373,False
2014-02-14 16:37:00,43.122,0.0027020386092520172,False
2014-02-14 16:42:00,50.774,1.780762934234117,False
2014-02-14 16:47:00,46.262,0.7323297453868365,False
2014-02-14 16:52:00,43.052,-0.013563547210630501,False
2014-02-14 16:57:00,50.718,1.7677504655782115,False
2014-02-14 17:02:00,45.798,0.6245121479521873,False
2014-02-14 17:07:00,46.55,0.7992510127600664,False
2014-02-14 17:12:00,48.122,1.1645295971722844,False
2014-02-14 17:17:00,40.23,-0.6692990212636066,False
2014-02-14 17:22:00,52.606,2.206456551691612,False
2014-02-14 17:27:00,44.652,0.3582212715295402,False
2014-02-14 17:32:00,42.84,-0.0628250356937022,False
2014-02-14 17:37:00,49.272,1.4317499356417815,False
2014-02-14 17:42:00,47.09,0.9247283890848753,False
2014-02-14 17:47:00,45.452,0.5441136808996246,False
2014-02-14 17:52:00,46.996,0.90288603098389,False
2014-02-14 17:57:00,43.194,0.019432355452560317,False
2014-02-14 18:02:00,52.94,2.2840666326036216,False
2014-02-14 18:07:00,47.212,0.9530769815138133,False
2014-02-14 18:12:00,43.144,0.007814079866929002,False
2014-02-14 18:17:00,50.658,1.7538085348754546,False
2014-02-14 18:22:00,46.292,0.7393007107382149,False
2014-02-14 18:27:00,45.164,0.4771924135263948,False
2014-02-14 18:32:00,47.88800000000001,1.1101560674315374,False
2014-02-14 18:37:00,41.852,-0.2924021612657589,False
2014-02-14 18:42:00,53.17,2.337510700297522,False
2014-02-14 18:47:00,44.632,0.35357396129528734,False
2014-02-14 18:52:00,43.282,0.03988052048326826,False
2014-02-14 18:57:00,53.192,2.342622741555199,False
2014-02-14 19:02:00,45.51600000000001,0.5589850736492348,False
2014-02-14 19:07:00,47.23,0.9572595607246387,False
2014-02-14 19:12:00,46.408,0.7662551100968772,False
2014-02-14 19:17:00,40.118,-0.6953239585754173,False
2014-02-14 19:22:00,52.536,2.1901909658717296,False
2014-02-14 19:27:00,45.56399999999999,0.5701386182114354,False
2014-02-14 19:32:00,43.908,0.18534133081536103,False
2014-02-14 19:37:00,48.058,1.1496582044226775,False
2014-02-14 19:42:00,45.4,0.5320306742905693,False
2014-02-14 19:47:00,45.56399999999999,0.5701386182114354,False
2014-02-14 19:52:00,53.23,2.3514526310002775,False
2014-02-14 19:57:00,46.972,0.8973092587027872,False
2014-02-14 20:02:00,52.816,2.25525330915126,False
2014-02-14 20:07:00,49.062,1.3829531781821338,False
2014-02-14 20:12:00,46.22,0.7225703938949066,False
2014-02-14 20:17:00,50.258,1.6608623301904124,False
2014-02-14 20:22:00,47.16,0.9409939749047561,False
2014-02-14 20:27:00,45.258,0.4990347716273801,False
2014-02-14 20:32:00,49.108,1.3936419917209137,False
2014-02-14 20:37:00,40.774,-0.5428921828919477,False
2014-02-14 20:42:00,52.5,2.1818258074500756,False
2014-02-14 20:47:00,45.316,0.5125119713067112,False
2014-02-14 20:52:00,41.878,-0.2863606579612304,False
2014-02-14 20:57:00,51.456,1.939236213222115,False
2014-02-14 21:02:00,46.902,0.8810436728829047,False
2014-02-14 21:07:00,46.41,0.7667198411203013,False
2014-02-14 21:12:00,47.3,0.9735251465445212,False
2014-02-14 21:17:00,40.4,-0.629796884272463,False
2014-02-14 21:22:00,52.058,2.0791202512731033,False
2014-02-14 21:27:00,47.84,1.09900252286933,False
2014-02-14 21:32:00,42.774,-0.0781611594667348,False
2014-02-14 21:37:00,50.494,1.7157005909545868,False
2014-02-14 21:42:00,45.364,0.5236655158689151,False
2014-02-14 21:47:00,43.192,0.018967624429134536,False
2014-02-14 21:52:00,48.356,1.2189031269130346,False
2014-02-14 21:57:00,47.958,1.1264216532514166,False
2014-02-14 22:02:00,44.026,0.21276046119744907,False
2014-02-14 22:07:00,49.46,1.475434651843752,False
2014-02-14 22:12:00,47.11,0.9293756993191264,False
2014-02-14 22:17:00,44.218,0.25737463944626954,False
2014-02-14 22:22:00,47.154,0.9395997818344821,False
2014-02-14 22:27:00,41.726000000000006,-0.32168021574154515,False
2014-02-14 22:32:00,53.662,2.451834532060124,False
2014-02-14 22:37:00,46.808,0.8592013147819194,False
2014-02-14 22:42:00,44.834,0.40051179466123504,False
2014-02-14 22:47:00,49.554,1.4972770099447372,False
2014-02-14 22:52:00,45.822,0.6300889202332901,False
2014-02-14 22:57:00,46.768,0.8499066943134154,False
2014-02-14 23:02:00,50.71,1.76589154148451,False
2014-02-14 23:07:00,43.662,0.12817941493405932,False
2014-02-14 23:12:00,53.544,2.424415401678036,False
2014-02-14 23:17:00,46.478,0.7825206959167597,False
2014-02-14 23:22:00,43.052,-0.013563547210630501,False
2014-02-14 23:27:00,49.038,1.3773764059010312,False
2014-02-14 23:32:00,46.238,0.7267529731057337,False
2014-02-14 23:37:00,44.90600000000001,0.417242111504545,False
2014-02-14 23:42:00,48.51,1.2546874157167751,False
2014-02-14 23:47:00,40.834,-0.5289502521891908,False
2014-02-14 23:52:00,52.364,2.1502240978571603,False
2014-02-14 23:57:00,47.206,0.9516827884435376,False
2014-02-15 00:02:00,43.31,0.046386754811222584,False
2014-02-15 00:07:00,53.028,2.304514797634331,False
2014-02-15 00:12:00,46.644,0.8210933708610516,False
2014-02-15 00:17:00,46.124,0.7002633047704971,False
2014-02-15 00:22:00,47.802,1.0901726334242503,False
2014-02-15 00:27:00,41.356,-0.4076554550752106,False
2014-02-15 00:32:00,52.184,2.1083983057488913,False
2014-02-15 00:37:00,45.774,0.6189353756710846,False
2014-02-15 00:42:00,42.792,-0.07397858025590771,False
2014-02-15 00:47:00,49.036,1.376911674877607,False
2014-02-15 00:52:00,45.63399999999999,0.5864042040313179,False
2014-02-15 00:57:00,46.292,0.7393007107382149,False
2014-02-15 01:02:00,46.738,0.842935728962037,False
2014-02-15 01:07:00,43.076,-0.007986774929527735,False
2014-02-15 01:12:00,51.71,1.9982570531971167,False
2014-02-15 01:17:00,44.56399999999999,0.3377731064988289,False
2014-02-15 01:22:00,42.88800000000001,-0.051671491131495,False
2014-02-15 01:27:00,48.874,1.339268461980165,False
2014-02-15 01:32:00,45.658,0.5919809763124223,False
2014-02-15 01:37:00,44.052,0.21880196450197598,False
2014-02-15 01:42:00,47.684,1.0627535030421622,False
2014-02-15 01:47:00,40.316,-0.6493155872563211,False
2014-02-15 01:52:00,52.438,2.1674191457238945,False
2014-02-15 01:57:00,46.948,0.8917324864216845,False
2014-02-15 02:02:00,43.13,0.00456096270295349,False
2014-02-15 02:07:00,51.83,2.0261409146026286,False
2014-02-15 02:12:00,46.272,0.7346534005039621,False
2014-02-15 02:17:00,46.15,0.706304808075024,False
2014-02-15 02:22:00,48.098,1.1589528248911816,False
2014-02-15 02:27:00,40.868,-0.5210498247909624,False
2014-02-15 02:32:00,52.63,2.212033323972715,False
2014-02-15 02:37:00,45.328,0.5153003574472625,False
2014-02-15 02:42:00,43.86,0.17418778625315548,False
2014-02-15 02:47:00,49.19,1.4126959636813476,False
2014-02-15 02:52:00,40.032,-0.7153073925827027,False
2014-02-15 02:57:00,52.91,2.2770956672522433,False
2014-02-15 03:02:00,46.916,0.8842967900468802,False
2014-02-15 03:07:00,43.408,0.06915857495905778,False
2014-02-15 03:12:00,50.222,1.6524971717687582,False
2014-02-15 03:17:00,45.886,0.6449603129828969,False
2014-02-15 03:22:00,43.94,0.1927770271901636,False
2014-02-15 03:27:00,48.166,1.1747536796876383,False
2014-02-15 03:32:00,40.822,-0.5317386383297422,False
2014-02-15 03:37:00,54.24800000000001,2.588000721923714,False
2014-02-15 03:42:00,46.878,0.875466900601802,False
2014-02-15 03:47:00,41.85,-0.29286689228918306,False
2014-02-15 03:52:00,51.548,1.9606138402996744,False
2014-02-15 03:57:00,47.73,1.073442316580942,False
2014-02-15 04:02:00,45.212,0.4883459580886003,False
2014-02-15 04:07:00,50.658,1.7538085348754546,False
2014-02-15 04:12:00,39.87,-0.7529506054801448,False
2014-02-15 04:17:00,50.728,1.7700741206953372,False
2014-02-15 04:22:00,46.15,0.706304808075024,False
2014-02-15 04:27:00,43.12600000000001,0.00363150065610523,False
2014-02-15 04:32:00,49.672,1.5246961403268238,False
2014-02-15 04:37:00,46.644,0.8210933708610516,False
2014-02-15 04:42:00,44.994,0.4376902765352513,False
2014-02-15 04:47:00,47.432,1.0041973940905864,False
2014-02-15 04:52:00,40.212,-0.673481600474432,False
2014-02-15 04:57:00,53.88800000000001,2.5043491377071763,False
2014-02-15 05:02:00,43.24800000000001,0.03198009308504319,False
2014-02-15 05:07:00,44.36600000000001,0.29176473517973606,False
2014-02-15 05:12:00,49.12600000000001,1.397824570931744,False
2014-02-15 05:17:00,45.48,0.5506199152275774,False
2014-02-15 05:22:00,44.754,0.3819225537242253,False
2014-02-15 05:27:00,46.69,0.8317821843998314,False
2014-02-15 05:32:00,41.76,-0.31377978834331843,False
2014-02-15 05:37:00,52.368,2.151153559904012,False
2014-02-15 05:42:00,44.882,0.41166533922343895,False
2014-02-15 05:47:00,42.23,-0.20456799783839366,False
2014-02-15 05:52:00,49.624,1.5135425957646198,False
2014-02-15 05:57:00,47.63,1.0502057654096826,False
2014-02-15 06:02:00,44.786,0.3893582500990295,False
2014-02-15 06:07:00,49.354,1.4508039076022154,False
2014-02-15 06:12:00,40.702,-0.559622499735256,False
2014-02-15 06:17:00,51.666,1.988032970681761,False
2014-02-15 06:22:00,45.0,0.439084469605527,False
2014-02-15 06:27:00,43.61600000000001,0.11749060139528121,False
2014-02-15 06:32:00,50.822,1.7919164787963224,False
2014-02-15 06:37:00,44.414,0.30291827974193997,False
2014-02-15 06:42:00,44.232,0.26062775661024506,False
2014-02-15 06:47:00,48.236,1.191019265507521,False
2014-02-15 06:52:00,41.08,-0.47178833630789074,False
2014-02-15 06:57:00,53.92,2.5117848340819773,False
2014-02-15 07:02:00,46.22,0.7225703938949066,False
2014-02-15 07:07:00,43.522,0.09564824329429428,False
2014-02-15 07:12:00,49.74,1.540496995123282,False
2014-02-15 07:17:00,43.592,0.11191382911417679,False
2014-02-15 07:22:00,41.808,-0.3026262437811129,False
2014-02-15 07:27:00,49.36600000000001,1.4535922937427683,False
2014-02-15 07:32:00,45.492,0.5534083013681288,False
2014-02-15 07:37:00,44.29600000000001,0.27549914935985353,False
2014-02-15 07:42:00,49.706,1.5325965677250537,False
2014-02-15 07:47:00,40.868,-0.5210498247909624,False
2014-02-15 07:52:00,51.808,2.0210288733449517,False
2014-02-15 07:57:00,48.562,1.2667704223258307,False
2014-02-15 08:02:00,41.902,-0.28078388568012763,False
2014-02-15 08:07:00,53.708,2.4625233455989037,False
2014-02-15 08:12:00,46.55,0.7992510127600664,False
2014-02-15 08:17:00,41.338,-0.41183803428603766,False
2014-02-15 08:22:00,48.36600000000001,1.2212267820301619,False
2014-02-15 08:27:00,41.878,-0.2863606579612304,False
2014-02-15 08:32:00,52.342,2.1451120565994835,False
2014-02-15 08:37:00,46.502,0.7880974681978624,False
2014-02-15 08:42:00,42.276,-0.19387918429961223,False
2014-02-15 08:47:00,50.104,1.6250780413866701,False
2014-02-15 08:52:00,45.728,0.6082465621323049,False
2014-02-15 08:57:00,45.494,0.5538730323915545,False
2014-02-15 09:02:00,48.666,1.2909364355439414,False
2014-02-15 09:07:00,48.17,1.17568314173449,False
2014-02-15 09:12:00,44.672,0.3628685817637914,False
2014-02-15 09:17:00,45.54,0.5645618459303343,False
2014-02-15 09:22:00,40.892,-0.5154730525098596,False
2014-02-15 09:27:00,50.024,1.606488800449662,False
2014-02-15 09:32:00,45.37600000000001,0.5264539020094697,False
2014-02-15 09:37:00,42.746,-0.08466739379468748,False
2014-02-15 09:42:00,48.076,1.1538407836335045,False
2014-02-15 09:47:00,46.69,0.8317821843998314,False
2014-02-15 09:52:00,44.132,0.2373912054389841,False
2014-02-15 09:57:00,49.898,1.5772107459738742,False
2014-02-15 10:02:00,40.798,-0.537315410610845,False
2014-02-15 10:07:00,53.216,2.348199513836302,False
2014-02-15 10:12:00,45.298,0.5083293920958841,False
2014-02-15 10:17:00,41.76,-0.31377978834331843,False
2014-02-15 10:22:00,48.662,1.2900069734970916,False
2014-02-15 10:27:00,45.536,0.5636323838834844,False
2014-02-15 10:32:00,45.044,0.44930855212088094,False
2014-02-15 10:37:00,48.06800000000001,1.1519818595398064,False
2014-02-15 10:42:00,41.77,-0.31145613322619115,False
2014-02-15 10:47:00,51.738,2.004763287525069,False
2014-02-15 10:52:00,47.558,1.0334754485663742,False
2014-02-15 10:57:00,43.122,0.0027020386092520172,False
2014-02-15 11:02:00,50.234,1.6552855579093095,False
2014-02-15 11:07:00,47.474,1.0139567455825147,False
2014-02-15 11:12:00,43.17,0.01385558317145755,False
2014-02-15 11:17:00,47.418,1.0009442769266093,False
2014-02-15 11:22:00,39.86,-0.7552742605972704,False
2014-02-15 11:27:00,51.456,1.939236213222115,False
2014-02-15 11:32:00,44.32,0.28107592164095463,False
2014-02-15 11:37:00,42.206,-0.21014477011949476,False
2014-02-15 11:42:00,49.272,1.4317499356417815,False
2014-02-15 11:47:00,46.066,0.6867861050911661,False
2014-02-15 11:52:00,45.164,0.4771924135263948,False
2014-02-15 11:57:00,49.432,1.4689284175157993,False
2014-02-15 12:02:00,40.306,-0.6516392423734484,False
2014-02-15 12:07:00,53.17,2.337510700297522,False
2014-02-15 12:12:00,45.416,0.5357485224779706,False
2014-02-15 12:17:00,42.05,-0.24639378994666275,False
2014-02-15 12:22:00,50.45,1.705476508439233,False
2014-02-15 12:27:00,47.042,0.9135748445226698,False
2014-02-15 12:32:00,44.508,0.32476063784292525,False
2014-02-15 12:37:00,47.958,1.1264216532514166,False
2014-02-15 12:42:00,41.526,-0.3681533180840671,False
2014-02-15 12:47:00,52.746,2.2389877233313773,False
2014-02-15 12:52:00,45.4,0.5320306742905693,False
2014-02-15 12:57:00,44.038,0.2155488473379988,False
2014-02-15 13:02:00,50.422,1.6989702741112787,False
2014-02-15 13:07:00,47.746,1.0771601647683449,False
2014-02-15 13:12:00,43.662,0.12817941493405932,False
2014-02-15 13:17:00,48.544,1.2625878431150035,False
2014-02-15 13:22:00,40.54,-0.597265712632698,False
2014-02-15 13:27:00,51.808,2.0210288733449517,False
2014-02-15 13:32:00,46.15,0.706304808075024,False
2014-02-15 13:37:00,42.042,-0.24825271404036256,False
2014-02-15 13:42:00,48.69,1.2965132078250443,False
2014-02-15 13:47:00,45.95399999999999,0.660761167779352,False
2014-02-15 13:52:00,45.328,0.5153003574472625,False
2014-02-15 13:57:00,48.544,1.2625878431150035,False
2014-02-15 14:02:00,40.892,-0.5154730525098596,False
2014-02-15 14:07:00,55.154,2.798523875535334,False
2014-02-15 14:12:00,43.996,0.20578949584607062,False
2014-02-15 14:17:00,43.052,-0.013563547210630501,False
2014-02-15 14:22:00,48.268,1.198454961882325,False
2014-02-15 14:27:00,44.83600000000001,0.40097652568466247,False
2014-02-15 14:32:00,45.2,0.48555757194804894,False
2014-02-15 14:37:00,47.3,0.9735251465445212,False
2014-02-15 14:42:00,40.07,-0.7064775031376228,False
2014-02-15 14:47:00,51.844,2.0293940317666057,False
2014-02-15 14:52:00,47.432,1.0041973940905864,False
2014-02-15 14:57:00,43.92,0.1881297169559124,False
2014-02-15 15:02:00,50.994,1.8318833468108902,False
2014-02-15 15:07:00,48.136,1.1677827143362616,False
2014-02-15 15:12:00,44.772,0.38610513293505233,False
2014-02-15 15:17:00,49.014,1.37179963361993,False
2014-02-15 15:22:00,40.658,-0.56984658225061,False
2014-02-15 15:27:00,51.578,1.967584805651053,False
2014-02-15 15:32:00,47.3,0.9735251465445212,False
2014-02-15 15:37:00,41.79,-0.30680882299193996,False
2014-02-15 15:42:00,52.348,2.146506249669759,False
2014-02-15 15:47:00,44.83600000000001,0.40097652568466247,False
2014-02-15 15:52:00,44.718,0.37355739530257276,False
2014-02-15 15:57:00,49.76600000000001,1.5465384984278123,False
2014-02-15 16:02:00,40.4,-0.629796884272463,False
2014-02-15 16:07:00,53.404,2.3918842300382726,False
2014-02-15 16:12:00,45.024,0.44466124188662975,False
2014-02-15 16:17:00,42.254,-0.19899122555729087,False
2014-02-15 16:22:00,49.496,1.4837998102654062,False
2014-02-15 16:27:00,46.198,0.7174583526372297,False
2014-02-15 16:32:00,44.414,0.30291827974193997,False
2014-02-15 16:37:00,45.58600000000001,0.5752506594691174,False
2014-02-15 16:42:00,45.958,0.6616906298262036,False
2014-02-15 16:47:00,44.554,0.33544945138170496,False
2014-02-15 16:52:00,47.184,0.9465707471858589,False
2014-02-15 16:57:00,43.092,-0.004268926742126441,False
2014-02-15 17:02:00,53.58600000000001,2.434174753169969,False
2014-02-15 17:07:00,47.288,0.9707367604039698,False
2014-02-15 17:12:00,43.162,0.011996659077756077,False
2014-02-15 17:17:00,49.108,1.3936419917209137,False
2014-02-15 17:22:00,46.304,0.7420890968787663,False
2014-02-15 17:27:00,43.356,0.05707556835000234,False
2014-02-15 17:32:00,48.076,1.1538407836335045,False
2014-02-15 17:37:00,39.554,-0.8263781071813273,False
2014-02-15 17:42:00,52.418,2.1627718354896417,False
2014-02-15 17:47:00,46.26,0.7318650143634107,False
2014-02-15 17:52:00,42.152,-0.222692507751976,False
2014-02-15 17:57:00,52.37,2.151618290927436,False
2014-02-15 18:02:00,45.47,0.5482962601104517,False
2014-02-15 18:07:00,46.12600000000001,0.7007280357939246,False
2014-02-15 18:12:00,46.22,0.7225703938949066,False
2014-02-15 18:17:00,40.234,-0.668369559216755,False
2014-02-15 18:22:00,52.38399999999999,2.1548714080914118,False
2014-02-15 18:27:00,45.36,0.5227360538220652,False
2014-02-15 18:32:00,43.378,0.06218760960767933,False
2014-02-15 18:37:00,48.802,1.3225381451368567,False
2014-02-15 18:42:00,40.492,-0.6084192571949035,False
2014-02-15 18:47:00,53.17,2.337510700297522,False
2014-02-15 18:52:00,46.12600000000001,0.7007280357939246,False
2014-02-15 18:57:00,43.51,0.09285985715374288,False
2014-02-15 19:02:00,50.396,1.6929287708067517,False
2014-02-15 19:07:00,48.216,1.1863719552732697,False
2014-02-15 19:12:00,44.882,0.41166533922343895,False
2014-02-15 19:17:00,47.404,0.9976911597626338,False
2014-02-15 19:22:00,41.1,-0.4671410260736379,False
2014-02-15 19:27:00,52.98,2.293361253072126,False
2014-02-15 19:32:00,43.474,0.08449469873208874,False
2014-02-15 19:37:00,41.106,-0.4657468330033622,False
2014-02-15 19:42:00,48.334,1.2137910856553578,False
2014-02-15 19:47:00,46.478,0.7825206959167597,False
2014-02-15 19:52:00,43.544,0.10076028455197125,False
2014-02-15 19:57:00,50.494,1.7157005909545868,False
2014-02-15 20:02:00,41.228,-0.4373982405744242,False
2014-02-15 20:07:00,54.264,2.591718570111114,False
2014-02-15 20:12:00,45.798,0.6245121479521873,False
2014-02-15 20:17:00,42.324,-0.18272563973740835,False
2014-02-15 20:22:00,50.986,1.8300244227171887,False
2014-02-15 20:27:00,46.604,0.8117987503925476,False
2014-02-15 20:32:00,45.706,0.6031345208746278,False
2014-02-15 20:37:00,48.286,1.2026375410931522,False
2014-02-15 20:42:00,40.652,-0.5712407753208857,False
2014-02-15 20:47:00,53.522,2.419303360420359,False
2014-02-15 20:52:00,45.392,0.5301717501968695,False
2014-02-15 20:57:00,45.102,0.4627857518002121,False
2014-02-15 21:02:00,49.754,1.5437501122872577,False
2014-02-15 21:07:00,48.944,1.3555340478000475,False
2014-02-15 21:12:00,44.672,0.3628685817637914,False
2014-02-15 21:17:00,47.066,0.9191516168037726,False
2014-02-15 21:22:00,41.174,-0.44994597820690546,False
2014-02-15 21:27:00,52.09,2.0865559476479074,False
2014-02-15 21:32:00,45.258,0.4990347716273801,False
2014-02-15 21:37:00,42.764,-0.08048481458386039,False
2014-02-15 21:42:00,48.216,1.1863719552732697,False
2014-02-15 21:47:00,46.726000000000006,0.8401473428214872,False
2014-02-15 21:52:00,44.292,0.27456968731300196,False
2014-02-15 21:57:00,49.484,1.4810114241248549,False
2014-02-15 22:02:00,40.492,-0.6084192571949035,False
2014-02-15 22:07:00,54.722,2.6981419744754875,False
2014-02-15 22:12:00,45.58600000000001,0.5752506594691174,False
2014-02-15 22:17:00,41.82,-0.29983785764056153,False
2014-02-15 22:22:00,48.896,1.344380503237842,False
2014-02-15 22:27:00,46.344,0.7513837173472704,False
2014-02-15 22:32:00,45.07,0.4553500554254095,False
2014-02-15 22:37:00,45.972,0.6649437469901808,False
2014-02-15 22:42:00,40.164,-0.6846351450366376,False
2014-02-15 22:47:00,51.572,1.9661906125807773,False
2014-02-15 22:52:00,44.812,0.39539975340355643,False
2014-02-15 22:57:00,46.198,0.7174583526372297,False
2014-02-15 23:02:00,48.802,1.3225381451368567,False
2014-02-15 23:07:00,48.724,1.3044136352232727,False
2014-02-15 23:12:00,45.282,0.5046115439084812,False
2014-02-15 23:17:00,46.94,0.889873562327983,False
2014-02-15 23:22:00,40.884,-0.5173319766035611,False
2014-02-15 23:27:00,53.298,2.367253485796736,False
2014-02-15 23:32:00,44.852,0.4046943738720605,False
2014-02-15 23:37:00,43.778,0.15513381429272158,False
2014-02-15 23:42:00,47.974,1.1301395014388178,False
2014-02-15 23:47:00,46.79,0.8550187355710923,False
2014-02-15 23:52:00,44.742,0.3791341675836739,False
2014-02-15 23:57:00,49.146,1.4024718811659935,False
2014-02-16 00:02:00,41.06399999999999,-0.4755061844952937,False
2014-02-16 00:07:00,52.73,2.2352698751439743,False
2014-02-16 00:12:00,46.996,0.90288603098389,False
2014-02-16 00:17:00,42.99800000000001,-0.026111284843108425,False
2014-02-16 00:22:00,49.798,1.5539741948026133,False
2014-02-16 00:27:00,40.658,-0.56984658225061,False
2014-02-16 00:32:00,52.044,2.075867134109126,False
2014-02-16 00:37:00,46.714,0.8373589566809342,False
2014-02-16 00:42:00,41.456,-0.3844189039039496,False
2014-02-16 00:47:00,52.418,2.1627718354896417,False
2014-02-16 00:52:00,44.994,0.4376902765352513,False
2014-02-16 00:57:00,45.728,0.6082465621323049,False
2014-02-16 01:02:00,48.802,1.3225381451368567,False
2014-02-16 01:07:00,51.408,1.9280826686599095,False
2014-02-16 01:12:00,48.678,1.293724821684493,False
2014-02-16 01:17:00,47.394,0.9953675046455065,False
2014-02-16 01:22:00,41.11,-0.4648173709565123,False
2014-02-16 01:27:00,53.23,2.3514526310002775,False
2014-02-16 01:32:00,49.418,1.4656753003518221,False
2014-02-16 01:37:00,43.518,0.09471878124744436,False
2014-02-16 01:42:00,49.24800000000001,1.426173163360682,False
2014-02-16 01:47:00,45.846,0.6356656925143912,False
2014-02-16 01:52:00,47.066,0.9191516168037726,False
2014-02-16 01:57:00,47.752,1.0785543578386205,False
2014-02-16 02:02:00,42.066,-0.2426759417592598,False
2014-02-16 02:07:00,51.708,1.9977923221736908,False
2014-02-16 02:12:00,45.976000000000006,0.6658732090370323,False
2014-02-16 02:17:00,43.474,0.08449469873208874,False
2014-02-16 02:22:00,46.58,0.8062219781114448,False
2014-02-16 02:27:00,38.522,-1.066179315268738,False
2014-02-16 02:32:00,52.794,2.2501412678935813,False
2014-02-16 02:37:00,44.43600000000001,0.3080303209996186,False
2014-02-16 02:42:00,41.854,-0.29193743024233315,False
2014-02-16 02:47:00,51.056,1.846290008537071,False
2014-02-16 02:52:00,46.11,0.69701018760652,False
2014-02-16 02:57:00,46.15,0.706304808075024,False
2014-02-16 03:02:00,50.54,1.7263894044933665,False
2014-02-16 03:07:00,48.122,1.1645295971722844,False
2014-02-16 03:12:00,44.108,0.2318144331578813,False
2014-02-16 03:17:00,47.492,1.0181393247933417,False
2014-02-16 03:22:00,41.808,-0.3026262437811129,False
2014-02-16 03:27:00,56.22,3.046225511020971,True
2014-02-16 03:32:00,45.306,0.5101883161895839,False
2014-02-16 03:37:00,43.404,0.06822911291220787,False
2014-02-16 03:42:00,50.352,1.682704688291396,False
2014-02-16 03:47:00,47.48,1.0153509386527904,False
2014-02-16 03:52:00,44.674,0.36333331278721714,False
2014-02-16 03:57:00,49.672,1.5246961403268238,False
2014-02-16 04:02:00,40.694,-0.5614814238289558,False
2014-02-16 04:07:00,54.212,2.5796355635020585,False
2014-02-16 04:12:00,46.38399999999999,0.7606783378157728,False
2014-02-16 04:17:00,41.292,-0.4225268478248174,False
2014-02-16 04:22:00,52.806,2.2529296540341326,False
2014-02-16 04:27:00,46.154,0.7072342701218757,False
2014-02-16 04:32:00,42.456,-0.15205339219134315,False
2014-02-16 04:37:00,49.46,1.475434651843752,False
2014-02-16 04:42:00,46.12600000000001,0.7007280357939246,False
2014-02-16 04:47:00,45.61,0.5808274317502168,False
2014-02-16 04:52:00,46.878,0.875466900601802,False
2014-02-16 04:57:00,42.746,-0.08466739379468748,False
2014-02-16 05:02:00,53.028,2.304514797634331,False
2014-02-16 05:07:00,47.63,1.0502057654096826,False
2014-02-16 05:12:00,41.11600000000001,-0.46342317788623494,False
2014-02-16 05:17:00,49.32,1.442903480203987,False
2014-02-16 05:22:00,46.478,0.7825206959167597,False
2014-02-16 05:27:00,45.56399999999999,0.5701386182114354,False
2014-02-16 05:32:00,47.256,0.9633010640291673,False
2014-02-16 05:37:00,40.488,-0.6093487192417535,False
2014-02-16 05:42:00,52.652,2.217145365230392,False
2014-02-16 05:47:00,44.718,0.37355739530257276,False
2014-02-16 05:52:00,42.97,-0.0326175191710644,False
2014-02-16 05:57:00,51.854,2.0317176868837317,False
2014-02-16 06:02:00,46.076,0.6891097602082916,False
2014-02-16 06:07:00,45.904,0.649142892193724,False
2014-02-16 06:12:00,47.276,0.9679483742634201,False
2014-02-16 06:17:00,41.714,-0.3244686018820982,False
2014-02-16 06:22:00,52.972,2.291502328978426,False
2014-02-16 06:27:00,44.984,0.4353666214181257,False
2014-02-16 06:32:00,43.29,0.04173944457696973,False
2014-02-16 06:37:00,49.694,1.5298081815845024,False
2014-02-16 06:42:00,45.234,0.4934579993462773,False
2014-02-16 06:47:00,45.56399999999999,0.5701386182114354,False
2014-02-16 06:52:00,46.3,0.7411596348319147,False
2014-02-16 06:57:00,43.56800000000001,0.10633705683307733,False
2014-02-16 07:02:00,52.724,2.2338756820736987,False
2014-02-16 07:07:00,46.784,0.8536245425008167,False
2014-02-16 07:12:00,42.23,-0.20456799783839366,False
2014-02-16 07:17:00,50.448,1.7050117774158071,False
2014-02-16 07:22:00,46.432,0.77183188237798,False
2014-02-16 07:27:00,43.826,0.16628735885492713,False
2014-02-16 07:32:00,49.508,1.4865881964059575,False
2014-02-16 07:37:00,45.488,0.5524788393212788,False
2014-02-16 07:42:00,45.908,0.650072354240574,False
2014-02-16 07:47:00,45.68,0.5970930175700994,False
2014-02-16 07:52:00,40.094,-0.70090073085652,False
2014-02-16 07:57:00,54.828,2.722772718717024,False
2014-02-16 08:02:00,45.212,0.4883459580886003,False
2014-02-16 08:07:00,44.444,0.3098892450933184,False
2014-02-16 08:12:00,47.676,1.0608945789484623,False
2014-02-16 08:17:00,39.742,-0.7826933909793584,False
2014-02-16 08:22:00,50.678,1.7584558451097059,False
2014-02-16 08:27:00,46.292,0.7393007107382149,False
2014-02-16 08:32:00,42.044,-0.24778798301693844,False
2014-02-16 08:37:00,52.066,2.0809791753668048,False
2014-02-16 08:42:00,45.258,0.4990347716273801,False
2014-02-16 08:47:00,43.45399999999999,0.07984738849783589,False
2014-02-16 08:52:00,48.166,1.1747536796876383,False
2014-02-16 08:57:00,41.854,-0.29193743024233315,False
2014-02-16 09:02:00,49.504,1.485658734359106,False
2014-02-16 09:07:00,47.596,1.0423053380114526,False
2014-02-16 09:12:00,40.592,-0.5851827060236426,False
2014-02-16 09:17:00,50.274,1.6645801783778138,False
2014-02-16 09:22:00,45.83,0.6319478443269899,False
2014-02-16 09:27:00,42.788,-0.07490804230275928,False
2014-02-16 09:32:00,47.86600000000001,1.1050440261738588,False
2014-02-16 09:37:00,41.714,-0.3244686018820982,False
2014-02-16 09:42:00,52.324,2.1409294773886565,False
2014-02-16 09:47:00,46.666,0.8262054121187287,False
2014-02-16 09:52:00,42.512,-0.1390409235354378,False
2014-02-16 09:57:00,51.69,1.9936097429628636,False
2014-02-16 10:02:00,46.846,0.8680312042269978,False
2014-02-16 10:07:00,45.026,0.4451259729100555,False
2014-02-16 10:12:00,48.166,1.1747536796876383,False
2014-02-16 10:17:00,40.234,-0.668369559216755,False
2014-02-16 10:22:00,52.066,2.0809791753668048,False
2014-02-16 10:27:00,46.01,0.673773636435259,False
2014-02-16 10:32:00,41.62,-0.3463109599830835,False
2014-02-16 10:37:00,49.932,1.5851111733721026,False
2014-02-16 10:42:00,45.492,0.5534083013681288,False
2014-02-16 10:47:00,43.31,0.046386754811222584,False
2014-02-16 10:52:00,48.874,1.339268461980165,False
2014-02-16 10:57:00,48.56800000000001,1.2681646153961097,False
2014-02-16 11:02:00,44.918,0.4200304976450931,False
2014-02-16 11:07:00,48.676,1.2932600906610687,False
2014-02-16 11:12:00,39.678,-0.7975647837289652,False
2014-02-16 11:17:00,52.206,2.11351034700657,False
2014-02-16 11:22:00,44.47,0.3159307483978453,False
2014-02-16 11:27:00,42.512,-0.1390409235354378,False
2014-02-16 11:32:00,48.508,1.254222684693351,False
2014-02-16 11:37:00,45.37600000000001,0.5264539020094697,False
2014-02-16 11:42:00,46.032,0.6788856776929361,False
2014-02-16 11:47:00,47.394,0.9953675046455065,False
2014-02-16 11:52:00,39.738,-0.7836228530262084,False
2014-02-16 11:57:00,53.544,2.424415401678036,False
2014-02-16 12:02:00,45.752,0.6138233344134076,False
2014-02-16 12:07:00,44.672,0.3628685817637914,False
2014-02-16 12:12:00,48.802,1.3225381451368567,False
2014-02-16 12:17:00,39.812,-0.766427805159476,False
2014-02-16 12:22:00,50.13,1.6311195446911988,False
2014-02-16 12:27:00,46.838,0.866172280133298,False
2014-02-16 12:32:00,40.908,-0.5117552043224584,False
2014-02-16 12:37:00,51.808,2.0210288733449517,False
2014-02-16 12:42:00,42.12,-0.23012820412678023,False
2014-02-16 12:47:00,42.136,-0.22641035593937728,False
2014-02-16 12:52:00,48.45,1.24074548501402,False
2014-02-16 12:57:00,48.06,1.1501229354461033,False
2014-02-16 13:02:00,43.756,0.1500217730350446,False
2014-02-16 13:07:00,49.542,1.494488623804186,False
2014-02-16 13:12:00,39.976,-0.7283198612386081,False
2014-02-16 13:17:00,52.512,2.184614193590627,False
2014-02-16 13:22:00,44.504,0.3238311757960737,False
2014-02-16 13:27:00,42.606,-0.1171985654344525,False
2014-02-16 13:32:00,48.65600000000001,1.2886127804268193,False
2014-02-16 13:37:00,46.05,0.6830682569037632,False
2014-02-16 13:42:00,45.022,0.444196510863204,False
2014-02-16 13:47:00,48.754,1.3113846005746512,False
2014-02-16 13:52:00,39.772,-0.77572242562798,False
2014-02-16 13:57:00,54.918,2.7436856147711577,False
2014-02-16 14:02:00,45.962,0.6626200918730552,False
2014-02-16 14:07:00,44.61600000000001,0.34985611310788767,False
2014-02-16 14:12:00,48.756,1.3118493315980768,False
2014-02-16 14:17:00,46.666,0.8262054121187287,False
2014-02-16 14:22:00,43.652,0.1258557598169337,False
2014-02-16 14:27:00,46.9,0.8805789418594789,False
2014-02-16 14:32:00,39.718,-0.7882701632604595,False
2014-02-16 14:37:00,52.182,2.1079335747254673,False
2014-02-16 14:42:00,45.47,0.5482962601104517,False
2014-02-16 14:47:00,41.972,-0.2645182998602451,False
2014-02-16 14:52:00,46.972,0.8973092587027872,False
2014-02-16 14:57:00,46.292,0.7393007107382149,False
2014-02-16 15:02:00,42.71,-0.09303255221634162,False
2014-02-16 15:07:00,50.394,1.692464039783326,False
2014-02-16 15:12:00,40.47,-0.6135312984525806,False
2014-02-16 15:17:00,51.13399999999999,1.8644145184506535,False
2014-02-16 15:22:00,44.812,0.39539975340355643,False
2014-02-16 15:27:00,41.58,-0.3556055804515875,False
2014-02-16 15:32:00,50.094,1.6227543862695446,False
2014-02-16 15:37:00,46.056,0.6844624499740388,False
2014-02-16 15:42:00,43.452,0.07938265747441176,False
2014-02-16 15:47:00,48.474,1.2463222572951211,False
2014-02-16 15:52:00,40.634,-0.5754233545317128,False
2014-02-16 15:57:00,53.334,2.37561864421839,False
2014-02-16 16:02:00,46.032,0.6788856776929361,False
2014-02-16 16:07:00,43.334,0.05196352709232535,False
2014-02-16 16:12:00,49.448,1.4726462657032007,False
2014-02-16 16:17:00,46.69,0.8317821843998314,False
2014-02-16 16:22:00,44.39,0.29734150746083715,False
2014-02-16 16:27:00,45.292,0.5069351990256085,False
2014-02-16 16:32:00,40.282,-0.6572160146545512,False
2014-02-16 16:37:00,50.75,1.7751861619530143,False
2014-02-16 16:42:00,48.122,1.1645295971722844,False
2014-02-16 16:47:00,41.362,-0.4062612620049349,False
2014-02-16 16:52:00,50.988,1.8304891537406145,False
2014-02-16 16:57:00,46.31399999999999,0.7444127519958903,False
2014-02-16 17:02:00,43.192,0.018967624429134536,False
2014-02-16 17:07:00,50.798,1.7863397065152198,False
2014-02-16 17:12:00,45.858,0.6384540786549426,False
2014-02-16 17:17:00,44.95399999999999,0.42839565606674557,False
2014-02-16 17:22:00,46.408,0.7662551100968772,False
2014-02-16 17:27:00,40.234,-0.668369559216755,False
2014-02-16 17:32:00,52.51600000000001,2.18554365563748,False
2014-02-16 17:37:00,44.342,0.28618796289863163,False
2014-02-16 17:42:00,42.958,-0.03540590531161579,False
2014-02-16 17:47:00,47.934,1.1208448809703138,False
2014-02-16 17:52:00,45.986,0.6681968641541562,False
2014-02-16 17:57:00,47.354,0.9860728841770025,False
2014-02-16 18:02:00,48.216,1.1863719552732697,False
2014-02-16 18:07:00,42.74,-0.08606158686496317,False
2014-02-16 18:12:00,51.096,1.8555846290055753,False
2014-02-16 18:17:00,45.63399999999999,0.5864042040313179,False
2014-02-16 18:22:00,42.23,-0.20456799783839366,False
2014-02-16 18:27:00,50.47,1.7101238186734842,False
2014-02-16 18:32:00,44.04,0.21601357836142457,False
2014-02-16 18:37:00,44.02,0.21136626812717338,False
2014-02-16 18:42:00,48.004,1.1371104667901963,False
2014-02-16 18:47:00,40.774,-0.5428921828919477,False
2014-02-16 18:52:00,52.0,2.065643051593772,False
2014-02-16 18:57:00,48.356,1.2189031269130346,False
2014-02-16 19:02:00,41.01,-0.48805392212777327,False
2014-02-16 19:07:00,53.38,2.38630745775717,False
2014-02-16 19:12:00,44.132,0.2373912054389841,False
2014-02-16 19:17:00,42.972,-0.032152788147638625,False
2014-02-16 19:22:00,47.88800000000001,1.1101560674315374,False
2014-02-16 19:27:00,39.918,-0.7417970609179393,False
2014-02-16 19:32:00,50.868,1.8026052923351021,False
2014-02-16 19:37:00,46.574,0.8048277850411691,False
2014-02-16 19:42:00,41.46,-0.3834894418570997,False
2014-02-16 19:47:00,51.808,2.0210288733449517,False
2014-02-16 19:52:00,44.24800000000001,0.2643456047976497,False
2014-02-16 19:57:00,45.282,0.5046115439084812,False
2014-02-16 20:02:00,49.484,1.4810114241248549,False
2014-02-16 20:07:00,48.826,1.3281149174179594,False
2014-02-16 20:12:00,43.462,0.081706312591539,False
2014-02-16 20:17:00,48.38,1.2244798991941375,False
2014-02-16 20:22:00,45.822,0.6300889202332901,False
2014-02-16 20:27:00,46.22,0.7225703938949066,False
2014-02-16 20:32:00,47.31,0.9758488016616484,False
2014-02-16 20:37:00,40.37,-0.6367678496238416,False
2014-02-16 20:42:00,50.164,1.6390199720894272,False
2014-02-16 20:47:00,45.54,0.5645618459303343,False
2014-02-16 20:52:00,42.276,-0.19387918429961223,False
2014-02-16 20:57:00,51.38800000000001,1.92343535842566,False
2014-02-16 21:02:00,46.808,0.8592013147819194,False
2014-02-16 21:07:00,44.566,0.33823783752225633,False
2014-02-16 21:12:00,48.17,1.17568314173449,False
2014-02-16 21:17:00,39.954,-0.7334319024962851,False
2014-02-16 21:22:00,50.61,1.742654990313249,False
2014-02-16 21:27:00,45.15600000000001,0.4753334894326966,False
2014-02-16 21:32:00,41.502,-0.37373009036516985,False
2014-02-16 21:37:00,48.754,1.3113846005746512,False
2014-02-16 21:42:00,45.188,0.48276918580749756,False
2014-02-16 21:47:00,43.92,0.1881297169559124,False
2014-02-16 21:52:00,47.254,0.9628363330057415,False
2014-02-16 21:57:00,42.652,-0.10650975189567276,False
2014-02-16 22:02:00,50.302,1.6710864127057663,False
2014-02-16 22:07:00,48.872,1.338803730956739,False
2014-02-16 22:12:00,40.27,-0.6600044007951009,False
2014-02-16 22:17:00,51.76,2.0098753287827464,False
2014-02-16 22:22:00,44.414,0.30291827974193997,False
2014-02-16 22:27:00,44.092,0.22809658497048002,False
2014-02-16 22:32:00,49.218,1.419202198009302,False
2014-02-16 22:37:00,39.694,-0.7938469355415623,False
2014-02-16 22:42:00,51.104,1.8574435530992768,False
2014-02-16 22:47:00,45.98,0.6668026710838806,False
2014-02-16 22:52:00,42.332,-0.1808667156437069,False
2014-02-16 22:57:00,52.91,2.2770956672522433,False
2014-02-16 23:02:00,43.968,0.19928326151811793,False
2014-02-16 23:07:00,45.14,0.47161564124529204,False
2014-02-16 23:12:00,48.51600000000001,1.256081608787054,False
2014-02-16 23:17:00,45.826,0.6310183822801401,False
2014-02-16 23:22:00,45.158,0.4757982204561191,False
2014-02-16 23:27:00,48.012,1.1389693908838978,False
2014-02-16 23:32:00,39.86,-0.7552742605972704,False
2014-02-16 23:37:00,51.67,1.9889624327286126,False
2014-02-16 23:42:00,46.444,0.7746202685185314,False
2014-02-16 23:47:00,43.678,0.1318972631214606,False
2014-02-16 23:52:00,49.622,1.513077864741194,False
2014-02-16 23:57:00,47.652,1.0553178066673596,False
2014-02-17 00:02:00,44.062,0.22112561961910157,False
2014-02-17 00:07:00,50.54,1.7263894044933665,False
2014-02-17 00:12:00,41.31,-0.4183442686139903,False
2014-02-17 00:17:00,51.448,1.9373772891284136,False
2014-02-17 00:22:00,46.066,0.6867861050911661,False
2014-02-17 00:27:00,41.56399999999999,-0.35932342863899047,False
2014-02-17 00:32:00,51.386,1.9229706274022325,False
2014-02-17 00:37:00,44.668,0.3619391197169415,False
2014-02-17 00:42:00,43.662,0.12817941493405932,False
2014-02-17 00:47:00,49.272,1.4317499356417815,False
2014-02-17 00:52:00,45.024,0.44466124188662975,False
2014-02-17 00:57:00,45.822,0.6300889202332901,False
2014-02-17 01:02:00,47.05,0.9154337686163696,False
2014-02-17 01:07:00,41.708,-0.32586279495237386,False
2014-02-17 01:12:00,51.996,2.064713589546922,False
2014-02-17 01:17:00,45.962,0.6626200918730552,False
2014-02-17 01:22:00,42.464,-0.15019446809764334,False
2014-02-17 01:27:00,48.352,1.2179736648661832,False
2014-02-17 01:32:00,46.194,0.7165288905903797,False
2014-02-17 01:37:00,45.282,0.5046115439084812,False
2014-02-17 01:42:00,46.174,0.7118815803561268,False
2014-02-17 01:47:00,39.95,-0.734361364543135,False
2014-02-17 01:52:00,52.38399999999999,2.1548714080914118,False
2014-02-17 01:57:00,46.778,0.852230349430541,False
2014-02-17 02:02:00,43.78,0.15559854531614736,False
2014-02-17 02:07:00,49.812,1.5572273119665887,False
2014-02-17 02:12:00,46.22,0.7225703938949066,False
2014-02-17 02:17:00,46.432,0.77183188237798,False
2014-02-17 02:22:00,47.23,0.9572595607246387,False
2014-02-17 02:27:00,40.54,-0.597265712632698,False
2014-02-17 02:32:00,52.582,2.2008797794105095,False
2014-02-17 02:37:00,45.258,0.4990347716273801,False
2014-02-17 02:42:00,42.65,-0.10697448291909854,False
2014-02-17 02:47:00,49.93,1.5846464423486768,False
2014-02-17 02:52:00,39.648,-0.8045357490803421,False
2014-02-17 02:57:00,53.804,2.4848304347233148,False
2014-02-17 03:02:00,46.62,0.8155165985799488,False
2014-02-17 03:07:00,43.486,0.08728308487264012,False
2014-02-17 03:12:00,52.88800000000001,2.2719836259945696,False
2014-02-17 03:17:00,43.85,0.17186413113602989,False
2014-02-17 03:22:00,43.51,0.09285985715374288,False
2014-02-17 03:27:00,48.372,1.222620975100436,False
2014-02-17 03:32:00,40.352,-0.6409504288346686,False
2014-02-17 03:37:00,51.13800000000001,1.8653439804975083,False
2014-02-17 03:42:00,45.07,0.4553500554254095,False
2014-02-17 03:47:00,42.668,-0.10279190370827146,False
2014-02-17 03:52:00,50.868,1.8026052923351021,False
2014-02-17 03:57:00,48.58600000000001,1.2723471946069367,False
2014-02-17 04:02:00,44.062,0.22112561961910157,False
2014-02-17 04:07:00,49.372,1.4549864868130424,False
2014-02-17 04:12:00,40.132,-0.6920708414114418,False
2014-02-17 04:17:00,52.982,2.2938259840955517,False
2014-02-17 04:22:00,47.006,0.9052096861010156,False
2014-02-17 04:27:00,43.544,0.10076028455197125,False
2014-02-17 04:32:00,49.39,1.4591690660238694,False
2014-02-17 04:37:00,48.708,1.3006957870358713,False
2014-02-17 04:42:00,43.756,0.1500217730350446,False
2014-02-17 04:47:00,47.84,1.09900252286933,False
2014-02-17 04:52:00,40.846,-0.5261618660486411,False
2014-02-17 04:57:00,53.17,2.337510700297522,False
2014-02-17 05:02:00,46.894,0.8791847487892033,False
2014-02-17 05:07:00,43.82,0.16489316578465144,False
2014-02-17 05:12:00,49.872,1.5711692426693458,False
2014-02-17 05:17:00,45.07,0.4553500554254095,False
2014-02-17 05:22:00,44.468,0.31546601737442115,False
2014-02-17 05:27:00,47.136,0.935417202623655,False
2014-02-17 05:32:00,40.962,-0.4992074666899772,False
2014-02-17 05:37:00,52.99,2.295684908189253,False
2014-02-17 05:42:00,44.788,0.38982298112245367,False
2014-02-17 05:47:00,42.442,-0.1553065093553203,False
2014-02-17 05:52:00,50.07,1.6171776139884417,False
2014-02-17 05:57:00,47.664,1.058106192807911,False
2014-02-17 06:02:00,44.414,0.30291827974193997,False
2014-02-17 06:07:00,49.214,1.4182727359624503,False
2014-02-17 06:12:00,39.958,-0.7325024404494351,False
2014-02-17 06:17:00,51.482,1.945277716526642,False
2014-02-17 06:22:00,46.432,0.77183188237798,False
2014-02-17 06:27:00,43.662,0.12817941493405932,False
2014-02-17 06:32:00,47.768,1.082272206026022,False
2014-02-17 06:37:00,46.174,0.7118815803561268,False
2014-02-17 06:42:00,45.188,0.48276918580749756,False
2014-02-17 06:47:00,47.414,1.0000148148797594,False
2014-02-17 06:52:00,40.842,-0.527091328095491,False
2014-02-17 06:57:00,54.0,2.5303740750189854,False
2014-02-17 07:02:00,44.83600000000001,0.40097652568466247,False
2014-02-17 07:07:00,44.038,0.2155488473379988,False
2014-02-17 07:12:00,48.356,1.2189031269130346,False
2014-02-17 07:17:00,39.882,-0.7501622193395934,False
2014-02-17 07:22:00,50.492,1.715235859931161,False
2014-02-17 07:27:00,45.258,0.4990347716273801,False
2014-02-17 07:32:00,42.23,-0.20456799783839366,False
2014-02-17 07:37:00,50.896,1.8091115266630549,False
2014-02-17 07:42:00,44.712,0.3721632022322971,False
2014-02-17 07:47:00,43.24,0.03012116899134007,False
2014-02-17 07:52:00,48.452,1.241210216037444,False
2014-02-17 07:57:00,44.09,0.2276318539470559,False
2014-02-17 08:02:00,50.56399999999999,1.7319661767744676,False
2014-02-17 08:07:00,48.428,1.2356334437563412,False
2014-02-17 08:12:00,40.094,-0.70090073085652,False
2014-02-17 08:17:00,52.59,2.202738703504211,False
2014-02-17 08:22:00,44.53,0.3298726791006022,False
2014-02-17 08:27:00,43.592,0.11191382911417679,False
2014-02-17 08:32:00,48.856,1.335085882769338,False
2014-02-17 08:37:00,41.002,-0.4899128462214731,False
2014-02-17 08:42:00,50.938,1.8188708781549847,False
2014-02-17 08:47:00,46.69,0.8317821843998314,False
2014-02-17 08:52:00,41.198,-0.4443692059258027,False
2014-02-17 08:57:00,52.91,2.2770956672522433,False
2014-02-17 09:02:00,46.784,0.8536245425008167,False
2014-02-17 09:07:00,45.164,0.4771924135263948,False
2014-02-17 09:12:00,48.428,1.2356334437563412,False
2014-02-17 09:17:00,46.38399999999999,0.7606783378157728,False
2014-02-17 09:22:00,44.154,0.24250324669666273,False
2014-02-17 09:27:00,46.478,0.7825206959167597,False
2014-02-17 09:32:00,40.3,-0.653033435443724,False
2014-02-17 09:37:00,51.69,1.9936097429628636,False
2014-02-17 09:42:00,44.918,0.4200304976450931,False
2014-02-17 09:47:00,42.782,-0.07630223537303497,False
2014-02-17 09:52:00,48.756,1.3118493315980768,False
2014-02-17 09:57:00,48.252,1.1947371136949239,False
2014-02-17 10:02:00,43.584,0.11005490502047698,False
2014-02-17 10:07:00,49.812,1.5572273119665887,False
2014-02-17 10:12:00,40.208,-0.6744110625212836,False
2014-02-17 10:17:00,51.688,1.9931450119394396,False
2014-02-17 10:22:00,44.87600000000001,0.41027114615316657,False
2014-02-17 10:27:00,42.7,-0.09535620733346722,False
2014-02-17 10:32:00,49.174,1.4089781154939462,False
2014-02-17 10:37:00,46.924,0.8861557141405817,False
2014-02-17 10:42:00,45.37600000000001,0.5264539020094697,False
2014-02-17 10:47:00,46.854,0.8698901283206992,False
2014-02-17 10:52:00,40.752,-0.5480042241496247,False
2014-02-17 10:57:00,54.6,2.6697933820465494,False
2014-02-17 11:02:00,43.874,0.17744090341713264,False
2014-02-17 11:07:00,44.93,0.4228188837856445,False
2014-02-17 11:12:00,48.708,1.3006957870358713,False
2014-02-17 11:17:00,45.268,0.5013584267445057,False
2014-02-17 11:22:00,42.948,-0.03772956042874139,False
2014-02-17 11:27:00,47.736,1.0748365096512176,False
2014-02-17 11:32:00,46.55,0.7992510127600664,False
2014-02-17 11:37:00,45.492,0.5534083013681288,False
2014-02-17 11:42:00,47.84,1.09900252286933,False
2014-02-17 11:47:00,39.882,-0.7501622193395934,False
2014-02-17 11:52:00,51.104,1.8574435530992768,False
2014-02-17 11:57:00,45.64,0.5877983971015952,False
2014-02-17 12:02:00,42.834,-0.06421922876397788,False
2014-02-17 12:07:00,50.764,1.7784392791169914,False
2014-02-17 12:12:00,46.518,0.7918153163852638,False
2014-02-17 12:17:00,44.644,0.3563623474358387,False
2014-02-17 12:22:00,48.326,1.2119321615616563,False
2014-02-17 12:27:00,40.316,-0.6493155872563211,False
2014-02-17 12:32:00,51.466,1.9415598683392405,False
2014-02-17 12:37:00,45.558,0.5687444251411613,False
2014-02-17 12:42:00,42.76,-0.08141427663071196,False
2014-02-17 12:47:00,49.648,1.5191193680457227,False
2014-02-17 12:52:00,45.916,0.6519312783342738,False
2014-02-17 12:57:00,46.854,0.8698901283206992,False
2014-02-17 13:02:00,46.572,0.804363054017745,False
2014-02-17 13:07:00,42.652,-0.10650975189567276,False
2014-02-17 13:12:00,52.536,2.1901909658717296,False
2014-02-17 13:17:00,44.252,0.2652750668444979,False
2014-02-17 13:22:00,42.184,-0.2152568113771734,False
2014-02-17 13:27:00,48.098,1.1589528248911816,False
2014-02-17 13:32:00,45.38,0.527383364056318,False
2014-02-17 13:37:00,44.578,0.34102622366280777,False
2014-02-17 13:42:00,46.826,0.8633838939927465,False
2014-02-17 13:47:00,39.672,-0.798958976799241,False
2014-02-17 13:52:00,51.69,1.9936097429628636,False
2014-02-17 13:57:00,46.83,0.8643133560395965,False
2014-02-17 14:02:00,43.098,-0.0028747336718507495,False
2014-02-17 14:07:00,49.882,1.5734928977864713,False
2014-02-17 14:12:00,39.836,-0.7608510328783732,False
2014-02-17 14:17:00,51.198,1.879285911200262,False
2014-02-17 14:22:00,46.08,0.6900392222551416,False
2014-02-17 14:27:00,41.808,-0.3026262437811129,False
2014-02-17 14:32:00,49.43600000000001,1.469857879562651,False
2014-02-17 14:37:00,46.644,0.8210933708610516,False
2014-02-17 14:42:00,42.7,-0.09535620733346722,False
2014-02-17 14:47:00,49.16,1.405724998329969,False
2014-02-17 14:52:00,39.766,-0.7771166186982557,False
2014-02-17 14:57:00,53.49800000000001,2.4137265881392596,False
2014-02-17 15:02:00,45.778,0.6198648377179345,False
2014-02-17 15:07:00,43.816,0.1639637037378015,False
2014-02-17 15:12:00,52.282,2.1311701258967264,False
2014-02-17 15:17:00,44.056,0.21973142654882588,False
2014-02-17 15:22:00,43.08600000000001,-0.005663119812398831,False
2014-02-17 15:27:00,47.674,1.0604298479250365,False
2014-02-17 15:32:00,40.408,-0.6279379601787616,False
2014-02-17 15:37:00,51.69,1.9936097429628636,False
2014-02-17 15:42:00,44.976000000000006,0.43350769732442584,False
2014-02-17 15:47:00,42.306,-0.18690821894823545,False
2014-02-17 15:52:00,51.944,2.052630582937867,False
2014-02-17 15:57:00,46.978,0.8987034517730629,False
2014-02-17 16:02:00,43.544,0.10076028455197125,False
2014-02-17 16:07:00,51.854,2.0317176868837317,False
2014-02-17 16:12:00,47.21,0.9526122504903874,False
2014-02-17 16:17:00,45.61,0.5808274317502168,False
2014-02-17 16:22:00,46.502,0.7880974681978624,False
2014-02-17 16:27:00,41.362,-0.4062612620049349,False
2014-02-17 16:32:00,50.88,1.8053936784756537,False
2014-02-17 16:37:00,45.63800000000001,0.5873336660781728,False
2014-02-17 16:42:00,43.732,0.14444500075394182,False
2014-02-17 16:47:00,47.774,1.0836663990962976,False
2014-02-17 16:52:00,40.376,-0.6353736565535658,False
2014-02-17 16:57:00,54.084,2.549892778002845,False
2014-02-17 17:02:00,46.108,0.6965454565830943,False
2014-02-17 17:07:00,43.028,-0.019140319491733268,False
2014-02-17 17:12:00,52.934,2.282672439533346,False
2014-02-17 17:17:00,43.882,0.17929982751083248,False
2014-02-17 17:22:00,44.162,0.24436217079036254,False
2014-02-17 17:27:00,50.492,1.715235859931161,False
2014-02-17 17:32:00,39.86,-0.7552742605972704,False
2014-02-17 17:37:00,54.536,2.6549219892969425,False
2014-02-17 17:42:00,46.056,0.6844624499740388,False
2014-02-17 17:47:00,43.122,0.0027020386092520172,False
2014-02-17 17:52:00,49.108,1.3936419917209137,False
2014-02-17 17:57:00,48.56800000000001,1.2681646153961097,False
2014-02-17 18:02:00,43.35,0.05568137527972665,False
2014-02-17 18:07:00,51.864,2.034041342000857,False
2014-02-17 18:12:00,40.122,-0.6943944965285673,False
2014-02-17 18:17:00,51.69,1.9936097429628636,False
2014-02-17 18:22:00,46.174,0.7118815803561268,False
2014-02-17 18:27:00,42.84,-0.0628250356937022,False
2014-02-17 18:32:00,50.426,1.69989973615813,False
2014-02-17 18:37:00,45.70399999999999,0.6026697898512005,False
2014-02-17 18:42:00,44.108,0.2318144331578813,False
2014-02-17 18:47:00,47.676,1.0608945789484623,False
2014-02-17 18:52:00,40.178,-0.681382027872662,False
2014-02-17 18:57:00,56.408,3.089910227222942,True
2014-02-17 19:02:00,45.118,0.46650359998761504,False
2014-02-17 19:07:00,45.174,0.47951606864352037,False
2014-02-17 19:12:00,49.272,1.4317499356417815,False
2014-02-17 19:17:00,45.58600000000001,0.5752506594691174,False
2014-02-17 19:22:00,45.692,0.5998814037106507,False
2014-02-17 19:27:00,47.35,0.9851434221301525,False
2014-02-17 19:32:00,40.188,-0.6790583727555348,False
2014-02-17 19:37:00,53.63399999999999,2.4453282977321695,False
2014-02-17 19:42:00,45.212,0.4883459580886003,False
2014-02-17 19:47:00,43.31,0.046386754811222584,False
2014-02-17 19:52:00,49.084,1.3880652194398124,False
2014-02-17 19:57:00,47.382,0.9925791185049551,False
2014-02-17 20:02:00,44.108,0.2318144331578813,False
2014-02-17 20:07:00,49.202,1.415484349821899,False
2014-02-17 20:12:00,39.812,-0.766427805159476,False
2014-02-17 20:17:00,51.44600000000001,1.936912558104991,False
2014-02-17 20:22:00,45.68,0.5970930175700994,False
2014-02-17 20:27:00,44.13,0.23692647441555995,False
2014-02-17 20:32:00,48.664,1.2904717045205174,False
2014-02-17 20:37:00,40.34,-0.6437388149752183,False
2014-02-17 20:42:00,51.31399999999999,1.9062403105589225,False
2014-02-17 20:47:00,46.01,0.673773636435259,False
2014-02-17 20:52:00,42.276,-0.19387918429961223,False
2014-02-17 20:57:00,51.83,2.0261409146026286,False
2014-02-17 21:02:00,46.902,0.8810436728829047,False
2014-02-17 21:07:00,46.432,0.77183188237798,False
2014-02-17 21:12:00,47.54,1.0292928693555472,False
2014-02-17 21:17:00,40.582,-0.5875063611407683,False
2014-02-17 21:22:00,52.676,2.2227221375114947,False
2014-02-17 21:27:00,45.494,0.5538730323915545,False
2014-02-17 21:32:00,43.61600000000001,0.11749060139528121,False
2014-02-17 21:37:00,50.328,1.677127916010295,False
2014-02-17 21:42:00,46.502,0.7880974681978624,False
2014-02-17 21:47:00,43.732,0.14444500075394182,False
2014-02-17 21:52:00,48.63800000000001,1.2844302012159923,False
2014-02-17 21:57:00,48.31,1.208214313374255,False
2014-02-17 22:02:00,45.422,0.5371427155482462,False
2014-02-17 22:07:00,49.36600000000001,1.4535922937427683,False
2014-02-17 22:12:00,40.37,-0.6367678496238416,False
2014-02-17 22:17:00,52.474,2.175784304145547,False
2014-02-17 22:22:00,44.668,0.3619391197169415,False
2014-02-17 22:27:00,43.098,-0.0028747336718507495,False
2014-02-17 22:32:00,48.896,1.344380503237842,False
2014-02-17 22:37:00,40.492,-0.6084192571949035,False
2014-02-17 22:42:00,51.408,1.9280826686599095,False
2014-02-17 22:47:00,45.37600000000001,0.5264539020094697,False
2014-02-17 22:52:00,45.082,0.4581384415659609,False
2014-02-17 22:57:00,50.69,1.7612442312502572,False
2014-02-17 23:02:00,46.666,0.8262054121187287,False
2014-02-17 23:07:00,48.216,1.1863719552732697,False
2014-02-17 23:12:00,45.986,0.6681968641541562,False
2014-02-17 23:17:00,41.29600000000001,-0.42159738577796585,False
2014-02-17 23:22:00,53.78,2.479253662442212,False
2014-02-17 23:27:00,45.798,0.6245121479521873,False
2014-02-17 23:32:00,42.536,-0.13346415125433503,False
2014-02-17 23:37:00,49.038,1.3773764059010312,False
2014-02-17 23:42:00,45.868,0.6407777337720699,False
2014-02-17 23:47:00,43.92,0.1881297169559124,False
2014-02-17 23:52:00,46.578,0.8057572470880207,False
2014-02-17 23:57:00,42.14,-0.22548089389252737,False
2014-02-18 00:02:00,54.084,2.549892778002845,False
2014-02-18 00:07:00,46.596,0.8099398262988461,False
2014-02-18 00:12:00,43.226000000000006,0.026868051827364556,False
2014-02-18 00:17:00,48.798,1.3216086830900067,False
2014-02-18 00:22:00,46.588,0.8080809022051463,False
2014-02-18 00:27:00,44.22,0.2578393704696937,False
2014-02-18 00:32:00,47.762,1.0808780129557463,False
2014-02-18 00:37:00,40.446,-0.6191080707336833,False
2014-02-18 00:42:00,52.348,2.146506249669759,False
2014-02-18 00:47:00,46.38399999999999,0.7606783378157728,False
2014-02-18 00:52:00,43.896,0.18255294467480962,False
2014-02-18 00:57:00,50.952,1.8221239953189603,False
2014-02-18 01:02:00,45.492,0.5534083013681288,False
2014-02-18 01:07:00,46.902,0.8810436728829047,False
2014-02-18 01:12:00,49.23,1.4219905841498517,False
2014-02-18 01:17:00,40.61,-0.5810001268128155,False
2014-02-18 01:22:00,52.582,2.2008797794105095,False
2014-02-18 01:27:00,45.328,0.5153003574472625,False
2014-02-18 01:32:00,42.38800000000001,-0.16785424698779824,False
2014-02-18 01:37:00,48.938,1.3541398547297718,False
2014-02-18 01:42:00,39.554,-0.8263781071813273,False
2014-02-18 01:47:00,51.83,2.0261409146026286,False
2014-02-18 01:52:00,45.51600000000001,0.5589850736492348,False
2014-02-18 01:57:00,44.90600000000001,0.417242111504545,False
2014-02-18 02:02:00,49.672,1.5246961403268238,False
2014-02-18 02:07:00,47.676,1.0608945789484623,False
2014-02-18 02:12:00,45.68600000000001,0.5984872106403767,False
2014-02-18 02:17:00,46.62,0.8155165985799488,False
2014-02-18 02:22:00,41.056,-0.4773651085889935,False
2014-02-18 02:27:00,54.53,2.653527796226667,False
2014-02-18 02:32:00,49.976000000000006,1.5953352558874583,False
2014-02-18 02:37:00,43.85,0.17186413113602989,False
2014-02-18 02:42:00,49.008,1.3704054405496544,False
2014-02-18 02:47:00,45.792,0.6231179548819117,False
2014-02-18 02:52:00,44.83,0.3995823326143835,False
2014-02-18 02:57:00,49.88399999999999,1.5739576288098953,False
2014-02-18 03:02:00,40.274,-0.659074938748251,False
2014-02-18 03:07:00,54.986,2.7594864695676145,False
2014-02-18 03:12:00,45.2,0.48555757194804894,False
2014-02-18 03:17:00,42.19600000000001,-0.2124684252366187,False
2014-02-18 03:22:00,50.37,1.686887267502223,False
2014-02-18 03:27:00,46.738,0.842935728962037,False
2014-02-18 03:32:00,45.988,0.6686615951775821,False
2014-02-18 03:37:00,47.332,0.9809608429193254,False
2014-02-18 03:42:00,40.216,-0.6725521384275821,False
2014-02-18 03:47:00,51.38399999999999,1.922505896378805,False
2014-02-18 03:52:00,44.32,0.28107592164095463,False
2014-02-18 03:57:00,44.234,0.2610924876336708,False
2014-02-18 04:02:00,49.484,1.4810114241248549,False
2014-02-18 04:07:00,47.09,0.9247283890848753,False
2014-02-18 04:12:00,44.46,0.3136070932807197,False
2014-02-18 04:17:00,46.854,0.8698901283206992,False
2014-02-18 04:22:00,41.43,-0.3904604072084782,False
2014-02-18 04:27:00,51.902,2.042871231445937,False
2014-02-18 04:32:00,46.55,0.7992510127600664,False
2014-02-18 04:37:00,41.43600000000001,-0.3890662141382008,False
2014-02-18 04:42:00,50.47,1.7101238186734842,False
2014-02-18 04:47:00,45.69600000000001,0.6008108657575039,False
2014-02-18 04:52:00,44.89,0.41352426331714043,False
2014-02-18 04:57:00,48.89,1.3429863101675663,False
2014-02-18 05:02:00,40.548,-0.5954067885389965,False
2014-02-18 05:07:00,53.452,2.4030377746004765,False
2014-02-18 05:12:00,46.432,0.77183188237798,False
2014-02-18 05:17:00,41.878,-0.2863606579612304,False
2014-02-18 05:22:00,50.56,1.7310367147276196,False
2014-02-18 05:27:00,46.774,0.851300887383691,False
2014-02-18 05:32:00,45.058,0.45256166928485814,False
2014-02-18 05:37:00,47.394,0.9953675046455065,False
2014-02-18 05:42:00,41.992,-0.25987098962599386,False
2014-02-18 05:47:00,51.724,2.001510170361092,False
2014-02-18 05:52:00,44.624,0.3517150372015875,False
2014-02-18 05:57:00,44.93,0.4228188837856445,False
2014-02-18 06:02:00,49.53,1.4917002376636346,False
2014-02-18 06:07:00,48.192,1.1807951829921668,False
2014-02-18 06:12:00,45.47,0.5482962601104517,False
2014-02-18 06:17:00,47.88800000000001,1.1101560674315374,False
2014-02-18 06:22:00,40.708,-0.5582283066649804,False
2014-02-18 06:27:00,52.44,2.1678838767473185,False
2014-02-18 06:32:00,45.558,0.5687444251411613,False
2014-02-18 06:37:00,41.902,-0.28078388568012763,False
2014-02-18 06:42:00,49.014,1.37179963361993,False
2014-02-18 06:47:00,46.966,0.8959150656325116,False
2014-02-18 06:52:00,44.426,0.30570666588249135,False
2014-02-18 06:57:00,49.414,1.4647458383049723,False
2014-02-18 07:02:00,40.132,-0.6920708414114418,False
2014-02-18 07:07:00,53.38,2.38630745775717,False
2014-02-18 07:12:00,45.306,0.5101883161895839,False
2014-02-18 07:17:00,41.902,-0.28078388568012763,False
2014-02-18 07:22:00,48.428,1.2356334437563412,False
2014-02-18 07:27:00,45.892,0.6463545060531727,False
2014-02-18 07:32:00,45.70399999999999,0.6026697898512005,False
2014-02-18 07:37:00,46.522,0.7927447784321137,False
2014-02-18 07:42:00,41.302,-0.4202031927076918,False
2014-02-18 07:47:00,52.598,2.2045976275979107,False
2014-02-18 07:52:00,45.37600000000001,0.5264539020094697,False
2014-02-18 07:57:00,44.36600000000001,0.29176473517973606,False
2014-02-18 08:02:00,49.882,1.5734928977864713,False
2014-02-18 08:07:00,47.338,0.9823550359896012,False
2014-02-18 08:12:00,43.4,0.06729965086535632,False
2014-02-18 08:17:00,47.558,1.0334754485663742,False
2014-02-18 08:22:00,40.634,-0.5754233545317128,False
2014-02-18 08:27:00,51.996,2.064713589546922,False
2014-02-18 08:32:00,45.24,0.494852192416553,False
2014-02-18 08:37:00,41.902,-0.28078388568012763,False
2014-02-18 08:42:00,50.0,1.6009120281685594,False
2014-02-18 08:47:00,45.258,0.4990347716273801,False
2014-02-18 08:52:00,44.29600000000001,0.27549914935985353,False
2014-02-18 08:57:00,50.43,1.7008291982049801,False
2014-02-18 09:02:00,39.788,-0.7720045774405787,False
2014-02-18 09:07:00,53.146,2.3319339280164195,False
2014-02-18 09:12:00,45.916,0.6519312783342738,False
2014-02-18 09:17:00,41.31399999999999,-0.4174148065671421,False
2014-02-18 09:22:00,52.23,2.119087119287671,False
2014-02-18 09:27:00,44.94,0.4251425389027701,False
2014-02-18 09:32:00,43.334,0.05196352709232535,False
2014-02-18 09:37:00,49.09,1.3894594125100883,False
2014-02-18 09:42:00,45.39,0.5297070191734436,False
2014-02-18 09:47:00,43.756,0.1500217730350446,False
2014-02-18 09:52:00,48.708,1.3006957870358713,False
2014-02-18 09:57:00,42.394,-0.16646005391752586,False
2014-02-18 10:02:00,53.146,2.3319339280164195,False
2014-02-18 10:07:00,46.854,0.8698901283206992,False
2014-02-18 10:12:00,44.154,0.24250324669666273,False
2014-02-18 10:17:00,48.468,1.244928064224847,False
2014-02-18 10:22:00,40.978,-0.4954896185025759,False
2014-02-18 10:27:00,53.474,2.4081498158581534,False
2014-02-18 10:32:00,45.452,0.5441136808996246,False
2014-02-18 10:37:00,43.098,-0.0028747336718507495,False
2014-02-18 10:42:00,49.578,1.50285378222584,False
2014-02-18 10:47:00,40.516,-0.6028424849138008,False
2014-02-18 10:52:00,52.838,2.2603653504089367,False
2014-02-18 10:57:00,47.718,1.0706539304403921,False
2014-02-18 11:02:00,42.39,-0.16738951596437576,False
2014-02-18 11:07:00,51.554,1.9620080333699503,False
2014-02-18 11:12:00,47.724,1.0720481235106663,False
2014-02-18 11:17:00,43.802,0.16071058657382434,False
2014-02-18 11:22:00,49.43,1.4684636864923735,False
2014-02-18 11:27:00,40.938,-0.5047842389710799,False
2014-02-18 11:32:00,53.17,2.337510700297522,False
2014-02-18 11:37:00,45.6,0.5785037766330912,False
2014-02-18 11:42:00,43.428,0.07380588519330898,False
2014-02-18 11:47:00,49.46,1.475434651843752,False
2014-02-18 11:52:00,44.29600000000001,0.27549914935985353,False
2014-02-18 11:57:00,45.774,0.6189353756710846,False
2014-02-18 12:02:00,49.174,1.4089781154939462,False
2014-02-18 12:07:00,48.61,1.2779239668880362,False
2014-02-18 12:12:00,45.244,0.4957816544634029,False
2014-02-18 12:17:00,46.456,0.7774086546590827,False
2014-02-18 12:22:00,40.706,-0.5586930376884045,False
2014-02-18 12:27:00,52.212,2.1149045400768456,False
2014-02-18 12:32:00,44.36600000000001,0.29176473517973606,False
2014-02-18 12:37:00,43.45,0.07891792645098762,False
2014-02-18 12:42:00,47.7,1.0664713512295652,False
2014-02-18 12:47:00,40.784,-0.5405685277748221,False
2014-02-18 12:52:00,53.286,2.3644650996561847,False
2014-02-18 12:57:00,46.558,0.8011099368537679,False
2014-02-18 13:02:00,44.118,0.23413808827500857,False
2014-02-18 13:07:00,51.032,1.8407132362559684,False
2014-02-18 13:12:00,41.456,-0.3844189039039496,False
2014-02-18 13:17:00,51.996,2.064713589546922,False
2014-02-18 13:22:00,46.738,0.842935728962037,False
2014-02-18 13:27:00,42.608,-0.11673383441102839,False
2014-02-18 13:32:00,48.944,1.3555340478000475,False
2014-02-18 13:37:00,46.786,0.8540892735242425,False
2014-02-18 13:42:00,44.93,0.4228188837856445,False
2014-02-18 13:47:00,47.816,1.0934257505882274,False
2014-02-18 13:52:00,40.826,-0.5308091762828923,False
2014-02-18 13:57:00,53.992,2.528515150925284,False
2014-02-18 14:02:00,47.536,1.0283634073086974,False
2014-02-18 14:07:00,44.554,0.33544945138170496,False
2014-02-18 14:12:00,49.82,1.5590862360602902,False
2014-02-18 14:17:00,45.56399999999999,0.5701386182114354,False
2014-02-18 14:22:00,43.894,0.18208821365138386,False
2014-02-18 14:27:00,49.31,1.4405798250868613,False
2014-02-18 14:32:00,41.492,-0.37605374548229714,False
2014-02-18 14:37:00,51.924,2.0479832727036142,False
2014-02-18 14:42:00,46.886,0.8773258246955035,False
2014-02-18 14:47:00,42.536,-0.13346415125433503,False
2014-02-18 14:52:00,50.32,1.6752689919165935,False
2014-02-18 14:57:00,48.77,1.3151024487620542,False
2014-02-18 15:02:00,43.142,0.007349348843504873,False
2014-02-18 15:07:00,51.598,1.9722321158853042,False
2014-02-18 15:12:00,46.558,0.8011099368537679,False
2014-02-18 15:17:00,45.428,0.5385369086185219,False
2014-02-18 15:22:00,47.688,1.0636829650890138,False
2014-02-18 15:27:00,40.958,-0.5001369287368287,False
2014-02-18 15:32:00,52.324,2.1409294773886565,False
2014-02-18 15:37:00,45.892,0.6463545060531727,False
2014-02-18 15:42:00,43.304,0.044992561740946894,False
2014-02-18 15:47:00,47.738,1.0753012406746434,False
2014-02-18 15:52:00,46.214,0.721176200824631,False
2014-02-18 15:57:00,47.74,1.0757659716980692,False
2014-02-18 16:02:00,48.722,1.3039489041998487,False
2014-02-18 16:07:00,43.78,0.15559854531614736,False
2014-02-18 16:12:00,52.348,2.146506249669759,False
2014-02-18 16:17:00,46.078,0.6895744912317174,False
2014-02-18 16:22:00,41.848,-0.2933316233126088,False
2014-02-18 16:27:00,50.206,1.648779323581357,False
2014-02-18 16:32:00,46.502,0.7880974681978624,False
2014-02-18 16:37:00,44.342,0.28618796289863163,False
2014-02-18 16:42:00,50.11,1.626472234456946,False
2014-02-18 16:47:00,40.634,-0.5754233545317128,False
2014-02-18 16:52:00,52.112,2.0916679889055847,False
2014-02-18 16:57:00,46.76,0.8480477702197139,False
2014-02-18 17:02:00,42.982,-0.02982913303051302,False
2014-02-18 17:07:00,51.596,1.9717673848618784,False
2014-02-18 17:12:00,46.996,0.90288603098389,False
2014-02-18 17:17:00,44.718,0.37355739530257276,False
2014-02-18 17:22:00,47.81,1.0920315575179518,False
2014-02-18 17:27:00,40.868,-0.5210498247909624,False
2014-02-18 17:32:00,52.676,2.2227221375114947,False
2014-02-18 17:37:00,47.348,0.9846786911067267,False
2014-02-18 17:42:00,43.806,0.16164004862067427,False
2014-02-18 17:47:00,49.226000000000006,1.4210611221030034,False
2014-02-18 17:52:00,41.83,-0.2975142025234359,False
2014-02-18 17:57:00,54.036,2.5387392334406393,False
2014-02-18 18:02:00,46.524,0.7932095094555395,False
2014-02-18 18:07:00,43.146,0.008278810890354784,False
2014-02-18 18:12:00,52.81,2.253859116080984,False
2014-02-18 18:17:00,46.426,0.7704376893077043,False
2014-02-18 18:22:00,43.074,-0.008451505952953516,False
2014-02-18 18:27:00,49.43600000000001,1.469857879562651,False
2014-02-18 18:32:00,45.728,0.6082465621323049,False
2014-02-18 18:37:00,44.284,0.2727107632193005,False
2014-02-18 18:42:00,48.372,1.222620975100436,False
2014-02-18 18:47:00,39.93,-0.7390086747773879,False
2014-02-18 18:52:00,52.846,2.2622242745026364,False
2014-02-18 18:57:00,47.794,1.0883137093305488,False
2014-02-18 19:02:00,43.076,-0.007986774929527735,False
2014-02-18 19:07:00,50.728,1.7700741206953372,False
2014-02-18 19:12:00,41.032,-0.48294188087009626,False
2014-02-18 19:17:00,52.602,2.2055270896447605,False
2014-02-18 19:22:00,48.474,1.2463222572951211,False
2014-02-18 19:27:00,41.44600000000001,-0.3867425590210736,False
2014-02-18 19:32:00,49.29600000000001,1.437326707922886,False
2014-02-18 19:37:00,45.648,0.5896573211952967,False
2014-02-18 19:42:00,45.892,0.6463545060531727,False
2014-02-18 19:47:00,47.348,0.9846786911067267,False
2014-02-18 19:52:00,40.56,-0.5926184023984452,False
2014-02-18 19:57:00,55.846,2.959320809640456,False
2014-02-18 20:02:00,45.04600000000001,0.44977328314430837,False
2014-02-18 20:07:00,45.37600000000001,0.5264539020094697,False
2014-02-18 20:12:00,48.934,1.3532103926829202,False
2014-02-18 20:17:00,46.854,0.8698901283206992,False
2014-02-18 20:22:00,45.986,0.6681968641541562,False
2014-02-18 20:27:00,47.184,0.9465707471858589,False
2014-02-18 20:32:00,40.78,-0.5414979898216721,False
2014-02-18 20:37:00,50.834,1.7947048649368738,False
2014-02-18 20:42:00,46.16,0.7086284631921497,False
2014-02-18 20:47:00,43.058,-0.01216935414035481,False
2014-02-18 20:52:00,49.43600000000001,1.469857879562651,False
2014-02-18 20:57:00,49.672,1.5246961403268238,False
2014-02-18 21:02:00,44.788,0.38982298112245367,False
2014-02-18 21:07:00,48.662,1.2900069734970916,False
2014-02-18 21:12:00,40.274,-0.659074938748251,False
2014-02-18 21:17:00,53.146,2.3319339280164195,False
2014-02-18 21:22:00,45.68,0.5970930175700994,False
2014-02-18 21:27:00,43.216,0.024544396710237303,False
2014-02-18 21:32:00,49.484,1.4810114241248549,False
2014-02-18 21:37:00,40.052,-0.7106600823484499,False
2014-02-18 21:42:00,52.746,2.2389877233313773,False
2014-02-18 21:47:00,44.606,0.34753245799076043,False
2014-02-18 21:52:00,42.676,-0.10093297961457,False
2014-02-18 21:57:00,51.432,1.9336594409410124,False
2014-02-18 22:02:00,46.31399999999999,0.7444127519958903,False
2014-02-18 22:07:00,45.756,0.6147527964602575,False
2014-02-18 22:12:00,47.112,0.9298404303425523,False
2014-02-18 22:17:00,40.54,-0.597265712632698,False
2014-02-18 22:22:00,51.922,2.0475185416801884,False
2014-02-18 22:27:00,45.362,0.5232007848454909,False
2014-02-18 22:32:00,43.334,0.05196352709232535,False
2014-02-18 22:37:00,48.122,1.1645295971722844,False
2014-02-18 22:42:00,41.288,-0.423456309871669,False
2014-02-18 22:47:00,51.914,2.0456596175864883,False
2014-02-18 22:52:00,46.76,0.8480477702197139,False
2014-02-18 22:57:00,44.482,0.3187191345383967,False
2014-02-18 23:02:00,49.664,1.5228372162331238,False
2014-02-18 23:07:00,48.362,1.2202973199833103,False
2014-02-18 23:12:00,45.024,0.44466124188662975,False
2014-02-18 23:17:00,46.972,0.8973092587027872,False
2014-02-18 23:22:00,40.502,-0.6060956020777764,False
2014-02-18 23:27:00,53.24800000000001,2.355635210211108,False
2014-02-18 23:32:00,45.892,0.6463545060531727,False
2014-02-18 23:37:00,44.042,0.21647830938485035,False
2014-02-18 23:42:00,49.21,1.4173432739156004,False
2014-02-18 23:47:00,46.572,0.804363054017745,False
2014-02-18 23:52:00,44.858,0.4060885669423362,False
2014-02-18 23:57:00,48.15600000000001,1.172430024570516,False
2014-02-19 00:02:00,41.878,-0.2863606579612304,False
2014-02-19 00:07:00,53.092,2.319386190383938,False
2014-02-19 00:12:00,50.015,1.6043975108442485,False
2014-02-19 00:17:00,54.6033,2.6705601882352,False
2014-02-19 00:22:00,62.056,4.402310637375742,True
2014-02-19 00:27:00,42.08600000000001,-0.2380286315250053,False
2014-02-19 00:32:00,50.822,1.7919164787963224,False
2014-02-19 00:37:00,44.53,0.3298726791006022,False
2014-02-19 00:42:00,44.132,0.2373912054389841,False
2014-02-19 00:47:00,47.184,0.9465707471858589,False
2014-02-19 00:52:00,39.86,-0.7552742605972704,False
2014-02-19 00:57:00,54.058,2.543851274698316,False
2014-02-19 01:02:00,45.508,0.5571261495555317,False
2014-02-19 01:07:00,43.874,0.17744090341713264,False
2014-02-19 01:12:00,47.536,1.0283634073086974,False
2014-02-19 01:17:00,39.394,-0.8635565890553453,False
2014-02-19 01:22:00,50.916,1.813758836897306,False
2014-02-19 01:27:00,44.32,0.28107592164095463,False
2014-02-19 01:32:00,41.18,-0.4485517851366298,False
2014-02-19 01:37:00,49.22,1.419666929032726,False
2014-02-19 01:42:00,43.572,0.10726651887992558,False
2014-02-19 01:47:00,43.714,0.14026242154311475,False
2014-02-19 01:52:00,46.972,0.8973092587027872,False
2014-02-19 01:57:00,41.55,-0.362576545802966,False
2014-02-19 02:02:00,52.422,2.1637012975364915,False
2014-02-19 02:07:00,45.312,0.5115825092598596,False
2014-02-19 02:12:00,43.76,0.1509512350818945,False
2014-02-19 02:17:00,47.652,1.0553178066673596,False
2014-02-19 02:22:00,40.092,-0.7013654618799459,False
2014-02-19 02:27:00,50.51,1.7194184391419882,False
2014-02-19 02:32:00,46.526,0.7936742404789653,False
2014-02-19 02:37:00,40.884,-0.5173319766035611,False
2014-02-19 02:42:00,51.378,1.921111703308531,False
2014-02-19 02:47:00,44.24800000000001,0.2643456047976497,False
2014-02-19 02:52:00,42.934,-0.04098267759271855,False
2014-02-19 02:57:00,48.29600000000001,1.2049611962102793,False
2014-02-19 03:02:00,45.774,0.6189353756710846,False
2014-02-19 03:07:00,46.88,0.8759316316252277,False
2014-02-19 03:12:00,46.65,0.8224875639313273,False
2014-02-19 03:17:00,40.044,-0.7125190064421514,False
2014-02-19 03:22:00,50.54,1.7263894044933665,False
2014-02-19 03:27:00,45.258,0.4990347716273801,False
2014-02-19 03:32:00,43.09,-0.004733657765550571,False
2014-02-19 03:37:00,46.62,0.8155165985799488,False
2014-02-19 03:42:00,42.934,-0.04098267759271855,False
2014-02-19 03:47:00,51.706,1.9973275911502666,False
2014-02-19 03:52:00,44.20399999999999,0.25412152228229073,False
2014-02-19 03:57:00,44.624,0.3517150372015875,False
2014-02-19 04:02:00,48.944,1.3555340478000475,False
2014-02-19 04:07:00,42.09,-0.23709916947815704,False
2014-02-19 04:12:00,50.822,1.7919164787963224,False
2014-02-19 04:17:00,46.33,0.7481306001832931,False
2014-02-19 04:22:00,41.58600000000001,-0.35421138738130853,False
2014-02-19 04:27:00,49.432,1.4689284175157993,False
2014-02-19 04:32:00,45.342,0.5185534746112381,False
2014-02-19 04:37:00,42.794,-0.0735138492324836,False
2014-02-19 04:42:00,48.194,1.1812599140155926,False
2014-02-19 04:47:00,44.808,0.3944702913567065,False
2014-02-19 04:52:00,43.968,0.19928326151811793,False
2014-02-19 04:57:00,46.702,0.8345705705403828,False
2014-02-19 05:02:00,40.952,-0.5015311218071045,False
2014-02-19 05:07:00,52.184,2.1083983057488913,False
2014-02-19 05:12:00,42.042,-0.24825271404036256,False
2014-02-19 05:17:00,40.586,-0.5865768990939183,False
2014-02-19 05:22:00,46.55,0.7992510127600664,False
2014-02-19 05:27:00,44.36600000000001,0.29176473517973606,False
2014-02-19 05:32:00,42.91,-0.04655944987382132,False
2014-02-19 05:37:00,46.01600000000001,0.675167829505538,False
2014-02-19 05:42:00,39.612,-0.8129009075019962,False
2014-02-19 05:47:00,49.648,1.5191193680457227,False
2014-02-19 05:52:00,42.95,-0.03726482940531561,False
2014-02-19 05:57:00,42.136,-0.22641035593937728,False
2014-02-19 06:02:00,48.92,1.3499572755189446,False
2014-02-19 06:07:00,45.70399999999999,0.6026697898512005,False
2014-02-19 06:12:00,42.816,-0.06840180797480495,False
2014-02-19 06:17:00,45.422,0.5371427155482462,False
2014-02-19 06:22:00,45.04600000000001,0.44977328314430837,False
2014-02-19 06:27:00,43.226000000000006,0.026868051827364556,False
2014-02-19 06:32:00,44.178,0.24808001897776383,False
2014-02-19 06:37:00,39.954,-0.7334319024962851,False
2014-02-19 06:42:00,50.374,1.6878167295490747,False
2014-02-19 06:47:00,41.854,-0.29193743024233315,False
2014-02-19 06:52:00,41.614,-0.34770515305335914,False
2014-02-19 06:57:00,47.558,1.0334754485663742,False
2014-02-19 07:02:00,44.312,0.2792169975472532,False
2014-02-19 07:07:00,45.846,0.6356656925143912,False
2014-02-19 07:12:00,44.084,0.2262376608767802,False
2014-02-19 07:17:00,39.672,-0.798958976799241,False
2014-02-19 07:22:00,49.414,1.4647458383049723,False
2014-02-19 07:27:00,42.226000000000006,-0.2054974598852419,False
2014-02-19 07:32:00,41.878,-0.2863606579612304,False
2014-02-19 07:37:00,46.738,0.842935728962037,False
2014-02-19 07:42:00,44.154,0.24250324669666273,False
2014-02-19 07:47:00,44.038,0.2155488473379988,False
2014-02-19 07:52:00,44.208,0.2550509843291423,False
2014-02-19 07:57:00,41.81800000000001,-0.300302588663984,False
2014-02-19 08:02:00,50.372,1.6873519985256489,False
2014-02-19 08:07:00,44.83600000000001,0.40097652568466247,False
2014-02-19 08:12:00,41.408,-0.39557244846615514,False
2014-02-19 08:17:00,46.62,0.8155165985799488,False
2014-02-19 08:22:00,44.144,0.24017959157953547,False
2014-02-19 08:27:00,43.92,0.1881297169559124,False
2014-02-19 08:32:00,44.83600000000001,0.40097652568466247,False
2014-02-19 08:37:00,39.812,-0.766427805159476,False
2014-02-19 08:42:00,51.012,1.8360659260217171,False
2014-02-19 08:47:00,43.262,0.03523321024901705,False
2014-02-19 08:52:00,42.474,-0.1478708129805177,False
2014-02-19 08:57:00,48.968,1.3611108200811504,False
2014-02-19 09:02:00,42.488,-0.14461769581654055,False
2014-02-19 09:07:00,42.326,-0.1822609087139826,False
2014-02-19 09:12:00,45.846,0.6356656925143912,False
2014-02-19 09:17:00,44.014,0.2099720750568977,False
2014-02-19 09:22:00,43.758,0.1504865040584704,False
2014-02-19 09:27:00,45.374,0.5259891709860424,False
2014-02-19 09:32:00,39.34,-0.8761043266878248,False
2014-02-19 09:37:00,51.142,1.8662734425443566,False
2014-02-19 09:42:00,41.01,-0.48805392212777327,False
2014-02-19 09:47:00,39.882,-0.7501622193395934,False
2014-02-19 09:52:00,48.63800000000001,1.2844302012159923,False
2014-02-19 09:57:00,45.306,0.5101883161895839,False
2014-02-19 10:02:00,41.55,-0.362576545802966,False
2014-02-19 10:07:00,47.06800000000001,0.9196163478271999,False
2014-02-19 10:12:00,43.522,0.09564824329429428,False
2014-02-19 10:17:00,43.522,0.09564824329429428,False
2014-02-19 10:22:00,45.37600000000001,0.5264539020094697,False
2014-02-19 10:27:00,39.906,-0.7445854470584906,False
2014-02-19 10:32:00,50.012,1.6037004143091107,False
2014-02-19 10:37:00,42.746,-0.08466739379468748,False
2014-02-19 10:42:00,42.112,-0.23198712822048004,False
2014-02-19 10:47:00,45.916,0.6519312783342738,False
2014-02-19 10:52:00,44.418,0.30384774178878987,False
2014-02-19 10:57:00,45.174,0.47951606864352037,False
2014-02-19 11:02:00,45.54,0.5645618459303343,False
2014-02-19 11:07:00,41.06399999999999,-0.4755061844952937,False
2014-02-19 11:12:00,49.154,1.404330805259695,False
2014-02-19 11:17:00,43.048,-0.014493009257480413,False
2014-02-19 11:22:00,40.586,-0.5865768990939183,False
2014-02-19 11:27:00,47.112,0.9298404303425523,False
2014-02-19 11:32:00,43.756,0.1500217730350446,False
2014-02-19 11:37:00,42.676,-0.10093297961457,False
2014-02-19 11:42:00,45.798,0.6245121479521873,False
2014-02-19 11:47:00,39.112,-0.9290836633582994,False
2014-02-19 11:52:00,49.164,1.4066544603768207,False
2014-02-19 11:57:00,44.788,0.38982298112245367,False
2014-02-19 12:02:00,41.572,-0.35746450454528733,False
2014-02-19 12:07:00,48.49800000000001,1.2518990295762271,False
2014-02-19 12:12:00,44.12600000000001,0.2359970123687117,False
2014-02-19 12:17:00,42.09,-0.23709916947815704,False
2014-02-19 12:22:00,46.052,0.6835329879271889,False
2014-02-19 12:27:00,43.91,0.18580606183878515,False
2014-02-19 12:32:00,43.756,0.1500217730350446,False
2014-02-19 12:37:00,44.86,0.40655329796576195,False
2014-02-19 12:42:00,39.79,-0.7715398464171529,False
2014-02-19 12:47:00,49.86,1.5683808565287942,False
2014-02-19 12:52:00,43.292,0.042204175600395515,False
2014-02-19 12:57:00,42.88,-0.05353041522519813,False
2014-02-19 13:02:00,48.63399999999999,1.2835007391691373,False
2014-02-19 13:07:00,45.798,0.6245121479521873,False
2014-02-19 13:12:00,42.23,-0.20456799783839366,False
2014-02-19 13:17:00,44.68600000000001,0.3661216989277702,False
2014-02-19 13:22:00,43.988,0.20393057175236914,False
2014-02-19 13:27:00,43.874,0.17744090341713264,False
2014-02-19 13:32:00,43.79600000000001,0.1593163935035503,False
2014-02-19 13:37:00,40.14,-0.6902119173177403,False
2014-02-19 13:42:00,49.86600000000001,1.5697750495990717,False
2014-02-19 13:47:00,42.816,-0.06840180797480495,False
2014-02-19 13:52:00,40.86,-0.5229087488846639,False
2014-02-19 13:57:00,48.31,1.208214313374255,False
2014-02-19 14:02:00,45.328,0.5153003574472625,False
2014-02-19 14:07:00,44.46,0.3136070932807197,False
2014-02-19 14:12:00,45.36600000000001,0.5241302468923426,False
2014-02-19 14:17:00,39.882,-0.7501622193395934,False
2014-02-19 14:22:00,49.76600000000001,1.5465384984278123,False
2014-02-19 14:27:00,42.49800000000001,-0.14229404069941165,False
2014-02-19 14:32:00,40.646,-0.5726349683911613,False
2014-02-19 14:37:00,48.61600000000001,1.2793181599583134,False
2014-02-19 14:42:00,44.83600000000001,0.40097652568466247,False
2014-02-19 14:47:00,42.324,-0.18272563973740835,False
2014-02-19 14:52:00,45.986,0.6681968641541562,False
2014-02-19 14:57:00,46.292,0.7393007107382149,False
2014-02-19 15:02:00,43.76600000000001,0.1523454281521735,False
2014-02-19 15:07:00,47.244,0.9605126778886158,False
2014-02-19 15:12:00,45.58600000000001,0.5752506594691174,False
2014-02-19 15:17:00,44.738,0.378204705536824,False
2014-02-19 15:22:00,45.462,0.5464373360167519,False
2014-02-19 15:27:00,44.46,0.3136070932807197,False
2014-02-19 15:32:00,43.89,0.18115875160453393,False
2014-02-19 15:37:00,44.788,0.38982298112245367,False
2014-02-19 15:42:00,39.718,-0.7882701632604595,False
2014-02-19 15:47:00,50.58600000000001,1.7370782180321496,False
2014-02-19 15:52:00,42.166,-0.21943939058800047,False
2014-02-19 15:57:00,43.262,0.03523321024901705,False
2014-02-19 16:02:00,44.29,0.2741049562895762,False
2014-02-19 16:07:00,45.986,0.6681968641541562,False
2014-02-19 16:12:00,42.21,-0.20921530807264485,False
2014-02-19 16:17:00,46.39,0.7620725308860501,False
2014-02-19 16:22:00,45.148,0.4734745653389935,False
2014-02-19 16:27:00,43.896,0.18255294467480962,False
2014-02-19 16:32:00,43.99,0.20439530277579493,False
2014-02-19 16:37:00,45.58600000000001,0.5752506594691174,False
2014-02-19 16:42:00,44.554,0.33544945138170496,False
2014-02-19 16:47:00,45.986,0.6681968641541562,False
2014-02-19 16:52:00,39.596,-0.8166187556893991,False
2014-02-19 16:57:00,50.212,1.6501735166516327,False
2014-02-19 17:02:00,44.108,0.2318144331578813,False
2014-02-19 17:07:00,41.996,-0.25894152757914235,False
2014-02-19 17:12:00,50.646,1.7510201487349033,False
2014-02-19 17:17:00,42.066,-0.2426759417592598,False
2014-02-19 17:22:00,44.484,0.31918386556182243,False
2014-02-19 17:27:00,48.508,1.254222684693351,False
2014-02-19 17:32:00,44.86,0.40655329796576195,False
2014-02-19 17:37:00,43.292,0.042204175600395515,False
2014-02-19 17:42:00,46.22,0.7225703938949066,False
2014-02-19 17:47:00,44.756,0.38238728474765105,False
2014-02-19 17:52:00,42.77,-0.0790906215135847,False
2014-02-19 17:57:00,46.69,0.8317821843998314,False
2014-02-19 18:02:00,39.342,-0.8756395956644006,False
2014-02-19 18:07:00,49.76600000000001,1.5465384984278123,False
2014-02-19 18:12:00,43.192,0.018967624429134536,False
2014-02-19 18:17:00,40.586,-0.5865768990939183,False
2014-02-19 18:22:00,46.482,0.7834501579636096,False
2014-02-19 18:27:00,43.716,0.14072715256654053,False
2014-02-19 18:32:00,42.066,-0.2426759417592598,False
2014-02-19 18:37:00,45.328,0.5153003574472625,False
2014-02-19 18:42:00,39.626,-0.8096477903380207,False
2014-02-19 18:47:00,49.178,1.409907577540796,False
2014-02-19 18:52:00,43.31,0.046386754811222584,False
2014-02-19 18:57:00,42.16,-0.22083358365827616,False
2014-02-19 19:02:00,46.666,0.8262054121187287,False
2014-02-19 19:07:00,45.528,0.5617734597897829,False
2014-02-19 19:12:00,40.376,-0.6353736565535658,False
2014-02-19 19:17:00,45.962,0.6626200918730552,False
2014-02-19 19:22:00,43.674,0.1309678010746107,False
2014-02-19 19:27:00,41.738,-0.31889182960099544,False
2014-02-19 19:32:00,44.43600000000001,0.3080303209996186,False
2014-02-19 19:37:00,44.342,0.28618796289863163,False
2014-02-19 19:42:00,42.23,-0.20456799783839366,False
2014-02-19 19:47:00,44.964,0.43071931118387285,False
2014-02-19 19:52:00,39.576,-0.8212660659236504,False
2014-02-19 19:57:00,50.63,1.747302300547502,False
2014-02-19 20:02:00,42.16,-0.22083358365827616,False
2014-02-19 20:07:00,40.282,-0.6572160146545512,False
2014-02-19 20:12:00,48.004,1.1371104667901963,False
2014-02-19 20:17:00,41.924,-0.27567184442245063,False
2014-02-19 20:22:00,41.25,-0.4322861993167473,False
2014-02-19 20:27:00,43.854,0.1727935931828798,False
2014-02-19 20:32:00,39.062,-0.9407019389439307,False
2014-02-19 20:37:00,49.028,1.3750527507839054,False
2014-02-19 20:42:00,42.078,-0.23988755561870842,False
2014-02-19 20:47:00,40.566,-0.5912242093281695,False
2014-02-19 20:52:00,46.15,0.706304808075024,False
2014-02-19 20:57:00,45.56800000000001,0.5710680802582903,False
2014-02-19 21:02:00,41.142,-0.4573816745817081,False
2014-02-19 21:07:00,46.544,0.7978568196897906,False
2014-02-19 21:12:00,38.802,-1.001116971989208,False
2014-02-19 21:17:00,48.874,1.339268461980165,False
2014-02-19 21:22:00,41.056,-0.4773651085889935,False
2014-02-19 21:27:00,40.54,-0.597265712632698,False
2014-02-19 21:32:00,46.83,0.8643133560395965,False
2014-02-19 21:37:00,41.83,-0.2975142025234359,False
2014-02-19 21:42:00,41.55,-0.362576545802966,False
2014-02-19 21:47:00,44.084,0.2262376608767802,False
2014-02-19 21:52:00,38.782,-1.005764282223461,False
2014-02-19 21:57:00,50.556,1.730107252680768,False
2014-02-19 22:02:00,41.854,-0.29193743024233315,False
2014-02-19 22:07:00,42.582,-0.12277533771555528,False
2014-02-19 22:12:00,44.7,0.3693748160917457,False
2014-02-19 22:17:00,40.188,-0.6790583727555348,False
2014-02-19 22:22:00,41.902,-0.28078388568012763,False
2014-02-19 22:27:00,44.718,0.37355739530257276,False
2014-02-19 22:32:00,38.574,-1.0540963086596826,False
2014-02-19 22:37:00,48.782,1.3178908349026037,False
2014-02-19 22:42:00,41.432,-0.3899956761850524,False
2014-02-19 22:47:00,40.366,-0.6376973116706914,False
2014-02-19 22:52:00,46.032,0.6788856776929361,False
2014-02-19 22:57:00,44.76600000000001,0.38471093986477994,False
2014-02-19 23:02:00,42.3,-0.18830241201851114,False
2014-02-19 23:07:00,46.22,0.7225703938949066,False
2014-02-19 23:12:00,38.92,-0.9736978416071199,False
2014-02-19 23:17:00,48.896,1.344380503237842,False
2014-02-19 23:22:00,42.114,-0.23152239719705592,False
2014-02-19 23:27:00,39.906,-0.7445854470584906,False
2014-02-19 23:32:00,47.324,0.9791019188256239,False
2014-02-19 23:37:00,41.332,-0.4132322273563134,False
2014-02-19 23:42:00,41.79600000000001,-0.30541462992166263,False
2014-02-19 23:47:00,44.45399999999999,0.31221290021044235,False
2014-02-19 23:52:00,38.408,-1.0926689836039745,False
2014-02-19 23:57:00,50.95399999999999,1.8225887263423843,False
2014-02-20 00:02:00,41.822,-0.2993731266171357,False
2014-02-20 00:07:00,41.68,-0.3323690292803265,False
2014-02-20 00:12:00,46.198,0.7174583526372297,False
2014-02-20 00:17:00,42.916,-0.04516525680354563,False
2014-02-20 00:22:00,41.976000000000006,-0.26358883781339354,False
2014-02-20 00:27:00,43.70399999999999,0.1379387664259875,False
2014-02-20 00:32:00,39.264,-0.893764105577983,False
2014-02-20 00:37:00,48.44,1.2384218298968928,False
2014-02-20 00:42:00,41.746,-0.31703290550729396,False
2014-02-20 00:47:00,41.924,-0.27567184442245063,False
2014-02-20 00:52:00,44.526,0.3289432170537523,False
2014-02-20 00:57:00,44.508,0.32476063784292525,False
2014-02-20 01:02:00,43.85,0.17186413113602989,False
2014-02-20 01:07:00,46.162,0.7090931942155755,False
2014-02-20 01:12:00,38.524,-1.0657145842453122,False
2014-02-20 01:17:00,46.942,0.8903382933514088,False
2014-02-20 01:22:00,43.356,0.05707556835000234,False
2014-02-20 01:27:00,41.084,-0.4708588742610392,False
2014-02-20 01:32:00,45.212,0.4883459580886003,False
2014-02-20 01:37:00,43.474,0.08449469873208874,False
2014-02-20 01:42:00,42.222,-0.20642692193209347,False
2014-02-20 01:47:00,43.92,0.1881297169559124,False
2014-02-20 01:52:00,39.672,-0.798958976799241,False
2014-02-20 01:57:00,51.292,1.9011282693012472,False
2014-02-20 02:02:00,41.432,-0.3899956761850524,False
2014-02-20 02:07:00,42.77,-0.0790906215135847,False
2014-02-20 02:12:00,45.37600000000001,0.5264539020094697,False
2014-02-20 02:17:00,42.816,-0.06840180797480495,False
2014-02-20 02:22:00,41.56800000000001,-0.3583939665921356,False
2014-02-20 02:27:00,43.802,0.16071058657382434,False
2014-02-20 02:32:00,39.53,-0.8319548794624301,False
2014-02-20 02:37:00,49.202,1.415484349821899,False
2014-02-20 02:42:00,41.784,-0.3082030160622157,False
2014-02-20 02:47:00,41.338,-0.41183803428603766,False
2014-02-20 02:52:00,45.07,0.4553500554254095,False
2014-02-20 02:57:00,44.76600000000001,0.38471093986477994,False
2014-02-20 03:02:00,43.334,0.05196352709232535,False
2014-02-20 03:07:00,43.576,0.1081959809267755,False
2014-02-20 03:12:00,40.728,-0.5535809964307274,False
2014-02-20 03:17:00,48.57,1.2686293464195322,False
2014-02-20 03:22:00,41.738,-0.31889182960099544,False
2014-02-20 03:27:00,41.338,-0.41183803428603766,False
2014-02-20 03:32:00,44.882,0.41166533922343895,False
2014-02-20 03:37:00,43.39,0.06497599574823071,False
2014-02-20 03:42:00,46.056,0.6844624499740388,False
2014-02-20 03:47:00,42.88800000000001,-0.051671491131495,False
2014-02-20 03:52:00,38.61,-1.0457311502380284,False
2014-02-20 03:57:00,48.78,1.3174261038791797,False
2014-02-20 04:02:00,43.874,0.17744090341713264,False
2014-02-20 04:07:00,43.45,0.07891792645098762,False
2014-02-20 04:12:00,45.698,0.6012755967809263,False
2014-02-20 04:17:00,42.724,-0.08977943505236612,False
2014-02-20 04:22:00,43.662,0.12817941493405932,False
2014-02-20 04:27:00,42.724,-0.08977943505236612,False
2014-02-20 04:32:00,39.788,-0.7720045774405787,False
2014-02-20 04:37:00,48.466,1.2444633332014212,False
2014-02-20 04:42:00,41.96,-0.2673066860007965,False
2014-02-20 04:47:00,41.924,-0.27567184442245063,False
2014-02-20 04:52:00,44.72,0.3740221263259969,False
2014-02-20 04:57:00,40.634,-0.5754233545317128,False
2014-02-20 05:02:00,49.154,1.404330805259695,False
2014-02-20 05:07:00,43.426,0.07334115416988486,False
2014-02-20 05:12:00,40.796,-0.5377801416342708,False
2014-02-20 05:17:00,46.97,0.8968445276793615,False
2014-02-20 05:22:00,42.7,-0.09535620733346722,False
2014-02-20 05:27:00,42.3,-0.18830241201851114,False
2014-02-20 05:32:00,45.896,0.6472839681000225,False
2014-02-20 05:37:00,39.108,-0.930013125405151,False
2014-02-20 05:42:00,48.492,1.2505048365059481,False
2014-02-20 05:47:00,42.39,-0.16738951596437576,False
2014-02-20 05:52:00,39.576,-0.8212660659236504,False
2014-02-20 05:57:00,50.51600000000001,1.7208126322122672,False
2014-02-20 06:02:00,41.31399999999999,-0.4174148065671421,False
2014-02-20 06:07:00,43.026,-0.019605050515157398,False
2014-02-20 06:12:00,44.812,0.39539975340355643,False
2014-02-20 06:17:00,38.92,-0.9736978416071199,False
2014-02-20 06:22:00,49.79,1.5521152707089119,False
2014-02-20 06:27:00,41.666,-0.3356221464443037,False
2014-02-20 06:32:00,40.586,-0.5865768990939183,False
2014-02-20 06:37:00,45.842,0.6347362304675414,False
2014-02-20 06:42:00,43.028,-0.019140319491733268,False
2014-02-20 06:47:00,42.442,-0.1553065093553203,False
2014-02-20 06:52:00,44.226000000000006,0.259233563539971,False
2014-02-20 06:57:00,41.408,-0.39557244846615514,False
2014-02-20 07:02:00,49.084,1.3880652194398124,False
2014-02-20 07:07:00,43.334,0.05196352709232535,False
2014-02-20 07:12:00,40.278,-0.658145476701401,False
2014-02-20 07:17:00,44.694,0.36798062302147,False
2014-02-20 07:22:00,43.404,0.06822911291220787,False
2014-02-20 07:27:00,42.206,-0.21014477011949476,False
2014-02-20 07:32:00,43.756,0.1500217730350446,False
2014-02-20 07:37:00,39.226,-0.9025939950230629,False
2014-02-20 07:42:00,49.6,1.5079658234835172,False
2014-02-20 07:47:00,41.01,-0.48805392212777327,False
2014-02-20 07:52:00,40.492,-0.6084192571949035,False
2014-02-20 07:57:00,48.428,1.2356334437563412,False
2014-02-20 08:02:00,42.91,-0.04655944987382132,False
2014-02-20 08:07:00,43.45,0.07891792645098762,False
2014-02-20 08:12:00,44.062,0.22112561961910157,False
2014-02-20 08:17:00,39.012,-0.9523202145295604,False
2014-02-20 08:22:00,47.958,1.1264216532514166,False
2014-02-20 08:27:00,41.91,-0.27892496158642777,False
2014-02-20 08:32:00,38.85,-0.9899634274270025,False
2014-02-20 08:37:00,49.434,1.4693931485392235,False
2014-02-20 08:42:00,42.042,-0.24825271404036256,False
2014-02-20 08:47:00,41.104,-0.466211564026788,False
2014-02-20 08:52:00,44.722,0.3744868573494227,False
2014-02-20 08:57:00,40.54,-0.597265712632698,False
2014-02-20 09:02:00,47.184,0.9465707471858589,False
2014-02-20 09:07:00,45.024,0.44466124188662975,False
2014-02-20 09:12:00,40.354,-0.6404856978112429,False
2014-02-20 09:17:00,46.29600000000001,0.7402301727850664,False
2014-02-20 09:22:00,43.592,0.11191382911417679,False
2014-02-20 09:27:00,42.256,-0.19852649453386512,False
2014-02-20 09:32:00,42.63800000000001,-0.10976286905964662,False
2014-02-20 09:37:00,40.704,-0.5591577687118302,False
2014-02-20 09:42:00,46.408,0.7662551100968772,False
2014-02-20 09:47:00,42.184,-0.2152568113771734,False
2014-02-20 09:52:00,39.554,-0.8263781071813273,False
2014-02-20 09:57:00,50.828,1.793310671866598,False
2014-02-20 10:02:00,41.268,-0.4281036201059202,False
2014-02-20 10:07:00,43.216,0.024544396710237303,False
2014-02-20 10:12:00,45.61,0.5808274317502168,False
2014-02-20 10:17:00,42.69600000000001,-0.09628566938031548,False
2014-02-20 10:22:00,42.746,-0.08466739379468748,False
2014-02-20 10:27:00,42.99800000000001,-0.026111284843108425,False
2014-02-20 10:32:00,38.874,-0.9843866551458997,False
2014-02-20 10:37:00,48.662,1.2900069734970916,False
2014-02-20 10:42:00,41.378,-0.4025434138175336,False
2014-02-20 10:47:00,40.814,-0.5335975624234437,False
2014-02-20 10:52:00,45.37600000000001,0.5264539020094697,False
2014-02-20 10:57:00,45.164,0.4771924135263948,False
2014-02-20 11:02:00,43.508,0.09239512613031876,False
2014-02-20 11:07:00,45.004,0.4400139316523769,False
2014-02-20 11:12:00,38.356,-1.10475199021303,False
2014-02-20 11:17:00,48.968,1.3611108200811504,False
2014-02-20 11:22:00,41.456,-0.3844189039039496,False
2014-02-20 11:27:00,40.758,-0.546610031079349,False
2014-02-20 11:32:00,45.68,0.5970930175700994,False
2014-02-20 11:37:00,42.864,-0.05724826341260107,False
2014-02-20 11:42:00,43.396,0.0663701888185064,False
2014-02-20 11:47:00,42.56399999999999,-0.126957916926384,False
2014-02-20 11:52:00,40.234,-0.668369559216755,False
2014-02-20 11:57:00,50.932,1.817476685084709,False
2014-02-20 12:02:00,41.374,-0.4034728758643835,False
2014-02-20 12:07:00,42.354,-0.1757546743860299,False
2014-02-20 12:12:00,45.532,0.5627029218366328,False
2014-02-20 12:17:00,42.952,-0.03680009838189148,False
2014-02-20 12:22:00,42.008,-0.2561531414385909,False
2014-02-20 12:27:00,44.022,0.2118309991505975,False
2014-02-20 12:32:00,38.756,-1.0118057855279878,False
2014-02-20 12:37:00,48.31,1.208214313374255,False
2014-02-20 12:42:00,41.502,-0.37373009036516985,False
2014-02-20 12:47:00,40.732,-0.5526515343838776,False
2014-02-20 12:52:00,44.93,0.4228188837856445,False
2014-02-20 12:57:00,44.816,0.396329215450408,False
2014-02-20 13:02:00,44.202,0.2536567912588666,False
2014-02-20 13:07:00,44.45,0.3112834381635941,False
2014-02-20 13:12:00,39.152,-0.9197890428897953,False
2014-02-20 13:17:00,48.124,1.16499432819571,False
2014-02-20 13:22:00,41.416,-0.3937135243724553,False
2014-02-20 13:27:00,41.362,-0.4062612620049349,False
2014-02-20 13:32:00,45.37600000000001,0.5264539020094697,False
2014-02-20 13:37:00,39.118,-0.9276894702880237,False
2014-02-20 13:42:00,48.708,1.3006957870358713,False
2014-02-20 13:47:00,41.55,-0.362576545802966,False
2014-02-20 13:52:00,39.878,-0.7510916813864433,False
2014-02-20 13:57:00,47.782,1.0855253231899973,False
2014-02-20 14:02:00,43.382,0.06311707165452923,False
2014-02-20 14:07:00,43.192,0.018967624429134536,False
2014-02-20 14:12:00,44.226000000000006,0.259233563539971,False
2014-02-20 14:17:00,44.136,0.23832066748583564,False
2014-02-20 14:22:00,43.382,0.06311707165452923,False
2014-02-20 14:27:00,41.914,-0.27799549953957625,False
2014-02-20 14:32:00,39.8,-0.7692161913000273,False
2014-02-20 14:37:00,49.514,1.4879823894762332,False
2014-02-20 14:42:00,41.83,-0.2975142025234359,False
2014-02-20 14:47:00,41.48,-0.3788421316228485,False
2014-02-20 14:52:00,44.578,0.34102622366280777,False
2014-02-20 14:57:00,41.122,-0.46202898481596094,False
2014-02-20 15:02:00,49.018,1.37272909566678,False
2014-02-20 15:07:00,43.756,0.1500217730350446,False
2014-02-20 15:12:00,40.57,-0.5902947472813196,False
2014-02-20 15:17:00,45.63399999999999,0.5864042040313179,False
2014-02-20 15:22:00,43.49800000000001,0.0900714710131948,False
2014-02-20 15:27:00,42.222,-0.20642692193209347,False
2014-02-20 15:32:00,45.164,0.4771924135263948,False
2014-02-20 15:37:00,38.662,-1.033648143628973,False
2014-02-20 15:42:00,48.8,1.322073414113431,False
2014-02-20 15:47:00,41.74800000000001,-0.3165681744838665,False
2014-02-20 15:52:00,39.93,-0.7390086747773879,False
2014-02-20 15:57:00,47.84,1.09900252286933,False
2014-02-20 16:02:00,43.304,0.044992561740946894,False
2014-02-20 16:07:00,44.014,0.2099720750568977,False
2014-02-20 16:12:00,43.746,0.14769811791791898,False
2014-02-20 16:17:00,38.27,-1.1247354242203138,False
2014-02-20 16:22:00,48.968,1.3611108200811504,False
2014-02-20 16:27:00,41.31399999999999,-0.4174148065671421,False
2014-02-20 16:32:00,40.752,-0.5480042241496247,False
2014-02-20 16:37:00,45.492,0.5534083013681288,False
2014-02-20 16:42:00,42.724,-0.08977943505236612,False
2014-02-20 16:47:00,41.502,-0.37373009036516985,False
2014-02-20 16:52:00,44.36600000000001,0.29176473517973606,False
2014-02-20 16:57:00,40.292,-0.6548923595374239,False
2014-02-20 17:02:00,48.45,1.24074548501402,False
2014-02-20 17:07:00,43.06800000000001,-0.009845699023225905,False
2014-02-20 17:12:00,40.54,-0.597265712632698,False
2014-02-20 17:17:00,46.118,0.6988691117002215,False
2014-02-20 17:22:00,42.676,-0.10093297961457,False
2014-02-20 17:27:00,41.852,-0.2924021612657589,False
2014-02-20 17:32:00,42.84,-0.0628250356937022,False
2014-02-20 17:37:00,41.738,-0.31889182960099544,False
2014-02-20 17:42:00,43.24,0.03012116899134007,False
2014-02-20 17:47:00,43.968,0.19928326151811793,False
2014-02-20 17:52:00,38.944,-0.9681210693260172,False
2014-02-20 17:57:00,51.056,1.846290008537071,False
2014-02-20 18:02:00,41.854,-0.29193743024233315,False
2014-02-20 18:07:00,42.7,-0.09535620733346722,False
2014-02-20 18:12:00,45.37600000000001,0.5264539020094697,False
2014-02-20 18:17:00,43.118,0.0017725765624021063,False
2014-02-20 18:22:00,42.746,-0.08466739379468748,False
2014-02-20 18:27:00,43.24,0.03012116899134007,False
2014-02-20 18:32:00,39.778,-0.7743282325577043,False
2014-02-20 18:37:00,49.152,1.4038660742362692,False
2014-02-20 18:42:00,41.03,-0.4834066118935204,False
2014-02-20 18:47:00,40.664,-0.5684523891803344,False
2014-02-20 18:52:00,44.484,0.31918386556182243,False
2014-02-20 18:57:00,45.282,0.5046115439084812,False
2014-02-20 19:02:00,42.816,-0.06840180797480495,False
2014-02-20 19:07:00,47.228,0.9567948297012145,False
2014-02-20 19:12:00,42.712,-0.09256782119291584,False
2014-02-20 19:17:00,42.96,-0.034941174288190005,False
2014-02-20 19:22:00,43.1,-0.0024100026484249687,False
2014-02-20 19:27:00,38.802,-1.001116971989208,False
2014-02-20 19:32:00,49.428,1.4679989554689479,False
2014-02-20 19:37:00,41.69,-0.33004537416320096,False
2014-02-20 19:42:00,40.536,-0.598195174679548,False
2014-02-20 19:47:00,45.328,0.5153003574472625,False
2014-02-20 19:52:00,43.522,0.09564824329429428,False
2014-02-20 19:57:00,44.176,0.2476152879543397,False
2014-02-20 20:02:00,43.78,0.15559854531614736,False
2014-02-20 20:07:00,40.352,-0.6409504288346686,False
2014-02-20 20:12:00,47.018,0.907998072241567,False
2014-02-20 20:17:00,43.004,-0.024717091772836035,False
2014-02-20 20:22:00,41.066,-0.47504145347186627,False
2014-02-20 20:27:00,44.554,0.33544945138170496,False
2014-02-20 20:32:00,43.284,0.04034525150669404,False
2014-02-20 20:37:00,42.12,-0.23012820412678023,False
2014-02-20 20:42:00,43.524,0.09611297431772005,False
2014-02-20 20:47:00,38.896,-0.9792746138882227,False
2014-02-20 20:52:00,48.826,1.3281149174179594,False
2014-02-20 20:57:00,42.994,-0.027040746889961637,False
2014-02-20 21:02:00,40.162,-0.6850998760600633,False
2014-02-20 21:07:00,47.048,0.9149690375929455,False
2014-02-20 21:12:00,43.052,-0.013563547210630501,False
2014-02-20 21:17:00,41.738,-0.31889182960099544,False
2014-02-20 21:22:00,43.944,0.19370648923701517,False
2014-02-20 21:27:00,39.66,-0.8017473629397923,False
2014-02-20 21:32:00,48.028,1.142687239071299,False
2014-02-20 21:37:00,42.12600000000001,-0.22873401105650124,False
2014-02-20 21:42:00,39.806,-0.7678219982297516,False
2014-02-20 21:47:00,46.01,0.673773636435259,False
2014-02-20 21:52:00,43.732,0.14444500075394182,False
2014-02-20 21:57:00,44.672,0.3628685817637914,False
2014-02-20 22:02:00,43.968,0.19928326151811793,False
2014-02-20 22:07:00,40.61,-0.5810001268128155,False
2014-02-20 22:12:00,47.582,1.039052220847477,False
2014-02-20 22:17:00,43.826,0.16628735885492713,False
2014-02-20 22:22:00,39.178,-0.9137475395852684,False
2014-02-20 22:27:00,47.606,1.04462899312858,False
2014-02-20 22:32:00,44.026,0.21276046119744907,False
2014-02-20 22:37:00,42.13800000000001,-0.22594562491594986,False
2014-02-20 22:42:00,43.09,-0.004733657765550571,False
2014-02-20 22:47:00,39.554,-0.8263781071813273,False
2014-02-20 22:52:00,47.558,1.0334754485663742,False
2014-02-20 22:57:00,45.094,0.4609268277065123,False
2014-02-20 23:02:00,43.11600000000001,0.0013078455389779764,False
2014-02-20 23:07:00,45.4,0.5320306742905693,False
2014-02-20 23:12:00,39.882,-0.7501622193395934,False
2014-02-20 23:17:00,45.986,0.6681968641541562,False
2014-02-20 23:22:00,43.892,0.18162348262795971,False
2014-02-20 23:27:00,43.43,0.07427061621673477,False
2014-02-20 23:32:00,42.594,-0.1199869515750039,False
2014-02-20 23:37:00,40.282,-0.6572160146545512,False
2014-02-20 23:42:00,45.038,0.4479143590506053,False
2014-02-20 23:47:00,42.794,-0.0735138492324836,False
2014-02-20 23:52:00,44.294,0.2750344183364261,False
2014-02-20 23:57:00,43.806,0.16164004862067427,False
2014-02-21 00:02:00,41.08,-0.47178833630789074,False
2014-02-21 00:07:00,46.486,0.7843796200104595,False
2014-02-21 00:12:00,39.108,-0.930013125405151,False
2014-02-21 00:17:00,49.694,1.5298081815845024,False
2014-02-21 00:22:00,42.37,-0.17203682619862862,False
2014-02-21 00:27:00,41.33600000000001,-0.41230276530946014,False
2014-02-21 00:32:00,44.58600000000001,0.34288514775651086,False
2014-02-21 00:37:00,38.708,-1.0229593300901934,False
2014-02-21 00:42:00,49.062,1.3829531781821338,False
2014-02-21 00:47:00,41.008,-0.4885186531511974,False
2014-02-21 00:52:00,42.348,-0.1771488674563056,False
2014-02-21 00:57:00,45.306,0.5101883161895839,False
2014-02-21 01:02:00,40.184,-0.6799878348023863,False
2014-02-21 01:07:00,48.668,1.2914011665673673,False
2014-02-21 01:12:00,42.558,-0.12835210999665805,False
2014-02-21 01:17:00,43.24,0.03012116899134007,False
2014-02-21 01:22:00,42.394,-0.16646005391752586,False
2014-02-21 01:27:00,40.14,-0.6902119173177403,False
2014-02-21 01:32:00,45.916,0.6519312783342738,False
2014-02-21 01:37:00,42.392,-0.16692478494094998,False
2014-02-21 01:42:00,43.592,0.11191382911417679,False
2014-02-21 01:47:00,42.63,-0.11162179315334975,False
2014-02-21 01:52:00,40.42,-0.6251495740382103,False
2014-02-21 01:57:00,47.536,1.0283634073086974,False
2014-02-21 02:02:00,43.428,0.07380588519330898,False
2014-02-21 02:07:00,46.22,0.7225703938949066,False
2014-02-21 02:12:00,41.666,-0.3356221464443037,False
2014-02-21 02:17:00,41.754,-0.3151739814135941,False
2014-02-21 02:22:00,46.902,0.8810436728829047,False
2014-02-21 02:27:00,43.216,0.024544396710237303,False
2014-02-21 02:32:00,44.29600000000001,0.27549914935985353,False
2014-02-21 02:37:00,42.63,-0.11162179315334975,False
2014-02-21 02:42:00,41.83,-0.2975142025234359,False
2014-02-21 02:47:00,44.788,0.38982298112245367,False
2014-02-21 02:52:00,38.958,-0.9648679521620417,False
2014-02-21 02:57:00,51.83,2.0261409146026286,False
2014-02-21 03:02:00,41.9,-0.2812486167035534,False
2014-02-21 03:07:00,44.58,0.34149095468623186,False
2014-02-21 03:12:00,44.86,0.40655329796576195,False
2014-02-21 03:17:00,38.662,-1.033648143628973,False
2014-02-21 03:22:00,48.708,1.3006957870358713,False
2014-02-21 03:27:00,41.714,-0.3244686018820982,False
2014-02-21 03:32:00,42.184,-0.2152568113771734,False
2014-02-21 03:37:00,43.708,0.13886822847283906,False
2014-02-21 03:42:00,41.12600000000001,-0.4610995227691077,False
2014-02-21 03:47:00,47.394,0.9953675046455065,False
2014-02-21 03:52:00,42.784,-0.07583750434960919,False
2014-02-21 03:57:00,45.164,0.4771924135263948,False
2014-02-21 04:02:00,43.68600000000001,0.13375618721516372,False
2014-02-21 04:07:00,41.31399999999999,-0.4174148065671421,False
2014-02-21 04:12:00,47.93600000000001,1.1213096119937411,False
2014-02-21 04:17:00,42.856,-0.059107187506300896,False
2014-02-21 04:22:00,43.56800000000001,0.10633705683307733,False
2014-02-21 04:27:00,43.24800000000001,0.03198009308504319,False
2014-02-21 04:32:00,40.508,-0.6047014090075007,False
2014-02-21 04:37:00,47.464,1.011633090465389,False
2014-02-21 04:42:00,42.972,-0.032152788147638625,False
2014-02-21 04:47:00,42.092,-0.23663443845473292,False
2014-02-21 04:52:00,43.474,0.08449469873208874,False
2014-02-21 04:57:00,41.576,-0.3565350424984374,False
2014-02-21 05:02:00,50.178,1.6422730892534025,False
2014-02-21 05:07:00,42.574,-0.12463426180925676,False
2014-02-21 05:12:00,42.21,-0.20921530807264485,False
2014-02-21 05:17:00,43.972,0.20021272356496783,False
2014-02-21 05:22:00,38.708,-1.0229593300901934,False
2014-02-21 05:27:00,48.56800000000001,1.2681646153961097,False
2014-02-21 05:32:00,41.988,-0.26080045167284377,False
2014-02-21 05:37:00,42.84,-0.0628250356937022,False
2014-02-21 05:42:00,44.762,0.38378147781792676,False
2014-02-21 05:47:00,39.47,-0.845896810165187,False
2014-02-21 05:52:00,47.042,0.9135748445226698,False
2014-02-21 05:57:00,45.4,0.5320306742905693,False
2014-02-21 06:02:00,43.31,0.046386754811222584,False
2014-02-21 06:07:00,45.294,0.5073999300490326,False
2014-02-21 06:12:00,40.338,-0.6442035459986442,False
2014-02-21 06:17:00,47.676,1.0608945789484623,False
2014-02-21 06:22:00,44.272,0.2699223770787491,False
2014-02-21 06:27:00,43.752,0.1490923109881947,False
2014-02-21 06:32:00,43.118,0.0017725765624021063,False
2014-02-21 06:37:00,39.76,-0.7785108117685313,False
2014-02-21 06:42:00,47.418,1.0009442769266093,False
2014-02-21 06:47:00,43.334,0.05196352709232535,False
2014-02-21 06:52:00,42.84,-0.0628250356937022,False
2014-02-21 06:57:00,44.882,0.41166533922343895,False
2014-02-21 07:02:00,39.022,-0.9499965594124348,False
2014-02-21 07:07:00,48.756,1.3118493315980768,False
2014-02-21 07:12:00,42.816,-0.06840180797480495,False
2014-02-21 07:17:00,42.464,-0.15019446809764334,False
2014-02-21 07:22:00,44.014,0.2099720750568977,False
2014-02-21 07:27:00,43.846,0.17093466908917831,False
2014-02-21 07:32:00,42.49,-0.1441529647931148,False
2014-02-21 07:37:00,42.272,-0.1948086463464638,False
2014-02-21 07:42:00,39.486,-0.8421789619777857,False
2014-02-21 07:47:00,46.408,0.7662551100968772,False
2014-02-21 07:52:00,43.802,0.16071058657382434,False
2014-02-21 07:57:00,43.802,0.16071058657382434,False
2014-02-21 08:02:00,44.178,0.24808001897776383,False
2014-02-21 08:07:00,40.68,-0.564734540992933,False
2014-02-21 08:12:00,49.108,1.3936419917209137,False
2014-02-21 08:17:00,41.666,-0.3356221464443037,False
2014-02-21 08:22:00,43.146,0.008278810890354784,False
2014-02-21 08:27:00,43.702,0.13747403540256337,False
2014-02-21 08:32:00,38.826,-0.9955401997081053,False
2014-02-21 08:37:00,48.38,1.2244798991941375,False
2014-02-21 08:42:00,41.714,-0.3244686018820982,False
2014-02-21 08:47:00,41.712,-0.3249333329055223,False
2014-02-21 08:52:00,45.118,0.46650359998761504,False
2014-02-21 08:57:00,40.936,-0.5052489699945057,False
2014-02-21 09:02:00,49.06800000000001,1.3843473712524128,False
2014-02-21 09:07:00,43.286,0.04080998253011982,False
2014-02-21 09:12:00,42.3,-0.18830241201851114,False
2014-02-21 09:17:00,44.342,0.28618796289863163,False
2014-02-21 09:22:00,38.92,-0.9736978416071199,False
2014-02-21 09:27:00,49.952,1.5897584836063539,False
2014-02-21 09:32:00,42.042,-0.24825271404036256,False
2014-02-21 09:37:00,40.798,-0.537315410610845,False
2014-02-21 09:42:00,44.554,0.33544945138170496,False
2014-02-21 09:47:00,38.902,-0.977880420817947,False
2014-02-21 09:52:00,48.63800000000001,1.2844302012159923,False
2014-02-21 09:57:00,43.49800000000001,0.0900714710131948,False
2014-02-21 10:02:00,41.36,-0.40672599302836066,False
2014-02-21 10:07:00,47.872,1.1064382192441327,False
2014-02-21 10:12:00,42.828,-0.06561342183425357,False
2014-02-21 10:17:00,43.746,0.14769811791791898,False
2014-02-21 10:22:00,42.854,-0.059571918529726674,False
2014-02-21 10:27:00,40.13800000000001,-0.6906766483411628,False
2014-02-21 10:32:00,46.362,0.7555662965580975,False
2014-02-21 10:37:00,43.192,0.018967624429134536,False
2014-02-21 10:42:00,43.38,0.0626523406311051,False
2014-02-21 10:47:00,43.732,0.14444500075394182,False
2014-02-21 10:52:00,40.04,-0.7134484684890012,False
2014-02-21 10:57:00,51.032,1.8407132362559684,False
2014-02-21 11:02:00,42.828,-0.06561342183425357,False
2014-02-21 11:07:00,44.178,0.24808001897776383,False
2014-02-21 11:12:00,43.45,0.07891792645098762,False
2014-02-21 11:17:00,38.966,-0.9630090280683402,False
2014-02-21 11:22:00,47.37,0.9897907323644037,False
2014-02-21 11:27:00,42.982,-0.02982913303051302,False
2014-02-21 11:32:00,41.83,-0.2975142025234359,False
2014-02-21 11:37:00,44.202,0.2536567912588666,False
2014-02-21 11:42:00,38.486,-1.0745444736903922,False
2014-02-21 11:47:00,48.828,1.3285796484413852,False
2014-02-21 11:52:00,41.478,-0.3793068626462726,False
2014-02-21 11:57:00,43.944,0.19370648923701517,False
2014-02-21 12:02:00,43.828,0.16675208987835288,False
2014-02-21 12:07:00,40.54,-0.597265712632698,False
2014-02-21 12:12:00,48.122,1.1645295971722844,False
2014-02-21 12:17:00,41.878,-0.2863606579612304,False
2014-02-21 12:22:00,42.512,-0.1390409235354378,False
2014-02-21 12:27:00,44.178,0.24808001897776383,False
2014-02-21 12:32:00,40.642,-0.5735644304380113,False
2014-02-21 12:37:00,48.544,1.2625878431150035,False
2014-02-21 12:42:00,43.58600000000001,0.1105196360439044,False
2014-02-21 12:47:00,43.262,0.03523321024901705,False
2014-02-21 12:52:00,43.63800000000001,0.12260264265295985,False
2014-02-21 12:57:00,41.426,-0.3913898692553281,False
2014-02-21 13:02:00,49.538,1.4935591617573343,False
2014-02-21 13:07:00,42.788,-0.07490804230275928,False
2014-02-21 13:12:00,42.184,-0.2152568113771734,False
2014-02-21 13:17:00,43.2,0.020826548522836007,False
2014-02-21 13:22:00,39.454,-0.8496146583525883,False
2014-02-21 13:27:00,46.374,0.7583546826986488,False
2014-02-21 13:32:00,42.958,-0.03540590531161579,False
2014-02-21 13:37:00,42.254,-0.19899122555729087,False
2014-02-21 13:42:00,41.65,-0.339339994631705,False
2014-02-21 13:47:00,38.662,-1.033648143628973,False
2014-02-21 13:52:00,48.066,1.151517128516379,False
2014-02-21 13:57:00,44.114,0.23320862622815702,False
2014-02-21 14:02:00,42.88800000000001,-0.051671491131495,False
2014-02-21 14:07:00,45.404,0.5329601363374208,False
2014-02-21 14:12:00,38.756,-1.0118057855279878,False
2014-02-21 14:17:00,48.942,1.3550693167766217,False
2014-02-21 14:22:00,42.112,-0.23198712822048004,False
2014-02-21 14:27:00,43.522,0.09564824329429428,False
2014-02-21 14:32:00,43.508,0.09239512613031876,False
2014-02-21 14:37:00,40.88800000000001,-0.5164025145567079,False
2014-02-21 14:42:00,47.3,0.9735251465445212,False
2014-02-21 14:47:00,42.794,-0.0735138492324836,False
2014-02-21 14:52:00,43.904,0.1844118687685111,False
2014-02-21 14:57:00,45.234,0.4934579993462773,False
2014-02-21 15:02:00,39.53,-0.8319548794624301,False
2014-02-21 15:07:00,48.68600000000001,1.295583745778196,False
2014-02-21 15:12:00,41.83,-0.2975142025234359,False
2014-02-21 15:17:00,42.09,-0.23709916947815704,False
2014-02-21 15:22:00,43.756,0.1500217730350446,False
2014-02-21 15:27:00,39.906,-0.7445854470584906,False
2014-02-21 15:32:00,47.06,0.9177574237334968,False
2014-02-21 15:37:00,43.144,0.007814079866929002,False
2014-02-21 15:42:00,42.018,-0.25382948632146535,False
2014-02-21 15:47:00,43.95399999999999,0.19603014435413912,False
2014-02-21 15:52:00,39.014,-0.9518554835061347,False
2014-02-21 15:57:00,48.736,1.307202021363824,False
2014-02-21 16:02:00,44.414,0.30291827974193997,False
2014-02-21 16:07:00,45.188,0.48276918580749756,False
2014-02-21 16:12:00,43.29600000000001,0.04313363764724707,False
2014-02-21 16:17:00,39.624,-0.8101125213614448,False
2014-02-21 16:22:00,45.67,0.5947693624529737,False
2014-02-21 16:27:00,43.63800000000001,0.12260264265295985,False
2014-02-21 16:32:00,43.356,0.05707556835000234,False
2014-02-21 16:37:00,42.536,-0.13346415125433503,False
2014-02-21 16:42:00,41.478,-0.3793068626462726,False
2014-02-21 16:47:00,45.232,0.4929932683228515,False
2014-02-21 16:52:00,38.92,-0.9736978416071199,False
2014-02-21 16:57:00,50.978,1.8281654986234888,False
2014-02-21 17:02:00,41.868,-0.28868431307835596,False
2014-02-21 17:07:00,44.014,0.2099720750568977,False
2014-02-21 17:12:00,46.338,0.7499895242769946,False
2014-02-21 17:17:00,43.662,0.12817941493405932,False
2014-02-21 17:22:00,43.886,0.18022928955768402,False
2014-02-21 17:27:00,42.224,-0.20596219090866935,False
2014-02-21 17:32:00,41.636,-0.3425931117956805,False
2014-02-21 17:37:00,46.342,0.7509189863238446,False
2014-02-21 17:42:00,43.474,0.08449469873208874,False
2014-02-21 17:47:00,43.544,0.10076028455197125,False
2014-02-21 17:52:00,43.162,0.011996659077756077,False
2014-02-21 17:57:00,42.216,-0.20782111500236916,False
2014-02-21 18:02:00,46.996,0.90288603098389,False
2014-02-21 18:07:00,44.652,0.3582212715295402,False
2014-02-21 18:12:00,44.154,0.24250324669666273,False
2014-02-21 18:17:00,43.004,-0.024717091772836035,False
2014-02-21 18:22:00,39.766,-0.7771166186982557,False
2014-02-21 18:27:00,46.45,0.776014461588807,False
2014-02-21 18:32:00,43.214,0.02407966568681152,False
2014-02-21 18:37:00,43.16,0.011531928054330298,False
2014-02-21 18:42:00,42.652,-0.10650975189567276,False
2014-02-21 18:47:00,41.22,-0.4392571646681257,False
2014-02-21 18:52:00,45.798,0.6245121479521873,False
2014-02-21 18:57:00,44.93,0.4228188837856445,False
2014-02-21 19:02:00,43.68600000000001,0.13375618721516372,False
2014-02-21 19:07:00,46.44600000000001,0.7750849995419588,False
2014-02-21 19:12:00,40.744,-0.5498631482433262,False
2014-02-21 19:17:00,45.456,0.5450431429464763,False
2014-02-21 19:22:00,43.004,-0.024717091772836035,False
2014-02-21 19:27:00,43.874,0.17744090341713264,False
2014-02-21 19:32:00,41.552,-0.3621118147795402,False
2014-02-21 19:37:00,41.808,-0.3026262437811129,False
2014-02-21 19:42:00,44.802,0.3930760982864308,False
2014-02-21 19:47:00,38.454,-1.0819801700651948,False
2014-02-21 19:52:00,46.596,0.8099398262988461,False
2014-02-21 19:57:00,44.918,0.4200304976450931,False
2014-02-21 20:02:00,43.06399999999999,-0.01077516107008077,False
2014-02-21 20:07:00,46.62,0.8155165985799488,False
2014-02-21 20:12:00,40.14,-0.6902119173177403,False
2014-02-21 20:17:00,47.112,0.9298404303425523,False
2014-02-21 20:22:00,43.68600000000001,0.13375618721516372,False
2014-02-21 20:27:00,42.464,-0.15019446809764334,False
2014-02-21 20:32:00,43.17,0.01385558317145755,False
2014-02-21 20:37:00,39.484,-0.8426436930012099,False
2014-02-21 20:42:00,47.63,1.0502057654096826,False
2014-02-21 20:47:00,43.108,-0.0005510785547251471,False
2014-02-21 20:52:00,43.356,0.05707556835000234,False
2014-02-21 20:57:00,46.018,0.6756325605289605,False
2014-02-21 21:02:00,39.784,-0.7729340394874286,False
2014-02-21 21:07:00,49.32,1.442903480203987,False
2014-02-21 21:12:00,43.58600000000001,0.1105196360439044,False
2014-02-21 21:17:00,42.654,-0.10604502087224697,False
2014-02-21 21:22:00,43.802,0.16071058657382434,False
2014-02-21 21:27:00,38.918,-0.9741625726305457,False
2014-02-21 21:32:00,47.35,0.9851434221301525,False
2014-02-21 21:37:00,42.84,-0.0628250356937022,False
2014-02-21 21:42:00,43.338,0.05289298913917526,False
2014-02-21 21:47:00,43.052,-0.013563547210630501,False
2014-02-21 21:52:00,40.62,-0.5786764716956899,False
2014-02-21 21:57:00,47.394,0.9953675046455065,False
2014-02-21 22:02:00,42.934,-0.04098267759271855,False
2014-02-21 22:07:00,45.54,0.5645618459303343,False
2014-02-21 22:12:00,42.16,-0.22083358365827616,False
2014-02-21 22:17:00,40.938,-0.5047842389710799,False
2014-02-21 22:22:00,45.254,0.4981053095805285,False
2014-02-21 22:27:00,38.732,-1.0173825578090905,False
2014-02-21 22:32:00,48.45,1.24074548501402,False
2014-02-21 22:37:00,41.428,-0.39092513823190395,False
2014-02-21 22:42:00,42.864,-0.05724826341260107,False
2014-02-21 22:47:00,43.85,0.17186413113602989,False
2014-02-21 22:52:00,39.836,-0.7608510328783732,False
2014-02-21 22:57:00,50.394,1.692464039783326,False
2014-02-21 23:02:00,43.93600000000001,0.19184756514331536,False
2014-02-21 23:07:00,44.146,0.24064432260296126,False
2014-02-21 23:12:00,43.708,0.13886822847283906,False
2014-02-21 23:17:00,39.87,-0.7529506054801448,False
2014-02-21 23:22:00,47.746,1.0771601647683449,False
2014-02-21 23:27:00,43.004,-0.024717091772836035,False
2014-02-21 23:32:00,41.478,-0.3793068626462726,False
2014-02-21 23:37:00,43.994,0.20532476482264483,False
2014-02-21 23:42:00,38.8,-1.0015817030126337,False
2014-02-21 23:47:00,45.37600000000001,0.5264539020094697,False
2014-02-21 23:52:00,43.31,0.046386754811222584,False
2014-02-21 23:57:00,44.812,0.39539975340355643,False
2014-02-22 00:02:00,43.582,0.10959017399705119,False
2014-02-22 00:07:00,41.276,-0.4262446960122187,False
2014-02-22 00:12:00,46.916,0.8842967900468802,False
2014-02-22 00:17:00,42.69600000000001,-0.09628566938031548,False
2014-02-22 00:22:00,43.522,0.09564824329429428,False
2014-02-22 00:27:00,42.794,-0.0735138492324836,False
2014-02-22 00:32:00,39.636,-0.8073241352208934,False
2014-02-22 00:37:00,47.184,0.9465707471858589,False
2014-02-22 00:42:00,43.004,-0.024717091772836035,False
2014-02-22 00:47:00,41.67,-0.33469268439745214,False
2014-02-22 00:52:00,44.46,0.3136070932807197,False
2014-02-22 00:57:00,41.31399999999999,-0.4174148065671421,False
2014-02-22 01:02:00,49.562,1.4991359340384371,False
2014-02-22 01:07:00,42.918,-0.04470052578011985,False
2014-02-22 01:12:00,43.662,0.12817941493405932,False
2014-02-22 01:17:00,42.77,-0.0790906215135847,False
2014-02-22 01:22:00,40.282,-0.6572160146545512,False
2014-02-22 01:27:00,46.168,0.7104873872858511,False
2014-02-22 01:32:00,38.428,-1.0880216733697234,False
2014-02-22 01:37:00,48.99,1.3662228613388272,False
2014-02-22 01:42:00,43.38,0.0626523406311051,False
2014-02-22 01:47:00,41.36600000000001,-0.4053317999580833,False
2014-02-22 01:52:00,44.154,0.24250324669666273,False
2014-02-22 01:57:00,41.56800000000001,-0.3583939665921356,False
2014-02-22 02:02:00,49.578,1.50285378222584,False
2014-02-22 02:07:00,43.63800000000001,0.12260264265295985,False
2014-02-22 02:12:00,42.026,-0.2519705622277639,False
2014-02-22 02:17:00,44.48,0.3182544035149709,False
2014-02-22 02:22:00,39.196,-0.9095649603744415,False
2014-02-22 02:27:00,47.256,0.9633010640291673,False
2014-02-22 02:32:00,42.394,-0.16646005391752586,False
2014-02-22 02:37:00,42.864,-0.05724826341260107,False
2014-02-22 02:42:00,42.63,-0.11162179315334975,False
2014-02-22 02:47:00,40.43,-0.6228259189210846,False
2014-02-22 02:52:00,46.62,0.8155165985799488,False
2014-02-22 02:57:00,45.024,0.44466124188662975,False
2014-02-22 03:02:00,40.54,-0.597265712632698,False
2014-02-22 03:07:00,47.63,1.0502057654096826,False
2014-02-22 03:12:00,39.132,-0.9244363531240483,False
2014-02-22 03:17:00,48.59,1.273276656653785,False
2014-02-22 03:22:00,41.854,-0.29193743024233315,False
2014-02-22 03:27:00,42.348,-0.1771488674563056,False
2014-02-22 03:32:00,44.014,0.2099720750568977,False
2014-02-22 03:37:00,39.684,-0.7961705906586896,False
2014-02-22 03:42:00,47.37,0.9897907323644037,False
2014-02-22 03:47:00,43.216,0.024544396710237303,False
2014-02-22 03:52:00,43.076,-0.007986774929527735,False
2014-02-22 03:57:00,45.4,0.5320306742905693,False
2014-02-22 04:02:00,39.078,-0.9369840907565278,False
2014-02-22 04:07:00,49.466,1.4768288449140277,False
2014-02-22 04:12:00,43.084,-0.006127850835826262,False
2014-02-22 04:17:00,42.864,-0.05724826341260107,False
2014-02-22 04:22:00,43.24,0.03012116899134007,False
2014-02-22 04:27:00,40.046,-0.7120542754187256,False
2014-02-22 04:32:00,46.38399999999999,0.7606783378157728,False
2014-02-22 04:37:00,39.122,-0.9267600082411739,False
2014-02-22 04:42:00,49.788,1.551650539685486,False
2014-02-22 04:47:00,42.042,-0.24825271404036256,False
2014-02-22 04:52:00,41.948,-0.27009507214134787,False
2014-02-22 04:57:00,47.582,1.039052220847477,False
2014-02-22 05:02:00,39.038,-0.9462787112250335,False
2014-02-22 05:07:00,50.938,1.8188708781549847,False
2014-02-22 05:12:00,42.636,-0.11022760008307406,False
2014-02-22 05:17:00,41.31,-0.4183442686139903,False
2014-02-22 05:22:00,45.04600000000001,0.44977328314430837,False
2014-02-22 05:27:00,39.506,-0.8375316517435328,False
2014-02-22 05:32:00,47.676,1.0608945789484623,False
2014-02-22 05:37:00,42.676,-0.10093297961457,False
2014-02-22 05:42:00,41.478,-0.3793068626462726,False
2014-02-22 05:47:00,44.102,0.23042024008760562,False
2014-02-22 05:52:00,38.708,-1.0229593300901934,False
2014-02-22 05:57:00,49.178,1.409907577540796,False
2014-02-22 06:02:00,43.544,0.10076028455197125,False
2014-02-22 06:07:00,43.826,0.16628735885492713,False
2014-02-22 06:12:00,44.038,0.2155488473379988,False
2014-02-22 06:17:00,38.522,-1.066179315268738,False
2014-02-22 06:22:00,48.826,1.3281149174179594,False
2014-02-22 06:27:00,42.048,-0.24685852097008687,False
2014-02-22 06:32:00,42.582,-0.12277533771555528,False
2014-02-22 06:37:00,44.554,0.33544945138170496,False
2014-02-22 06:42:00,39.014,-0.9518554835061347,False
2014-02-22 06:47:00,48.874,1.339268461980165,False
2014-02-22 06:52:00,42.13,-0.22780454900965297,False
2014-02-22 06:57:00,44.554,0.33544945138170496,False
2014-02-22 07:02:00,44.43600000000001,0.3080303209996186,False
2014-02-22 07:07:00,41.52,-0.3695475111543428,False
2014-02-22 07:12:00,48.524,1.2579405328807525,False
2014-02-22 07:17:00,42.37,-0.17203682619862862,False
2014-02-22 07:22:00,43.262,0.03523321024901705,False
2014-02-22 07:27:00,43.712,0.13979769051969063,False
2014-02-22 07:32:00,40.376,-0.6353736565535658,False
2014-02-22 07:37:00,47.184,0.9465707471858589,False
2014-02-22 07:42:00,41.57,-0.35792923556871314,False
2014-02-22 07:47:00,43.756,0.1500217730350446,False
2014-02-22 07:52:00,43.122,0.0027020386092520172,False
2014-02-22 07:57:00,41.714,-0.3244686018820982,False
2014-02-22 08:02:00,46.22,0.7225703938949066,False
2014-02-22 08:07:00,44.86,0.40655329796576195,False
2014-02-22 08:12:00,43.098,-0.0028747336718507495,False
2014-02-22 08:17:00,42.84,-0.0628250356937022,False
2014-02-22 08:22:00,39.8,-0.7692161913000273,False
2014-02-22 08:27:00,44.86,0.40655329796576195,False
2014-02-22 08:32:00,41.478,-0.3793068626462726,False
2014-02-22 08:37:00,41.878,-0.2863606579612304,False
2014-02-22 08:42:00,43.68600000000001,0.13375618721516372,False
2014-02-22 08:47:00,40.046,-0.7120542754187256,False
2014-02-22 08:52:00,47.09,0.9247283890848753,False
2014-02-22 08:57:00,44.43,0.30663612792934125,False
2014-02-22 09:02:00,43.206,0.0222207415931117,False
2014-02-22 09:07:00,45.522,0.5603792667195072,False
2014-02-22 09:12:00,40.492,-0.6084192571949035,False
2014-02-22 09:17:00,46.55,0.7992510127600664,False
2014-02-22 09:22:00,44.202,0.2536567912588666,False
2014-02-22 09:27:00,44.934,0.4237483458324944,False
2014-02-22 09:32:00,42.548,-0.13067576511378365,False
2014-02-22 09:37:00,40.586,-0.5865768990939183,False
2014-02-22 09:42:00,45.822,0.6300889202332901,False
2014-02-22 09:47:00,43.014,-0.02239343665570878,False
2014-02-22 09:52:00,43.92,0.1881297169559124,False
2014-02-22 09:57:00,45.07,0.4553500554254095,False
2014-02-22 10:02:00,40.352,-0.6409504288346686,False
2014-02-22 10:07:00,47.588,1.0404464139177527,False
2014-02-22 10:12:00,42.558,-0.12835210999665805,False
2014-02-22 10:17:00,43.802,0.16071058657382434,False
2014-02-22 10:22:00,41.99800000000001,-0.25847679655571487,False
2014-02-22 10:27:00,42.018,-0.25382948632146535,False
2014-02-22 10:32:00,41.666,-0.3356221464443037,False
2014-02-22 10:37:00,38.74,-1.015523633715389,False
2014-02-22 10:42:00,49.788,1.551650539685486,False
2014-02-22 10:47:00,41.844,-0.2942610853594587,False
2014-02-22 10:52:00,41.22,-0.4392571646681257,False
2014-02-22 10:57:00,46.244,0.7281471661760094,False
2014-02-22 11:02:00,44.672,0.3628685817637914,False
2014-02-22 11:07:00,45.234,0.4934579993462773,False
2014-02-22 11:12:00,40.798,-0.537315410610845,False
2014-02-22 11:17:00,40.822,-0.5317386383297422,False
2014-02-22 11:22:00,46.006,0.6728441743884092,False
2014-02-22 11:27:00,39.604,-0.8147598315956976,False
2014-02-22 11:32:00,48.934,1.3532103926829202,False
2014-02-22 11:37:00,41.408,-0.39557244846615514,False
2014-02-22 11:42:00,42.066,-0.2426759417592598,False
2014-02-22 11:47:00,45.164,0.4771924135263948,False
2014-02-22 11:52:00,38.632,-1.0406191089803514,False
2014-02-22 11:57:00,49.38399999999999,1.4577748729535922,False
2014-02-22 12:02:00,42.968,-0.03308225019448853,False
2014-02-22 12:07:00,45.188,0.48276918580749756,False
2014-02-22 12:12:00,43.04600000000001,-0.014957740280904542,False
2014-02-22 12:17:00,39.474,-0.8449673481183371,False
2014-02-22 12:22:00,49.694,1.5298081815845024,False
2014-02-22 12:27:00,41.356,-0.4076554550752106,False
2014-02-22 12:32:00,42.048,-0.24685852097008687,False
2014-02-22 12:37:00,43.802,0.16071058657382434,False
2014-02-22 12:42:00,39.648,-0.8045357490803421,False
2014-02-22 12:47:00,46.304,0.7420890968787663,False
2014-02-22 12:52:00,43.076,-0.007986774929527735,False
2014-02-22 12:57:00,45.47,0.5482962601104517,False
2014-02-22 13:02:00,42.952,-0.03680009838189148,False
2014-02-22 13:07:00,41.98,-0.26265937576654524,False
2014-02-22 13:12:00,44.694,0.36798062302147,False
2014-02-22 13:17:00,43.41,0.06962330598248191,False
2014-02-22 13:22:00,43.99,0.20439530277579493,False
2014-02-22 13:27:00,43.662,0.12817941493405932,False
2014-02-22 13:32:00,41.976000000000006,-0.26358883781339354,False
2014-02-22 13:37:00,44.95399999999999,0.42839565606674557,False
2014-02-22 13:42:00,39.062,-0.9407019389439307,False
2014-02-22 13:47:00,48.07,1.1524465905632288,False
2014-02-22 13:52:00,40.822,-0.5317386383297422,False
2014-02-22 13:57:00,42.94,-0.03958848452244286,False
2014-02-22 14:02:00,46.146,0.7053753460281742,False
2014-02-22 14:07:00,40.002,-0.7222783579340796,False
2014-02-22 14:12:00,49.178,1.409907577540796,False
2014-02-22 14:17:00,40.54,-0.597265712632698,False
2014-02-22 14:22:00,41.614,-0.34770515305335914,False
2014-02-22 14:27:00,44.36600000000001,0.29176473517973606,False
2014-02-22 14:32:00,39.038,-0.9462787112250335,False
2014-02-22 14:37:00,49.14,1.4010776880957179,False
2014-02-22 14:42:00,41.872,-0.28775485103150605,False
2014-02-22 14:47:00,42.162,-0.2203688526348504,False
2014-02-22 14:52:00,42.718,-0.09117362812264015,False
2014-02-22 14:57:00,40.752,-0.5480042241496247,False
2014-02-22 15:02:00,49.46,1.475434651843752,False
2014-02-22 15:07:00,42.652,-0.10650975189567276,False
2014-02-22 15:12:00,43.404,0.06822911291220787,False
2014-02-22 15:17:00,42.652,-0.10650975189567276,False
2014-02-22 15:22:00,40.234,-0.668369559216755,False
2014-02-22 15:27:00,46.55,0.7992510127600664,False
2014-02-22 15:32:00,43.7,0.13700930437913925,False
2014-02-22 15:37:00,44.86,0.40655329796576195,False
2014-02-22 15:42:00,41.544,-0.36397073887324166,False
2014-02-22 15:47:00,42.028,-0.2515058312043397,False
2014-02-22 15:52:00,44.624,0.3517150372015875,False
2014-02-22 15:57:00,40.54,-0.597265712632698,False
2014-02-22 16:02:00,49.672,1.5246961403268238,False
2014-02-22 16:07:00,43.106,-0.001015809578149277,False
2014-02-22 16:12:00,41.292,-0.4225268478248174,False
2014-02-22 16:17:00,45.136,0.47068617919844213,False
2014-02-22 16:22:00,38.874,-0.9843866551458997,False
2014-02-22 16:27:00,49.054,1.3810942540884341,False
2014-02-22 16:32:00,41.08600000000001,-0.47039414323761175,False
2014-02-22 16:37:00,41.244,-0.43368039238702294,False
2014-02-22 16:42:00,44.484,0.31918386556182243,False
2014-02-22 16:47:00,38.404,-1.0935984456508245,False
2014-02-22 16:52:00,48.99,1.3662228613388272,False
2014-02-22 16:57:00,43.084,-0.006127850835826262,False
2014-02-22 17:02:00,41.972,-0.2645182998602451,False
2014-02-22 17:07:00,46.83,0.8643133560395965,False
2014-02-22 17:12:00,39.408,-0.8603034718913681,False
2014-02-22 17:17:00,45.974,0.6654084780136049,False
2014-02-22 17:22:00,43.052,-0.013563547210630501,False
2014-02-22 17:27:00,44.624,0.3517150372015875,False
2014-02-22 17:32:00,41.606,-0.34956407714705895,False
2014-02-22 17:37:00,41.198,-0.4443692059258027,False
2014-02-22 17:42:00,46.478,0.7825206959167597,False
2014-02-22 17:47:00,39.414,-0.8589092788210924,False
2014-02-22 17:52:00,50.104,1.6250780413866701,False
2014-02-22 17:57:00,43.094,-0.0038041957187006604,False
2014-02-22 18:02:00,41.854,-0.29193743024233315,False
2014-02-22 18:07:00,46.478,0.7825206959167597,False
2014-02-22 18:12:00,38.944,-0.9681210693260172,False
2014-02-22 18:17:00,46.808,0.8592013147819194,False
2014-02-22 18:22:00,42.864,-0.05724826341260107,False
2014-02-22 18:27:00,42.958,-0.03540590531161579,False
2014-02-22 18:32:00,43.122,0.0027020386092520172,False
2014-02-22 18:37:00,39.882,-0.7501622193395934,False
2014-02-22 18:42:00,46.338,0.7499895242769946,False
2014-02-22 18:47:00,42.664,-0.10372136575512138,False
2014-02-22 18:52:00,43.732,0.14444500075394182,False
2014-02-22 18:57:00,45.356,0.5218065917752153,False
2014-02-22 19:02:00,40.446,-0.6191080707336833,False
2014-02-22 19:07:00,47.324,0.9791019188256239,False
2014-02-22 19:12:00,44.36600000000001,0.29176473517973606,False
2014-02-22 19:17:00,43.478,0.0854241607789403,False
2014-02-22 19:22:00,41.93600000000001,-0.2728834582818976,False
2014-02-22 19:27:00,40.47,-0.6135312984525806,False
2014-02-22 19:32:00,46.408,0.7662551100968772,False
2014-02-22 19:37:00,42.63,-0.11162179315334975,False
2014-02-22 19:42:00,43.322,0.04917514095177397,False
2014-02-22 19:47:00,43.826,0.16628735885492713,False
2014-02-22 19:52:00,39.32,-0.8807516369220777,False
2014-02-22 19:57:00,49.062,1.3829531781821338,False
2014-02-22 20:02:00,41.62,-0.3463109599830835,False
2014-02-22 20:07:00,44.83600000000001,0.40097652568466247,False
2014-02-22 20:12:00,43.404,0.06822911291220787,False
2014-02-22 20:17:00,39.186,-0.911888615491567,False
2014-02-22 20:22:00,49.672,1.5246961403268238,False
2014-02-22 20:27:00,41.666,-0.3356221464443037,False
2014-02-22 20:32:00,41.826,-0.2984436645702858,False
2014-02-22 20:37:00,44.624,0.3517150372015875,False
2014-02-22 20:42:00,38.732,-1.0173825578090905,False
2014-02-22 20:47:00,46.95399999999999,0.8931266794919586,False
2014-02-22 20:52:00,43.146,0.008278810890354784,False
2014-02-22 20:57:00,43.708,0.13886822847283906,False
2014-02-22 21:02:00,42.3,-0.18830241201851114,False
2014-02-22 21:07:00,39.622,-0.8105772523848707,False
2014-02-22 21:12:00,47.536,1.0283634073086974,False
2014-02-22 21:17:00,43.26,0.03476847922559127,False
2014-02-22 21:22:00,42.864,-0.05724826341260107,False
2014-02-22 21:27:00,44.154,0.24250324669666273,False
2014-02-22 21:32:00,38.78,-1.006229013246885,False
2014-02-22 21:37:00,47.198,0.9498238643498361,False
2014-02-22 21:42:00,42.606,-0.1171985654344525,False
2014-02-22 21:47:00,43.68600000000001,0.13375618721516372,False
2014-02-22 21:52:00,43.378,0.06218760960767933,False
2014-02-22 21:57:00,43.182,0.016643969312008934,False
2014-02-22 22:02:00,44.972,0.43257823527757433,False
2014-02-22 22:07:00,45.104,0.4632504828236379,False
2014-02-22 22:12:00,43.99,0.20439530277579493,False
2014-02-22 22:17:00,43.544,0.10076028455197125,False
2014-02-22 22:22:00,40.118,-0.6953239585754173,False
2014-02-22 22:27:00,45.298,0.5083293920958841,False
2014-02-22 22:32:00,42.578,-0.12370479976240518,False
2014-02-22 22:37:00,43.34,0.05335772016260105,False
2014-02-22 22:42:00,42.69600000000001,-0.09628566938031548,False
2014-02-22 22:47:00,40.282,-0.6572160146545512,False
2014-02-22 22:52:00,45.63,0.5854747419844697,False
2014-02-22 22:57:00,45.234,0.4934579993462773,False
2014-02-22 23:02:00,42.934,-0.04098267759271855,False
2014-02-22 23:07:00,44.624,0.3517150372015875,False
2014-02-22 23:12:00,39.28,-0.8900462573905817,False
2014-02-22 23:17:00,46.83,0.8643133560395965,False
2014-02-22 23:22:00,43.058,-0.01216935414035481,False
2014-02-22 23:27:00,43.076,-0.007986774929527735,False
2014-02-22 23:32:00,41.756,-0.31470925039016834,False
2014-02-22 23:37:00,41.312,-0.41787953759056623,False
2014-02-22 23:42:00,44.722,0.3744868573494227,False
2014-02-22 23:47:00,38.31,-1.1154408037518098,False
2014-02-22 23:52:00,49.452,1.4735757277500505,False
2014-02-22 23:57:00,43.896,0.18255294467480962,False
2014-02-23 00:02:00,42.408,-0.1632069367535487,False
2014-02-23 00:07:00,46.268,0.7337239384571121,False
2014-02-23 00:12:00,39.948,-0.7348260955665608,False
2014-02-23 00:17:00,48.85,1.3336916896990623,False
2014-02-23 00:22:00,41.644,-0.3407341877019807,False
2014-02-23 00:27:00,42.488,-0.14461769581654055,False
2014-02-23 00:32:00,43.706,0.13840349744941494,False
2014-02-23 00:37:00,39.93,-0.7390086747773879,False
2014-02-23 00:42:00,48.462,1.2435338711545714,False
2014-02-23 00:47:00,41.332,-0.4132322273563134,False
2014-02-23 00:52:00,42.88800000000001,-0.051671491131495,False
2014-02-23 00:57:00,45.612,0.5812921627736426,False
2014-02-23 01:02:00,39.324,-0.8798221748752277,False
2014-02-23 01:07:00,48.732,1.3062725593169742,False
2014-02-23 01:12:00,43.176,0.015249776241733242,False
2014-02-23 01:17:00,43.312,0.04685148583464672,False
2014-02-23 01:22:00,44.188,0.2504036740948911,False
2014-02-23 01:27:00,39.456,-0.8491499273291625,False
2014-02-23 01:32:00,46.918,0.884761521070306,False
2014-02-23 01:37:00,42.606,-0.1171985654344525,False
2014-02-23 01:42:00,41.714,-0.3244686018820982,False
2014-02-23 01:47:00,43.896,0.18255294467480962,False
2014-02-23 01:52:00,39.718,-0.7882701632604595,False
2014-02-23 01:57:00,51.38399999999999,1.922505896378805,False
2014-02-23 02:02:00,42.43,-0.1580948954958717,False
2014-02-23 02:07:00,44.06800000000001,0.22251981268938056,False
2014-02-23 02:12:00,44.95399999999999,0.42839565606674557,False
2014-02-23 02:17:00,39.166,-0.9165359257258199,False
2014-02-23 02:22:00,46.924,0.8861557141405817,False
2014-02-23 02:27:00,41.478,-0.3793068626462726,False
2014-02-23 02:32:00,41.996,-0.25894152757914235,False
2014-02-23 02:37:00,43.978,0.20160691663524352,False
2014-02-23 02:42:00,37.276,-1.3557067428626446,False
2014-02-23 02:47:00,47.23,0.9572595607246387,False
2014-02-23 02:52:00,42.63,-0.11162179315334975,False
2014-02-23 02:57:00,44.108,0.2318144331578813,False
2014-02-23 03:02:00,42.91,-0.04655944987382132,False
2014-02-23 03:07:00,41.15,-0.4555227504880082,False
2014-02-23 03:12:00,46.55,0.7992510127600664,False
2014-02-23 03:17:00,44.802,0.3930760982864308,False
2014-02-23 03:22:00,42.724,-0.08977943505236612,False
2014-02-23 03:27:00,43.582,0.10959017399705119,False
2014-02-23 03:32:00,39.86,-0.7552742605972704,False
2014-02-23 03:37:00,47.348,0.9846786911067267,False
2014-02-23 03:42:00,43.17,0.01385558317145755,False
2014-02-23 03:47:00,42.982,-0.02982913303051302,False
2014-02-23 03:52:00,43.036,-0.017281395398031797,False
2014-02-23 03:57:00,41.42,-0.39278406232560376,False
2014-02-23 04:02:00,47.91,1.1152681086892111,False
2014-02-23 04:07:00,45.306,0.5101883161895839,False
2014-02-23 04:12:00,42.58600000000001,-0.12184587566870206,False
2014-02-23 04:17:00,43.868,0.17604671034685695,False
2014-02-23 04:22:00,38.49,-1.0736150116435406,False
2014-02-23 04:27:00,47.562,1.0344049106132243,False
2014-02-23 04:32:00,43.004,-0.024717091772836035,False
2014-02-23 04:37:00,41.772,-0.31099140220276705,False
2014-02-23 04:42:00,43.592,0.11191382911417679,False
2014-02-23 04:47:00,40.376,-0.6353736565535658,False
2014-02-23 04:52:00,45.972,0.6649437469901808,False
2014-02-23 04:57:00,45.188,0.48276918580749756,False
2014-02-23 05:02:00,43.218,0.025009127733663084,False
2014-02-23 05:07:00,45.094,0.4609268277065123,False
2014-02-23 05:12:00,40.14,-0.6902119173177403,False
2014-02-23 05:17:00,47.84,1.09900252286933,False
2014-02-23 05:22:00,41.74800000000001,-0.3165681744838665,False
2014-02-23 05:27:00,41.83,-0.2975142025234359,False
2014-02-23 05:32:00,44.47,0.3159307483978453,False
2014-02-23 05:37:00,38.646,-1.0373659918163742,False
2014-02-23 05:42:00,49.062,1.3829531781821338,False
2014-02-23 05:47:00,42.37,-0.17203682619862862,False
2014-02-23 05:52:00,41.652,-0.33887526360827924,False
2014-02-23 05:57:00,45.932,0.6556491265216767,False
2014-02-23 06:02:00,39.244,-0.8984114158122359,False
2014-02-23 06:07:00,51.488,1.9466719095969176,False
2014-02-23 06:12:00,41.096,-0.46807048812048946,False
2014-02-23 06:17:00,42.13800000000001,-0.22594562491594986,False
2014-02-23 06:22:00,44.53,0.3298726791006022,False
2014-02-23 06:27:00,39.014,-0.9518554835061347,False
2014-02-23 06:32:00,47.442,1.0065210492077121,False
2014-02-23 06:37:00,42.978,-0.03075859507736293,False
2014-02-23 06:42:00,43.574,0.10773124990334972,False
2014-02-23 06:47:00,42.88800000000001,-0.051671491131495,False
2014-02-23 06:52:00,39.836,-0.7608510328783732,False
2014-02-23 06:57:00,48.356,1.2189031269130346,False
2014-02-23 07:02:00,43.592,0.11191382911417679,False
2014-02-23 07:07:00,45.61,0.5808274317502168,False
2014-02-23 07:12:00,42.36600000000001,-0.17296628824547688,False
2014-02-23 07:17:00,40.214,-0.6730168694510079,False
2014-02-23 07:22:00,44.448,0.3108187071401683,False
2014-02-23 07:27:00,43.048,-0.014493009257480413,False
2014-02-23 07:32:00,42.958,-0.03540590531161579,False
2014-02-23 07:37:00,43.428,0.07380588519330898,False
2014-02-23 07:42:00,39.038,-0.9462787112250335,False
2014-02-23 07:47:00,46.644,0.8210933708610516,False
2014-02-23 07:52:00,42.724,-0.08977943505236612,False
2014-02-23 07:57:00,44.718,0.37355739530257276,False
2014-02-23 08:02:00,44.32,0.28107592164095463,False
2014-02-23 08:07:00,41.338,-0.41183803428603766,False
2014-02-23 08:12:00,49.19,1.4126959636813476,False
2014-02-23 08:17:00,43.56800000000001,0.10633705683307733,False
2014-02-23 08:22:00,43.006,-0.024252360749410253,False
2014-02-23 08:27:00,42.982,-0.02982913303051302,False
2014-02-23 08:32:00,39.53,-0.8319548794624301,False
2014-02-23 08:37:00,46.478,0.7825206959167597,False
2014-02-23 08:42:00,43.428,0.07380588519330898,False
2014-02-23 08:47:00,43.316,0.04778094788149828,False
2014-02-23 08:52:00,44.202,0.2536567912588666,False
2014-02-23 08:57:00,41.444,-0.387207290044501,False
2014-02-23 09:02:00,46.902,0.8810436728829047,False
2014-02-23 09:07:00,45.56399999999999,0.5701386182114354,False
2014-02-23 09:12:00,41.762,-0.3133150573198926,False
2014-02-23 09:17:00,44.174,0.24715055693091392,False
2014-02-23 09:22:00,38.84,-0.992287082544128,False
2014-02-23 09:27:00,47.378,0.9916496564581052,False
2014-02-23 09:32:00,43.544,0.10076028455197125,False
2014-02-23 09:37:00,43.56800000000001,0.10633705683307733,False
2014-02-23 09:42:00,42.924,-0.04330633270984416,False
2014-02-23 09:47:00,40.492,-0.6084192571949035,False
2014-02-23 09:52:00,45.816,0.6286947271630144,False
2014-02-23 09:57:00,40.868,-0.5210498247909624,False
2014-02-23 10:02:00,49.448,1.4726462657032007,False
2014-02-23 10:07:00,41.508,-0.3723358972948942,False
2014-02-23 10:12:00,40.212,-0.673481600474432,False
2014-02-23 10:17:00,45.822,0.6300889202332901,False
2014-02-23 10:22:00,40.156,-0.6864940691303391,False
2014-02-23 10:27:00,49.334,1.4461565973679642,False
2014-02-23 10:32:00,41.104,-0.466211564026788,False
2014-02-23 10:37:00,41.642,-0.3411989187254048,False
2014-02-23 10:42:00,44.062,0.22112561961910157,False
2014-02-23 10:47:00,38.63800000000001,-1.0392249159100724,False
2014-02-23 10:52:00,48.324,1.2114674305382305,False
2014-02-23 10:57:00,43.42,0.07194696109960917,False
2014-02-23 11:02:00,42.756,-0.08234373867756187,False
2014-02-23 11:07:00,46.752,0.8461888461260141,False
2014-02-23 11:12:00,39.836,-0.7608510328783732,False
2014-02-23 11:17:00,49.216,1.418737466985876,False
2014-02-23 11:22:00,42.184,-0.2152568113771734,False
2014-02-23 11:27:00,41.83,-0.2975142025234359,False
2014-02-23 11:32:00,43.63800000000001,0.12260264265295985,False
2014-02-23 11:37:00,38.618,-1.043872226144327,False
2014-02-23 11:42:00,45.448,0.5431842188527748,False
2014-02-23 11:47:00,42.7,-0.09535620733346722,False
2014-02-23 11:52:00,41.972,-0.2645182998602451,False
2014-02-23 11:57:00,46.658,0.8243464880250287,False
2014-02-23 12:02:00,38.836,-0.9932165445909796,False
2014-02-23 12:07:00,49.788,1.551650539685486,False
2014-02-23 12:12:00,41.526,-0.3681533180840671,False
2014-02-23 12:17:00,41.55,-0.362576545802966,False
2014-02-23 12:22:00,44.264,0.2680634529850493,False
2014-02-23 12:27:00,39.892,-0.7478385642224662,False
2014-02-23 12:32:00,48.334,1.2137910856553578,False
2014-02-23 12:37:00,41.948,-0.27009507214134787,False
2014-02-23 12:42:00,42.074,-0.24081701766556,False
2014-02-23 12:47:00,43.806,0.16164004862067427,False
2014-02-23 12:52:00,38.732,-1.0173825578090905,False
2014-02-23 12:57:00,48.92,1.3499572755189446,False
2014-02-23 13:02:00,43.756,0.1500217730350446,False
2014-02-23 13:07:00,45.084,0.45860317258938665,False
2014-02-23 13:12:00,42.82,-0.06747234592795505,False
2014-02-23 13:17:00,40.53,-0.5995893677498236,False
2014-02-23 13:22:00,45.518,0.5594498046726573,False
2014-02-23 13:27:00,39.338,-0.8765690577112506,False
2014-02-23 13:32:00,48.68600000000001,1.295583745778196,False
2014-02-23 13:37:00,40.774,-0.5428921828919477,False
2014-02-23 13:42:00,41.74800000000001,-0.3165681744838665,False
2014-02-23 13:47:00,44.948,0.42700146299647157,False
2014-02-23 13:52:00,39.152,-0.9197890428897953,False
2014-02-23 13:57:00,51.028,1.8397837742091185,False
2014-02-23 14:02:00,41.08,-0.47178833630789074,False
2014-02-23 14:07:00,44.108,0.2318144331578813,False
2014-02-23 14:12:00,43.322,0.04917514095177397,False
2014-02-23 14:17:00,39.924,-0.7404028678476635,False
2014-02-23 14:22:00,47.002,0.9042802240541657,False
2014-02-23 14:27:00,43.49800000000001,0.0900714710131948,False
2014-02-23 14:32:00,44.694,0.36798062302147,False
2014-02-23 14:37:00,42.136,-0.22641035593937728,False
2014-02-23 14:42:00,40.61,-0.5810001268128155,False
2014-02-23 14:47:00,45.962,0.6626200918730552,False
2014-02-23 14:52:00,43.154,0.010137734984056256,False
2014-02-23 14:57:00,45.734,0.6096407552025805,False
2014-02-23 15:02:00,42.918,-0.04470052578011985,False
2014-02-23 15:07:00,42.294,-0.18969660508878683,False
2014-02-23 15:12:00,45.51600000000001,0.5589850736492348,False
2014-02-23 15:17:00,38.56800000000001,-1.055490501729955,False
2014-02-23 15:22:00,49.052,1.3806295230650083,False
2014-02-23 15:27:00,40.916,-0.5098962802287585,False
2014-02-23 15:32:00,42.562,-0.12742264794980812,False
2014-02-23 15:37:00,44.154,0.24250324669666273,False
2014-02-23 15:42:00,38.564,-1.0564199637768081,False
2014-02-23 15:47:00,49.056,1.3815589851118582,False
2014-02-23 15:52:00,41.374,-0.4034728758643835,False
2014-02-23 15:57:00,44.758,0.38285201577107686,False
2014-02-23 16:02:00,43.802,0.16071058657382434,False
2014-02-23 16:07:00,41.08,-0.47178833630789074,False
2014-02-23 16:12:00,46.452,0.7764791926122312,False
2014-02-23 16:17:00,42.764,-0.08048481458386039,False
2014-02-23 16:22:00,43.842,0.1700052070423284,False
2014-02-23 16:27:00,43.474,0.08449469873208874,False
2014-02-23 16:32:00,39.742,-0.7826933909793584,False
2014-02-23 16:37:00,48.61,1.2779239668880362,False
2014-02-23 16:42:00,42.822,-0.06700761490452926,False
2014-02-23 16:47:00,43.372,0.06079341653740363,False
2014-02-23 16:52:00,45.07,0.4553500554254095,False
2014-02-23 16:57:00,45.892,0.6463545060531727,False
2014-02-23 17:02:00,43.544,0.10076028455197125,False
2014-02-23 17:07:00,45.962,0.6626200918730552,False
2014-02-23 17:12:00,40.306,-0.6516392423734484,False
2014-02-23 17:17:00,45.234,0.4934579993462773,False
2014-02-23 17:22:00,42.714,-0.09210309016949171,False
2014-02-23 17:27:00,43.258,0.034303748202167146,False
2014-02-23 17:32:00,42.206,-0.21014477011949476,False
2014-02-23 17:37:00,41.104,-0.466211564026788,False
2014-02-23 17:42:00,44.93,0.4228188837856445,False
2014-02-23 17:47:00,38.76,-1.0108763234811378,False
2014-02-23 17:52:00,48.45399999999999,1.2416749470608681,False
2014-02-23 17:57:00,41.878,-0.2863606579612304,False
2014-02-23 18:02:00,42.052,-0.24592905892323697,False
2014-02-23 18:07:00,45.868,0.6407777337720699,False
2014-02-23 18:12:00,38.886,-0.9815982690053483,False
2014-02-23 18:17:00,47.092,0.9251931201082995,False
2014-02-23 18:22:00,43.076,-0.007986774929527735,False
2014-02-23 18:27:00,43.68600000000001,0.13375618721516372,False
2014-02-23 18:32:00,42.942,-0.03912375349901708,False
2014-02-23 18:37:00,40.892,-0.5154730525098596,False
2014-02-23 18:42:00,47.176,0.9447118230921591,False
2014-02-23 18:47:00,38.77,-1.0085526683640105,False
2014-02-23 18:52:00,49.11600000000001,1.3955009158146168,False
2014-02-23 18:57:00,43.334,0.05196352709232535,False
2014-02-23 19:02:00,41.948,-0.27009507214134787,False
2014-02-23 19:07:00,46.948,0.8917324864216845,False
2014-02-23 19:12:00,38.874,-0.9843866551458997,False
2014-02-23 19:17:00,46.952,0.8926619484685344,False
2014-02-23 19:22:00,42.536,-0.13346415125433503,False
2014-02-23 19:27:00,42.066,-0.2426759417592598,False
2014-02-23 19:32:00,43.478,0.0854241607789403,False
2014-02-23 19:37:00,40.704,-0.5591577687118302,False
2014-02-23 19:42:00,46.712,0.83689422565751,False
2014-02-23 19:47:00,43.78,0.15559854531614736,False
2014-02-23 19:52:00,43.642,0.1235321046998081,False
2014-02-23 19:57:00,44.252,0.2652750668444979,False
2014-02-23 20:02:00,40.234,-0.668369559216755,False
2014-02-23 20:07:00,47.84,1.09900252286933,False
2014-02-23 20:12:00,42.934,-0.04098267759271855,False
2014-02-23 20:17:00,43.75,0.1486275799647689,False
2014-02-23 20:22:00,42.386,-0.16831897801122567,False
2014-02-23 20:27:00,40.658,-0.56984658225061,False
2014-02-23 20:32:00,46.222,0.7230351249183324,False
2014-02-23 20:37:00,42.676,-0.10093297961457,False
2014-02-23 20:42:00,43.788,0.15745746940984717,False
2014-02-23 20:47:00,44.596,0.34520880287363315,False
2014-02-23 20:52:00,39.366,-0.8700628233832979,False
2014-02-23 20:57:00,50.61,1.742654990313249,False
2014-02-23 21:02:00,41.666,-0.3356221464443037,False
2014-02-23 21:07:00,44.132,0.2373912054389841,False
2014-02-23 21:12:00,44.038,0.2155488473379988,False
2014-02-23 21:17:00,39.378,-0.8672744372427466,False
2014-02-23 21:22:00,46.644,0.8210933708610516,False
2014-02-23 21:27:00,42.612,-0.11580437236417682,False
2014-02-23 21:32:00,43.602,0.1142374842313024,False
2014-02-23 21:37:00,42.396,-0.16599532289410007,False
2014-02-23 21:42:00,40.492,-0.6084192571949035,False
2014-02-23 21:47:00,46.006,0.6728441743884092,False
2014-02-23 21:52:00,42.724,-0.08977943505236612,False
2014-02-23 21:57:00,45.32,0.5134414333535611,False
2014-02-23 22:02:00,42.91,-0.04655944987382132,False
2014-02-23 22:07:00,41.902,-0.28078388568012763,False
2014-02-23 22:12:00,46.724,0.8396826117980598,False
2014-02-23 22:17:00,43.034,-0.017746126421457578,False
2014-02-23 22:22:00,43.826,0.16628735885492713,False
2014-02-23 22:27:00,44.338,0.2852585008517817,False
2014-02-23 22:32:00,39.86,-0.7552742605972704,False
2014-02-23 22:37:00,46.22,0.7225703938949066,False
2014-02-23 22:42:00,43.146,0.008278810890354784,False
2014-02-23 22:47:00,44.24800000000001,0.2643456047976497,False
2014-02-23 22:52:00,40.728,-0.5535809964307274,False
2014-02-23 22:57:00,41.352,-0.40858491712206213,False
2014-02-23 23:02:00,49.518,1.4889118515230833,False
2014-02-23 23:07:00,43.978,0.20160691663524352,False
2014-02-23 23:12:00,42.606,-0.1171985654344525,False
2014-02-23 23:17:00,43.68600000000001,0.13375618721516372,False
2014-02-23 23:22:00,38.61,-1.0457311502380284,False
2014-02-23 23:27:00,47.3,0.9735251465445212,False
2014-02-23 23:32:00,42.816,-0.06840180797480495,False
2014-02-23 23:37:00,42.142,-0.2250161628691016,False
2014-02-23 23:42:00,44.6,0.3461382649204847,False
2014-02-23 23:47:00,39.014,-0.9518554835061347,False
2014-02-23 23:52:00,47.444,1.0069857802311377,False
2014-02-23 23:57:00,45.808,0.626835803069313,False
2014-02-24 00:02:00,43.024,-0.02006978153858318,False
2014-02-24 00:07:00,45.128,0.46882725510474066,False
2014-02-24 00:12:00,39.578,-0.8208013349002246,False
2014-02-24 00:17:00,47.302,0.973989877567947,False
2014-02-24 00:22:00,43.474,0.08449469873208874,False
2014-02-24 00:27:00,42.944,-0.0386590224755913,False
2014-02-24 00:32:00,43.3,0.04406309969409533,False
2014-02-24 00:37:00,39.694,-0.7938469355415623,False
2014-02-24 00:42:00,48.216,1.1863719552732697,False
2014-02-24 00:47:00,42.816,-0.06840180797480495,False
2014-02-24 00:52:00,42.288,-0.19109079815906252,False
2014-02-24 00:57:00,46.902,0.8810436728829047,False
2014-02-24 01:02:00,38.882,-0.9825277310521998,False
2014-02-24 01:07:00,49.226000000000006,1.4210611221030034,False
2014-02-24 01:12:00,43.49800000000001,0.0900714710131948,False
2014-02-24 01:17:00,42.352,-0.1762194054094557,False
2014-02-24 01:22:00,44.038,0.2155488473379988,False
2014-02-24 01:27:00,39.314,-0.8821458299923534,False
2014-02-24 01:32:00,48.944,1.3555340478000475,False
2014-02-24 01:37:00,41.948,-0.27009507214134787,False
2014-02-24 01:42:00,43.662,0.12817941493405932,False
2014-02-24 01:47:00,43.732,0.14444500075394182,False
2014-02-24 01:52:00,40.046,-0.7120542754187256,False
2014-02-24 01:57:00,49.35,1.4498744455553654,False
2014-02-24 02:02:00,43.216,0.024544396710237303,False
2014-02-24 02:07:00,44.268,0.2689929150318992,False
2014-02-24 02:12:00,43.32,0.04871040992834819,False
2014-02-24 02:17:00,38.838,-0.9927518135675538,False
2014-02-24 02:22:00,47.254,0.9628363330057415,False
2014-02-24 02:27:00,42.982,-0.02982913303051302,False
2014-02-24 02:32:00,42.29600000000001,-0.18923187406535938,False
2014-02-24 02:37:00,43.99800000000001,0.20625422686949804,False
2014-02-24 02:42:00,38.99,-0.9574322557872375,False
2014-02-24 02:47:00,47.37,0.9897907323644037,False
2014-02-24 02:52:00,43.326,0.05010460299862388,False
2014-02-24 02:57:00,44.84,0.40190598773151076,False
2014-02-24 03:02:00,45.63399999999999,0.5864042040313179,False
2014-02-24 03:07:00,41.51600000000001,-0.37047697320119105,False
2014-02-24 03:12:00,46.848,0.8684959352504235,False
2014-02-24 03:17:00,43.592,0.11191382911417679,False
2014-02-24 03:22:00,43.052,-0.013563547210630501,False
2014-02-24 03:27:00,43.528,0.09704243636456997,False
2014-02-24 03:32:00,39.836,-0.7608510328783732,False
2014-02-24 03:37:00,46.90600000000001,0.8819731349297579,False
2014-02-24 03:42:00,43.826,0.16628735885492713,False
2014-02-24 03:47:00,43.532,0.09797189841141987,False
2014-02-24 03:52:00,43.372,0.06079341653740363,False
2014-02-24 03:57:00,42.128,-0.22826928003307875,False
2014-02-24 04:02:00,46.952,0.8926619484685344,False
2014-02-24 04:07:00,45.024,0.44466124188662975,False
2014-02-24 04:12:00,43.206,0.0222207415931117,False
2014-02-24 04:17:00,43.404,0.06822911291220787,False
2014-02-24 04:22:00,39.08,-0.9365193597331037,False
2014-02-24 04:27:00,45.846,0.6356656925143912,False
2014-02-24 04:32:00,42.09,-0.23709916947815704,False
2014-02-24 04:37:00,42.7,-0.09535620733346722,False
2014-02-24 04:42:00,44.734,0.3772752434899741,False
2014-02-24 04:47:00,39.446,-0.8514735824462898,False
2014-02-24 04:52:00,46.924,0.8861557141405817,False
2014-02-24 04:57:00,45.44600000000001,0.5427194878293523,False
2014-02-24 05:02:00,42.606,-0.1171985654344525,False
2014-02-24 05:07:00,46.83,0.8643133560395965,False
2014-02-24 05:12:00,40.094,-0.70090073085652,False
2014-02-24 05:17:00,47.442,1.0065210492077121,False
2014-02-24 05:22:00,43.404,0.06822911291220787,False
2014-02-24 05:27:00,43.474,0.08449469873208874,False
2014-02-24 05:32:00,44.158,0.24343270874351264,False
2014-02-24 05:37:00,39.958,-0.7325024404494351,False
2014-02-24 05:42:00,50.066,1.6162481519415919,False
2014-02-24 05:47:00,41.808,-0.3026262437811129,False
2014-02-24 05:52:00,42.35,-0.1766841364328798,False
2014-02-24 05:57:00,46.176,0.7123463113795526,False
2014-02-24 06:02:00,39.366,-0.8700628233832979,False
2014-02-24 06:07:00,48.5,1.2523637605996496,False
2014-02-24 06:12:00,43.428,0.07380588519330898,False
2014-02-24 06:17:00,43.898,0.1830176756982354,False
2014-02-24 06:22:00,42.326,-0.1822609087139826,False
2014-02-24 06:27:00,41.268,-0.4281036201059202,False
2014-02-24 06:32:00,45.236,0.4939227303697014,False
2014-02-24 06:37:00,39.346,-0.8747101336175508,False
2014-02-24 06:42:00,49.47,1.4777583069608777,False
2014-02-24 06:47:00,41.666,-0.3356221464443037,False
2014-02-24 06:52:00,41.76,-0.31377978834331843,False
2014-02-24 06:57:00,46.752,0.8461888461260141,False
2014-02-24 07:02:00,39.098,-0.9323367805222766,False
2014-02-24 07:07:00,49.43600000000001,1.469857879562651,False
2014-02-24 07:12:00,43.92,0.1881297169559124,False
2014-02-24 07:17:00,42.15600000000001,-0.22176304570512279,False
2014-02-24 07:22:00,45.024,0.44466124188662975,False
2014-02-24 07:27:00,39.226,-0.9025939950230629,False
2014-02-24 07:32:00,49.414,1.4647458383049723,False
2014-02-24 07:37:00,42.276,-0.19387918429961223,False
2014-02-24 07:42:00,40.4,-0.629796884272463,False
2014-02-24 07:47:00,44.804,0.3935408293098566,False
2014-02-24 07:52:00,39.672,-0.798958976799241,False
2014-02-24 07:57:00,51.658,1.986174046588061,False
2014-02-24 08:02:00,42.3,-0.18830241201851114,False
2014-02-24 08:07:00,44.554,0.33544945138170496,False
2014-02-24 08:12:00,44.582,0.3419556857096577,False
2014-02-24 08:17:00,38.802,-1.001116971989208,False
2014-02-24 08:22:00,49.13800000000001,1.4006129570722954,False
2014-02-24 08:27:00,41.81399999999999,-0.30123205071083886,False
2014-02-24 08:32:00,42.348,-0.1771488674563056,False
2014-02-24 08:37:00,43.522,0.09564824329429428,False
2014-02-24 08:42:00,38.944,-0.9681210693260172,False
2014-02-24 08:47:00,47.112,0.9298404303425523,False
2014-02-24 08:52:00,43.68600000000001,0.13375618721516372,False
2014-02-24 08:57:00,45.51600000000001,0.5589850736492348,False
2014-02-24 09:02:00,43.662,0.12817941493405932,False
2014-02-24 09:07:00,41.502,-0.37373009036516985,False
2014-02-24 09:12:00,46.76,0.8480477702197139,False
2014-02-24 09:17:00,43.896,0.18255294467480962,False
2014-02-24 09:22:00,44.202,0.2536567912588666,False
2014-02-24 09:27:00,42.112,-0.23198712822048004,False
2014-02-24 09:32:00,41.672,-0.334227953374028,False
2014-02-24 09:37:00,46.38399999999999,0.7606783378157728,False
2014-02-24 09:42:00,43.716,0.14072715256654053,False
2014-02-24 09:47:00,43.996,0.20578949584607062,False
2014-02-24 09:52:00,42.432,-0.1576301644724459,False
2014-02-24 09:57:00,42.512,-0.1390409235354378,False
2014-02-24 10:02:00,44.108,0.2318144331578813,False
2014-02-24 10:07:00,45.422,0.5371427155482462,False
2014-02-24 10:12:00,43.61600000000001,0.11749060139528121,False
2014-02-24 10:17:00,42.984,-0.02936440200708724,False
2014-02-24 10:22:00,40.212,-0.673481600474432,False
2014-02-24 10:27:00,47.16,0.9409939749047561,False
2014-02-24 10:32:00,43.56800000000001,0.10633705683307733,False
2014-02-24 10:37:00,43.24,0.03012116899134007,False
2014-02-24 10:42:00,42.868,-0.05631880136574951,False
2014-02-24 10:47:00,39.86,-0.7552742605972704,False
2014-02-24 10:52:00,46.784,0.8536245425008167,False
2014-02-24 10:57:00,45.024,0.44466124188662975,False
2014-02-24 11:02:00,43.662,0.12817941493405932,False
2014-02-24 11:07:00,44.404,0.30059462462481434,False
2014-02-24 11:12:00,40.846,-0.5261618660486411,False
2014-02-24 11:17:00,45.774,0.6189353756710846,False
2014-02-24 11:22:00,43.49800000000001,0.0900714710131948,False
2014-02-24 11:27:00,44.36600000000001,0.29176473517973606,False
2014-02-24 11:32:00,43.192,0.018967624429134536,False
2014-02-24 11:37:00,41.738,-0.31889182960099544,False
2014-02-24 11:42:00,44.746,0.3800636296305255,False
2014-02-24 11:47:00,38.744,-1.0145941716685392,False
2014-02-24 11:52:00,47.01600000000001,0.9075333412181446,False
2014-02-24 11:57:00,44.39,0.29734150746083715,False
2014-02-24 12:02:00,41.692,-0.32958064313977514,False
2014-02-24 12:07:00,46.056,0.6844624499740388,False
2014-02-24 12:12:00,39.226,-0.9025939950230629,False
2014-02-24 12:17:00,47.042,0.9135748445226698,False
2014-02-24 12:22:00,43.256,0.03383901717874136,False
2014-02-24 12:27:00,43.414,0.07055276802933348,False
2014-02-24 12:32:00,42.488,-0.14461769581654055,False
2014-02-24 12:37:00,39.844,-0.7589921087846717,False
2014-02-24 12:42:00,46.306,0.7425538279021904,False
2014-02-24 12:47:00,43.19,0.018502893405708754,False
2014-02-24 12:52:00,43.81,0.1625695106675258,False
2014-02-24 12:57:00,44.694,0.36798062302147,False
2014-02-24 13:02:00,41.174,-0.44994597820690546,False
2014-02-24 13:07:00,47.39,0.9944380425986565,False
2014-02-24 13:12:00,39.298,-0.8858636781797546,False
2014-02-24 13:17:00,49.58600000000001,1.5047127063195431,False
2014-02-24 13:22:00,43.1,-0.0024100026484249687,False
2014-02-24 13:27:00,42.184,-0.2152568113771734,False
2014-02-24 13:32:00,45.022,0.444196510863204,False
2014-02-24 13:37:00,39.4,-0.8621623959850696,False
2014-02-24 13:42:00,48.48,1.2477164503653968,False
2014-02-24 13:47:00,42.308,-0.18644348792480966,False
2014-02-24 13:52:00,42.112,-0.23198712822048004,False
2014-02-24 13:57:00,46.948,0.8917324864216845,False
2014-02-24 14:02:00,38.802,-1.001116971989208,False
2014-02-24 14:07:00,50.63399999999999,1.7482317625943502,False
2014-02-24 14:12:00,41.552,-0.3621118147795402,False
2014-02-24 14:17:00,41.844,-0.2942610853594587,False
2014-02-24 14:22:00,45.14,0.47161564124529204,False
2014-02-24 14:27:00,39.272,-0.8919051814842832,False
2014-02-24 14:32:00,49.47,1.4777583069608777,False
2014-02-24 14:37:00,42.3,-0.18830241201851114,False
2014-02-24 14:42:00,40.69,-0.5624108858758075,False
2014-02-24 14:47:00,45.916,0.6519312783342738,False
2014-02-24 14:52:00,38.944,-0.9681210693260172,False
2014-02-24 14:57:00,51.042,1.8430368913730957,False
2014-02-24 15:02:00,41.83,-0.2975142025234359,False
2014-02-24 15:07:00,43.17,0.01385558317145755,False
2014-02-24 15:12:00,44.508,0.32476063784292525,False
2014-02-24 15:17:00,39.178,-0.9137475395852684,False
2014-02-24 15:22:00,47.19,0.9479649402561346,False
2014-02-24 15:27:00,43.708,0.13886822847283906,False
2014-02-24 15:32:00,40.916,-0.5098962802287585,False
2014-02-24 15:37:00,43.178,0.01571450726515737,False
2014-02-24 15:42:00,40.184,-0.6799878348023863,False
2014-02-24 15:47:00,49.428,1.4679989554689479,False
2014-02-24 15:52:00,42.23,-0.20456799783839366,False
2014-02-24 15:57:00,44.272,0.2699223770787491,False
2014-02-24 16:02:00,43.874,0.17744090341713264,False
2014-02-24 16:07:00,40.912,-0.5108257422756085,False
2014-02-24 16:12:00,47.678,1.0613593099718865,False
2014-02-24 16:17:00,42.88800000000001,-0.051671491131495,False
2014-02-24 16:22:00,42.728,-0.08884997300551455,False
2014-02-24 16:27:00,43.432,0.07473534724016055,False
2014-02-24 16:32:00,40.024,-0.7171663166764026,False
2014-02-24 16:37:00,45.926,0.6542549334514011,False
2014-02-24 16:42:00,44.13800000000001,0.23878539850926309,False
2014-02-24 16:47:00,44.24800000000001,0.2643456047976497,False
2014-02-24 16:52:00,42.87,-0.05585407034232538,False
2014-02-24 16:57:00,41.808,-0.3026262437811129,False
2014-02-24 17:02:00,46.37,0.7574252206517973,False
2014-02-24 17:07:00,44.6,0.3461382649204847,False
2014-02-24 17:12:00,43.356,0.05707556835000234,False
2014-02-24 17:17:00,43.95,0.19510068230729086,False
2014-02-24 17:22:00,39.342,-0.8756395956644006,False
2014-02-24 17:27:00,46.268,0.7337239384571121,False
2014-02-24 17:32:00,43.356,0.05707556835000234,False
2014-02-24 17:37:00,44.578,0.34102622366280777,False
2014-02-24 17:42:00,42.606,-0.1171985654344525,False
2014-02-24 17:47:00,41.902,-0.28078388568012763,False
2014-02-24 17:52:00,46.262,0.7323297453868365,False
2014-02-24 17:57:00,44.882,0.41166533922343895,False
2014-02-24 18:02:00,44.108,0.2318144331578813,False
2014-02-24 18:07:00,44.53,0.3298726791006022,False
2014-02-24 18:12:00,39.734,-0.7845523150730582,False
2014-02-24 18:17:00,41.824,-0.2989083955937116,False
2014-02-24 18:22:00,38.826,-0.9955401997081053,False
2014-02-24 18:27:00,38.542,-1.0615320050344852,False
2014-02-24 18:32:00,41.512,-0.3714064352480443,False
2014-02-24 18:37:00,34.766,-1.938944177261288,False
2014-02-24 18:42:00,43.1,-0.0024100026484249687,False
2014-02-24 18:47:00,38.826,-0.9955401997081053,False
2014-02-24 18:52:00,37.206,-1.3719723286825272,False
2014-02-24 18:57:00,42.982,-0.02982913303051302,False
2014-02-24 19:02:00,35.174,-1.8441390484825442,False
2014-02-24 19:07:00,44.76600000000001,0.38471093986477994,False
2014-02-24 19:12:00,39.766,-0.7771166186982557,False
2014-02-24 19:17:00,35.254,-1.825549807545536,False
2014-02-24 19:22:00,42.816,-0.06840180797480495,False
2014-02-24 19:27:00,38.916,-0.9746273036539715,False
2014-02-24 19:32:00,38.724,-1.019241481902792,False
2014-02-24 19:37:00,40.264,-0.6613985938653766,False
2014-02-24 19:42:00,36.08,-1.6336158948709232,False
2014-02-24 19:47:00,43.098,-0.0028747336718507495,False
2014-02-24 19:52:00,39.096,-0.9328015115457023,False
2014-02-24 19:57:00,39.71,-0.790129087354161,False
2014-02-24 20:02:00,41.114,-0.46388790890966236,False
2014-02-24 20:07:00,37.066,-1.404503500322292,False
2014-02-24 20:12:00,43.428,0.07380588519330898,False
2014-02-24 20:17:00,39.18,-0.9132828085618427,False
2014-02-24 20:22:00,35.938,-1.6666117975341121,False
2014-02-24 20:27:00,42.724,-0.08977943505236612,False
2014-02-24 20:32:00,39.35,-0.8737806715706992,False
2014-02-24 20:37:00,38.192,-1.1428599341338979,False
2014-02-24 20:42:00,40.506,-0.6051661400309264,False
2014-02-24 20:47:00,35.774,-1.70471974145498,False
2014-02-24 20:52:00,43.68600000000001,0.13375618721516372,False
2014-02-24 20:57:00,41.502,-0.37373009036516985,False
2014-02-24 21:02:00,35.984,-1.6559229839953324,False
2014-02-24 21:07:00,44.642,0.3558976164124146,False
2014-02-24 21:12:00,39.34,-0.8761043266878248,False
2014-02-24 21:17:00,37.794,-1.2353414077955158,False
2014-02-24 21:22:00,40.688,-0.5628756168992315,False
2014-02-24 21:27:00,34.86,-1.9171018191603026,False
2014-02-24 21:32:00,43.45,0.07891792645098762,False
2014-02-24 21:37:00,39.482,-0.8431084240246357,False
2014-02-24 21:42:00,34.954,-1.8952594610593174,False
2014-02-24 21:47:00,50.728,1.7700741206953372,False
2014-02-24 21:52:00,45.892,0.6463545060531727,False
2014-02-24 21:57:00,68.092,5.804868866073035,True
2014-02-24 22:02:00,37.816,-1.2302293665378372,False
2014-02-24 22:07:00,40.446,-0.6191080707336833,False
2014-02-24 22:12:00,36.878,-1.4481882165242628,False
2014-02-24 22:17:00,37.87,-1.2176816289053578,False
2014-02-24 22:22:00,37.536,-1.2952917098173673,False
2014-02-24 22:27:00,37.564,-1.2887854754894146,False
2014-02-24 22:32:00,39.296,-0.8863284092031805,False
2014-02-24 22:37:00,36.596,-1.5137152908272185,False
2014-02-24 22:42:00,38.616,-1.0443369571677528,False
2014-02-24 22:47:00,36.478,-1.541134421209305,False
2014-02-24 22:52:00,37.394,-1.3282876124805583,False
2014-02-24 22:57:00,39.812,-0.766427805159476,False
2014-02-24 23:02:00,37.96,-1.1967687328512224,False
2014-02-24 23:07:00,40.516,-0.6028424849138008,False
2014-02-24 23:12:00,38.01,-1.1851504572655926,False
2014-02-24 23:17:00,37.84,-1.2246525942567346,False
2014-02-24 23:22:00,37.886,-1.2139637807179549,False
2014-02-24 23:27:00,38.076,-1.1698143334925601,False
2014-02-24 23:32:00,38.24,-1.1317063895716923,False
2014-02-24 23:37:00,37.3,-1.3501299705815435,False
2014-02-24 23:42:00,40.328,-0.6465272011157698,False
2014-02-24 23:47:00,36.83,-1.4593417610864683,False
2014-02-24 23:52:00,38.458,-1.081050708018345,False
2014-02-24 23:57:00,39.366,-0.8700628233832979,False
2014-02-25 00:02:00,38.404,-1.0935984456508245,False
2014-02-25 00:07:00,39.272,-0.8919051814842832,False
2014-02-25 00:12:00,39.062,-0.9407019389439307,False
2014-02-25 00:17:00,36.616,-1.5090679805929657,False
2014-02-25 00:22:00,37.658,-1.2669431173884294,False
2014-02-25 00:27:00,37.77,-1.2409181800766171,False
2014-02-25 00:32:00,38.428,-1.0880216733697234,False
2014-02-25 00:37:00,37.934,-1.202810236155751,False
2014-02-25 00:42:00,37.858,-1.2204700150459091,False
2014-02-25 00:47:00,37.672,-1.263690000224454,False
2014-02-25 00:52:00,37.7,-1.2571837658964995,False
2014-02-25 00:57:00,40.204,-0.6753405245681334,False
2014-02-25 01:02:00,38.146,-1.1535487476726776,False
2014-02-25 01:07:00,39.56800000000001,-0.8231249900173485,False
2014-02-25 01:12:00,37.746,-1.2464949523577198,False
2014-02-25 01:17:00,38.434,-1.0866274802994476,False
2014-02-25 01:22:00,37.606,-1.279026123997485,False
2014-02-25 01:27:00,37.832,-1.226511518350436,False
2014-02-25 01:32:00,37.816,-1.2302293665378372,False
2014-02-25 01:37:00,38.408,-1.0926689836039745,False
2014-02-25 01:42:00,37.922,-1.2055986222963022,False
2014-02-25 01:47:00,38.808,-0.9997227789189322,False
2014-02-25 01:52:00,38.116,-1.160519713024056,False
2014-02-25 01:57:00,40.416,-0.6260790360850618,False
2014-02-25 02:02:00,38.31,-1.1154408037518098,False
2014-02-25 02:07:00,40.678,-0.5651992720163588,False
2014-02-25 02:12:00,36.666,-1.497449705007336,False
2014-02-25 02:17:00,37.84,-1.2246525942567346,False
2014-02-25 02:22:00,38.004,-1.1865446503358683,False
2014-02-25 02:27:00,38.122,-1.1591255199537802,False
2014-02-25 02:32:00,38.192,-1.1428599341338979,False
2014-02-25 02:37:00,38.742,-1.015058902691965,False
2014-02-25 02:42:00,37.84,-1.2246525942567346,False
2014-02-25 02:47:00,37.558,-1.2901796685596905,False
2014-02-25 02:52:00,37.794,-1.2353414077955158,False
2014-02-25 02:57:00,40.164,-0.6846351450366376,False
2014-02-25 03:02:00,38.31,-1.1154408037518098,False
2014-02-25 03:07:00,40.316,-0.6493155872563211,False
2014-02-25 03:12:00,37.768,-1.2413829111000427,False
2014-02-25 03:17:00,40.416,-0.6260790360850618,False
2014-02-25 03:22:00,37.91,-1.2083870084368538,False
2014-02-25 03:27:00,38.686,-1.0280713713478702,False
2014-02-25 03:32:00,37.046,-1.409150810556545,False
2014-02-25 03:37:00,38.316,-1.114046610681534,False
2014-02-25 03:42:00,37.904,-1.2097812015071276,False
2014-02-25 03:47:00,40.098,-0.6999712688096702,False
2014-02-25 03:52:00,36.836,-1.4579475680161926,False
2014-02-25 03:57:00,40.798,-0.537315410610845,False
2014-02-25 04:02:00,37.816,-1.2302293665378372,False
2014-02-25 04:07:00,40.352,-0.6409504288346686,False
2014-02-25 04:12:00,38.076,-1.1698143334925601,False
2014-02-25 04:17:00,37.936,-1.202345505132325,False
2014-02-25 04:22:00,37.902,-1.2102459325305535,False
2014-02-25 04:27:00,37.88800000000001,-1.2134990496945273,False
2014-02-25 04:32:00,39.06,-0.9411666699673549,False
2014-02-25 04:37:00,36.496,-1.5369518419984778,False
2014-02-25 04:42:00,38.286,-1.1210175760329124,False
2014-02-25 04:47:00,37.394,-1.3282876124805583,False
2014-02-25 04:52:00,38.088,-1.1670259473520086,False
2014-02-25 04:57:00,39.84,-0.7599215708315216,False
2014-02-25 05:02:00,38.13,-1.1572665958600787,False
2014-02-25 05:07:00,40.54,-0.597265712632698,False
2014-02-25 05:12:00,38.192,-1.1428599341338979,False
2014-02-25 05:17:00,37.724,-1.2516069936153984,False
2014-02-25 05:22:00,38.004,-1.1865446503358683,False
2014-02-25 05:27:00,38.756,-1.0118057855279878,False
2014-02-25 05:32:00,37.042,-1.410080272603395,False
2014-02-25 05:37:00,37.708,-1.2553248418027998,False
2014-02-25 05:42:00,39.366,-0.8700628233832979,False
2014-02-25 05:47:00,37.784,-1.2376650629126416,False
2014-02-25 05:52:00,39.084,-0.9355898976862521,False
2014-02-25 05:57:00,38.944,-0.9681210693260172,False
2014-02-25 06:02:00,38.95,-0.9667268762557415,False
2014-02-25 06:07:00,38.904,-0.9774156897945212,False
2014-02-25 06:12:00,37.982,-1.1916566915935454,False
2014-02-25 06:17:00,37.934,-1.202810236155751,False
2014-02-25 06:22:00,38.364,-1.1028930661193301,False
2014-02-25 06:27:00,37.254,-1.3608187841203232,False
2014-02-25 06:32:00,38.868,-0.9857808482161754,False
2014-02-25 06:37:00,37.16,-1.3826611422213084,False
2014-02-25 06:42:00,37.678,-1.262295807154178,False
2014-02-25 06:47:00,36.08,-1.6336158948709232,False
2014-02-25 06:52:00,37.652,-1.268337310458705,False
2014-02-25 06:57:00,39.76,-0.7785108117685313,False
2014-02-25 07:02:00,38.032,-1.1800384160079156,False
2014-02-25 07:07:00,39.642,-0.8059299421506178,False
2014-02-25 07:12:00,39.108,-0.930013125405151,False
2014-02-25 07:17:00,36.62,-1.5081385185461158,False
2014-02-25 07:22:00,38.778,-1.0066937442703108,False
2014-02-25 07:27:00,35.31,-1.812537338889629,False
2014-02-25 07:32:00,36.81800000000001,-1.4621301472270163,False
2014-02-25 07:37:00,38.076,-1.1698143334925601,False
2014-02-25 07:42:00,39.32,-0.8807516369220777,False
2014-02-25 07:47:00,37.558,-1.2901796685596905,False
2014-02-25 07:52:00,37.84,-1.2246525942567346,False
2014-02-25 07:57:00,39.83,-0.7622452259486489,False
2014-02-25 08:02:00,39.722,-0.7873407012136097,False
2014-02-25 08:07:00,38.146,-1.1535487476726776,False
2014-02-25 08:12:00,37.7,-1.2571837658964995,False
2014-02-25 08:17:00,37.41,-1.3245697642931569,False
2014-02-25 08:22:00,37.816,-1.2302293665378372,False
2014-02-25 08:27:00,37.934,-1.202810236155751,False
2014-02-25 08:32:00,37.746,-1.2464949523577198,False
2014-02-25 08:37:00,37.974,-1.1935156156872468,False
2014-02-25 08:42:00,37.672,-1.263690000224454,False
2014-02-25 08:47:00,38.036,-1.1791089539610642,False
2014-02-25 08:52:00,38.76,-1.0108763234811378,False
2014-02-25 08:57:00,39.014,-0.9518554835061347,False
2014-02-25 09:02:00,38.076,-1.1698143334925601,False
2014-02-25 09:07:00,39.548,-0.8277723002516031,False
2014-02-25 09:12:00,38.218,-1.1368184308293692,False
2014-02-25 09:17:00,38.146,-1.1535487476726776,False
2014-02-25 09:22:00,38.686,-1.0280713713478702,False
2014-02-25 09:27:00,36.908,-1.4412172511728842,False
2014-02-25 09:32:00,37.682,-1.2613663451073267,False
2014-02-25 09:37:00,38.216,-1.137283161852795,False
2014-02-25 09:42:00,38.708,-1.0229593300901934,False
2014-02-25 09:47:00,38.132,-1.1568018648366547,False
2014-02-25 09:52:00,38.38,-1.0991752179319272,False
2014-02-25 09:57:00,39.672,-0.798958976799241,False
2014-02-25 10:02:00,38.476,-1.0768681288075177,False
2014-02-25 10:07:00,39.294,-0.8867931402266063,False
2014-02-25 10:12:00,38.826,-0.9955401997081053,False
2014-02-25 10:17:00,37.042,-1.410080272603395,False
2014-02-25 10:22:00,38.968,-0.9625442970449144,False
2014-02-25 10:27:00,36.76,-1.4756073469063506,False
2014-02-25 10:32:00,37.816,-1.2302293665378372,False
2014-02-25 10:37:00,38.616,-1.0443369571677528,False
2014-02-25 10:42:00,37.37,-1.333864384761661,False
2014-02-25 10:47:00,38.802,-1.001116971989208,False
2014-02-25 10:52:00,37.206,-1.3719723286825272,False
2014-02-25 10:57:00,40.254,-0.6637222489825039,False
2014-02-25 11:02:00,38.076,-1.1698143334925601,False
2014-02-25 11:07:00,40.2,-0.6762699866149834,False
2014-02-25 11:12:00,38.092,-1.1660964853051587,False
2014-02-25 11:17:00,38.262,-1.1265943483140153,False
2014-02-25 11:22:00,37.536,-1.2952917098173673,False
2014-02-25 11:27:00,38.63800000000001,-1.0392249159100724,False
2014-02-25 11:32:00,36.826,-1.4602712231333181,False
2014-02-25 11:37:00,38.148,-1.1530840166492518,False
2014-02-25 11:42:00,38.54,-1.061996736057911,False
2014-02-25 11:47:00,38.65,-1.0364365297695244,False
2014-02-25 11:52:00,38.098,-1.164702292234883,False
2014-02-25 11:57:00,40.704,-0.5591577687118302,False
2014-02-25 12:02:00,38.122,-1.1591255199537802,False
2014-02-25 12:07:00,40.026,-0.7167015856529768,False
2014-02-25 12:12:00,38.262,-1.1265943483140153,False
2014-02-25 12:17:00,37.512,-1.3008684820984702,False
2014-02-25 12:22:00,38.334,-1.109864031470707,False
2014-02-25 12:27:00,37.676,-1.2627605381776024,False
2014-02-25 12:32:00,38.332,-1.1103287624941327,False
2014-02-25 12:37:00,37.816,-1.2302293665378372,False
2014-02-25 12:42:00,37.936,-1.202345505132325,False
2014-02-25 12:47:00,37.964,-1.1958392708043724,False
2014-02-25 12:52:00,38.13800000000001,-1.1554076717663757,False
2014-02-25 12:57:00,40.392,-0.6316558083661629,False
2014-02-25 13:02:00,38.356,-1.10475199021303,False
2014-02-25 13:07:00,39.856,-0.7562037226441203,False
2014-02-25 13:12:00,38.686,-1.0280713713478702,False
2014-02-25 13:17:00,38.136,-1.155872402789803,False
2014-02-25 13:22:00,37.488,-1.3064452543795728,False
2014-02-25 13:27:00,37.696,-1.2581132279433511,False
2014-02-25 13:32:00,37.816,-1.2302293665378372,False
2014-02-25 13:37:00,38.286,-1.1210175760329124,False
2014-02-25 13:42:00,38.198,-1.1414657410636222,False
2014-02-25 13:47:00,39.868,-0.753415336503569,False
2014-02-25 13:52:00,37.348,-1.338976426019338,False
2014-02-25 13:57:00,41.362,-0.4062612620049349,False
2014-02-25 14:02:00,37.77,-1.2409181800766171,False
2014-02-25 14:07:00,39.178,-0.9137475395852684,False
2014-02-25 14:12:00,37.816,-1.2302293665378372,False
2014-02-25 14:17:00,38.004,-1.1865446503358683,False
2014-02-25 14:22:00,37.562,-1.2892502065128404,False
2014-02-25 14:27:00,38.052,-1.1753911057736628,False
2014-02-25 14:32:00,37.63,-1.273449351716382,False
2014-02-25 14:37:00,38.714,-1.0215651370199175,False
2014-02-25 14:42:00,35.97400000000001,-1.6582466391124564,False
2014-02-25 14:47:00,37.934,-1.202810236155751,False
2014-02-25 14:52:00,38.454,-1.0819801700651948,False
2014-02-25 14:57:00,39.154,-0.9193243118663696,False
2014-02-25 15:02:00,38.742,-1.015058902691965,False
2014-02-25 15:07:00,39.094,-0.9332662425691265,False
2014-02-25 15:12:00,38.592,-1.0499137294488556,False
2014-02-25 15:17:00,37.206,-1.3719723286825272,False
2014-02-25 15:22:00,38.726,-1.0187767508793661,False
2014-02-25 15:27:00,37.87,-1.2176816289053578,False
2014-02-25 15:32:00,37.88800000000001,-1.2134990496945273,False
2014-02-25 15:37:00,39.436,-0.8537972375634154,False
2014-02-25 15:42:00,36.4,-1.559258931122889,False
2014-02-25 15:47:00,38.662,-1.033648143628973,False
2014-02-25 15:52:00,37.91,-1.2083870084368538,False
2014-02-25 15:57:00,40.54,-0.597265712632698,False
2014-02-25 16:02:00,37.606,-1.279026123997485,False
2014-02-25 16:07:00,40.142,-0.6897471862943145,False
2014-02-25 16:12:00,37.348,-1.338976426019338,False
2014-02-25 16:17:00,38.544,-1.0610672740110612,False
2014-02-25 16:22:00,36.714,-1.4862961604451306,False
2014-02-25 16:27:00,37.724,-1.2516069936153984,False
2014-02-25 16:32:00,37.9,-1.2107106635539793,False
2014-02-25 16:37:00,37.84,-1.2246525942567346,False
2014-02-25 16:42:00,38.17,-1.1479719753915747,False
2014-02-25 16:47:00,37.676,-1.2627605381776024,False
2014-02-25 16:52:00,37.588,-1.283208703208312,False
2014-02-25 16:57:00,41.22,-0.4392571646681257,False
2014-02-25 17:02:00,36.824,-1.460735954156744,False
2014-02-25 17:07:00,40.822,-0.5317386383297422,False
2014-02-25 17:12:00,37.24,-1.3640719012842988,False
2014-02-25 17:17:00,37.724,-1.2516069936153984,False
2014-02-25 17:22:00,37.746,-1.2464949523577198,False
2014-02-25 17:27:00,39.484,-0.8426436930012099,False
2014-02-25 17:32:00,36.744,-1.479325195093752,False
2014-02-25 17:37:00,37.724,-1.2516069936153984,False
2014-02-25 17:42:00,38.004,-1.1865446503358683,False
2014-02-25 17:47:00,38.762,-1.010411592457712,False
2014-02-25 17:52:00,37.958,-1.197233463874648,False
2014-02-25 17:57:00,39.886,-0.7492327572927419,False
2014-02-25 18:02:00,38.474,-1.0773328598309435,False
2014-02-25 18:07:00,40.376,-0.6353736565535658,False
2014-02-25 18:12:00,37.3,-1.3501299705815435,False
2014-02-25 18:17:00,38.146,-1.1535487476726776,False
2014-02-25 18:22:00,37.112,-1.3938146867835124,False
2014-02-25 18:27:00,38.266,-1.1256648862671654,False
2014-02-25 18:32:00,37.394,-1.3282876124805583,False
2014-02-25 18:37:00,38.916,-0.9746273036539715,False
2014-02-25 18:42:00,36.76,-1.4756073469063506,False
2014-02-25 18:47:00,39.062,-0.9407019389439307,False
2014-02-25 18:52:00,36.902,-1.44261144424316,False
2014-02-25 18:57:00,39.508,-0.8370669207201071,False
2014-02-25 19:02:00,38.756,-1.0118057855279878,False
2014-02-25 19:07:00,38.968,-0.9625442970449144,False
2014-02-25 19:12:00,39.342,-0.8756395956644006,False
2014-02-25 19:17:00,37.09,-1.3989267280411894,False
2014-02-25 19:22:00,38.682,-1.0290008333947203,False
2014-02-25 19:27:00,37.214,-1.3701134045888272,False
2014-02-25 19:32:00,37.582,-1.2846028962785876,False
2014-02-25 19:37:00,38.246,-1.1303121965014167,False
2014-02-25 19:42:00,38.262,-1.1265943483140153,False
2014-02-25 19:47:00,38.532,-1.0638556601516125,False
2014-02-25 19:52:00,38.192,-1.1428599341338979,False
2014-02-25 19:57:00,39.296,-0.8863284092031805,False
2014-02-25 20:02:00,38.162,-1.1498308994852762,False
2014-02-25 20:07:00,39.128,-0.9253658151708981,False
2014-02-25 20:12:00,37.944,-1.2004865810386236,False
2014-02-25 20:17:00,37.512,-1.3008684820984702,False
2014-02-25 20:22:00,38.992,-0.9569675247638133,False
2014-02-25 20:27:00,36.582,-1.516968407991194,False
2014-02-25 20:32:00,37.724,-1.2516069936153984,False
2014-02-25 20:37:00,37.934,-1.202810236155751,False
2014-02-25 20:42:00,37.91,-1.2083870084368538,False
2014-02-25 20:47:00,37.77,-1.2409181800766171,False
2014-02-25 20:52:00,38.262,-1.1265943483140153,False
2014-02-25 20:57:00,39.154,-0.9193243118663696,False
2014-02-25 21:02:00,38.356,-1.10475199021303,False
2014-02-25 21:07:00,39.456,-0.8491499273291625,False
2014-02-25 21:12:00,38.622,-1.042942764097477,False
2014-02-25 21:17:00,37.474,-1.30969837154355,False
2014-02-25 21:22:00,38.034,-1.17957368498449,False
2014-02-25 21:27:00,38.462,-1.0801212459714933,False
2014-02-25 21:32:00,36.756,-1.4765368089532007,False
2014-02-25 21:37:00,38.05,-1.1758558367970886,False
2014-02-25 21:42:00,37.84,-1.2246525942567346,False
2014-02-25 21:47:00,37.91,-1.2083870084368538,False
2014-02-25 21:52:00,38.004,-1.1865446503358683,False
2014-02-25 21:57:00,40.234,-0.668369559216755,False
2014-02-25 22:02:00,38.122,-1.1591255199537802,False
2014-02-25 22:07:00,39.484,-0.8426436930012099,False
2014-02-25 22:12:00,38.044,-1.1772500298673643,False
2014-02-25 22:17:00,38.732,-1.0173825578090905,False
2014-02-25 22:22:00,37.582,-1.2846028962785876,False
2014-02-25 22:27:00,37.29,-1.352453625698669,False
2014-02-25 22:32:00,38.356,-1.10475199021303,False
2014-02-25 22:37:00,38.46,-1.080585976994919,False
2014-02-25 22:42:00,36.972,-1.4263458584232773,False
2014-02-25 22:47:00,38.732,-1.0173825578090905,False
2014-02-25 22:52:00,36.67,-1.4965202429604845,False
2014-02-25 22:57:00,40.454,-0.6172491466399819,False
2014-02-25 23:02:00,36.572,-1.5192920631083198,False
2014-02-25 23:07:00,40.894,-0.5150083214864355,False
2014-02-25 23:12:00,36.644,-1.502561746265013,False
2014-02-25 23:17:00,38.004,-1.1865446503358683,False
2014-02-25 23:22:00,38.098,-1.164702292234883,False
2014-02-25 23:27:00,37.746,-1.2464949523577198,False
2014-02-25 23:32:00,37.802,-1.2334824837018143,False
2014-02-25 23:37:00,38.262,-1.1265943483140153,False
2014-02-25 23:42:00,38.562,-1.056884694800234,False
2014-02-25 23:47:00,39.21,-0.9063118432104642,False
2014-02-25 23:52:00,37.508,-1.30179794414532,False
2014-02-25 23:57:00,40.752,-0.5480042241496247,False
2014-02-26 00:02:00,37.746,-1.2464949523577198,False
2014-02-26 00:07:00,40.618,-0.5791412027191141,False
2014-02-26 00:12:00,37.75,-1.24556549031087,False
2014-02-26 00:17:00,38.356,-1.10475199021303,False
2014-02-26 00:22:00,35.278,-1.8199730352644334,False
2014-02-26 00:27:00,38.146,-1.1535487476726776,False
2014-02-26 00:32:00,37.95,-1.199092387968348,False
2014-02-26 00:37:00,38.31,-1.1154408037518098,False
2014-02-26 00:42:00,38.808,-0.9997227789189322,False
2014-02-26 00:47:00,37.912,-1.207922277413428,False
2014-02-26 00:52:00,36.93,-1.4361052099152072,False
2014-02-26 00:57:00,39.862,-0.7548095295738446,False
2014-02-26 01:02:00,38.004,-1.1865446503358683,False
2014-02-26 01:07:00,39.312,-0.8826105610157792,False
2014-02-26 01:12:00,36.268,-1.5899311786689525,False
2014-02-26 01:17:00,37.612,-1.277631930927209,False
2014-02-26 01:22:00,37.88800000000001,-1.2134990496945273,False
2014-02-26 01:27:00,38.356,-1.10475199021303,False
2014-02-26 01:32:00,37.802,-1.2334824837018143,False
2014-02-26 01:37:00,38.056,-1.174461643726813,False
2014-02-26 01:42:00,38.802,-1.001116971989208,False
2014-02-26 01:47:00,39.132,-0.9244363531240483,False
2014-02-26 01:52:00,38.636,-1.0396896469335,False
2014-02-26 01:57:00,39.954,-0.7334319024962851,False
2014-02-26 02:02:00,38.788,-1.004370089153185,False
2014-02-26 02:07:00,40.056,-0.7097306203016,False
2014-02-26 02:12:00,38.708,-1.0229593300901934,False
2014-02-26 02:17:00,35.93,-1.6684707216278136,False
2014-02-26 02:22:00,36.806,-1.464918533367571,False
2014-02-26 02:27:00,37.376,-1.3324701916913853,False
2014-02-26 02:32:00,37.864,-1.2190758219756335,False
2014-02-26 02:37:00,37.966,-1.1953745397809465,False
2014-02-26 02:42:00,37.746,-1.2464949523577198,False
2014-02-26 02:47:00,37.652,-1.268337310458705,False
2014-02-26 02:52:00,38.05,-1.1758558367970886,False
2014-02-26 02:57:00,40.0,-0.7227430889575054,False
2014-02-26 03:02:00,38.028,-1.1809678780547657,False
2014-02-26 03:07:00,39.554,-0.8263781071813273,False
2014-02-26 03:12:00,37.864,-1.2190758219756335,False
2014-02-26 03:17:00,39.954,-0.7334319024962851,False
2014-02-26 03:22:00,37.794,-1.2353414077955158,False
2014-02-26 03:27:00,36.254,-1.5931842958329296,False
2014-02-26 03:32:00,37.254,-1.3608187841203232,False
2014-02-26 03:37:00,37.06800000000001,-1.4040387692988647,False
2014-02-26 03:42:00,38.968,-0.9625442970449144,False
2014-02-26 03:47:00,37.512,-1.3008684820984702,False
2014-02-26 03:52:00,39.33,-0.8784279818049521,False
2014-02-26 03:57:00,38.78,-1.006229013246885,False
2014-02-26 04:02:00,38.896,-0.9792746138882227,False
2014-02-26 04:07:00,38.942,-0.968585800349443,False
2014-02-26 04:12:00,38.11,-1.1619139060943318,False
2014-02-26 04:17:00,37.99800000000001,-1.1879388434061409,False
2014-02-26 04:22:00,38.92,-0.9736978416071199,False
2014-02-26 04:27:00,36.954,-1.4305284376341045,False
2014-02-26 04:32:00,37.964,-1.1958392708043724,False
2014-02-26 04:37:00,37.276,-1.3557067428626446,False
2014-02-26 04:42:00,38.686,-1.0280713713478702,False
2014-02-26 04:47:00,37.23,-1.366395556401426,False
2014-02-26 04:52:00,37.504,-1.3027274061921716,False
2014-02-26 04:57:00,39.418,-0.8579798167742425,False
2014-02-26 05:02:00,37.906,-1.2093164704837036,False
2014-02-26 05:07:00,39.414,-0.8589092788210924,False
2014-02-26 05:12:00,38.462,-1.0801212459714933,False
2014-02-26 05:17:00,37.668,-1.2646194622713038,False
2014-02-26 05:22:00,38.458,-1.081050708018345,False
2014-02-26 05:27:00,37.336,-1.3417648121598893,False
2014-02-26 05:32:00,38.504,-1.0703618944795652,False
2014-02-26 05:37:00,37.276,-1.3557067428626446,False
2014-02-26 05:42:00,39.6,-0.8156892936425476,False
2014-02-26 05:47:00,37.254,-1.3608187841203232,False
2014-02-26 05:52:00,38.028,-1.1809678780547657,False
2014-02-26 05:57:00,40.094,-0.70090073085652,False
2014-02-26 06:02:00,38.122,-1.1591255199537802,False
2014-02-26 06:07:00,39.65,-0.8040710180569179,False
2014-02-26 06:12:00,38.92,-0.9736978416071199,False
2014-02-26 06:17:00,36.808,-1.4644538023441451,False
2014-02-26 06:22:00,37.44,-1.3175987989417783,False
2014-02-26 06:27:00,37.976,-1.193050884663821,False
2014-02-26 06:32:00,39.064,-0.940237207920505,False
2014-02-26 06:37:00,36.808,-1.4644538023441451,False
2014-02-26 06:42:00,37.554,-1.2911091306065403,False
2014-02-26 06:47:00,38.83,-0.9946107376612553,False
2014-02-26 06:52:00,36.572,-1.5192920631083198,False
2014-02-26 06:57:00,39.912,-0.743191253988215,False
2014-02-26 07:02:00,38.076,-1.1698143334925601,False
2014-02-26 07:07:00,40.234,-0.668369559216755,False
2014-02-26 07:12:00,37.624,-1.2748435447866577,False
2014-02-26 07:17:00,38.616,-1.0443369571677528,False
2014-02-26 07:22:00,38.366,-1.1024283350959043,False
2014-02-26 07:27:00,37.254,-1.3608187841203232,False
2014-02-26 07:32:00,37.536,-1.2952917098173673,False
2014-02-26 07:37:00,38.122,-1.1591255199537802,False
2014-02-26 07:42:00,37.794,-1.2353414077955158,False
2014-02-26 07:47:00,38.99,-0.9574322557872375,False
2014-02-26 07:52:00,37.77,-1.2409181800766171,False
2014-02-26 07:57:00,40.354,-0.6404856978112429,False
2014-02-26 08:02:00,37.88800000000001,-1.2134990496945273,False
2014-02-26 08:07:00,39.97,-0.7297140543088838,False
2014-02-26 08:12:00,37.676,-1.2627605381776024,False
2014-02-26 08:17:00,38.45,-1.0829096321120446,False
2014-02-26 08:22:00,37.09,-1.3989267280411894,False
2014-02-26 08:27:00,38.686,-1.0280713713478702,False
2014-02-26 08:32:00,37.276,-1.3557067428626446,False
2014-02-26 08:37:00,39.794,-0.7706103843703029,False
2014-02-26 08:42:00,37.112,-1.3938146867835124,False
2014-02-26 08:47:00,38.072,-1.17074379553941,False
2014-02-26 08:52:00,38.238,-1.1321711205951182,False
2014-02-26 08:57:00,40.774,-0.5428921828919477,False
2014-02-26 09:02:00,37.494,-1.3050510613092972,False
2014-02-26 09:07:00,40.518,-0.6023777538903751,False
2014-02-26 09:12:00,38.004,-1.1865446503358683,False
2014-02-26 09:17:00,38.474,-1.0773328598309435,False
2014-02-26 09:22:00,37.324,-1.3445531983004406,False
2014-02-26 09:27:00,38.99,-0.9574322557872375,False
2014-02-26 09:32:00,36.808,-1.4644538023441451,False
2014-02-26 09:37:00,38.098,-1.164702292234883,False
2014-02-26 09:42:00,38.478,-1.076403397784092,False
2014-02-26 09:47:00,39.456,-0.8491499273291625,False
2014-02-26 09:52:00,38.316,-1.114046610681534,False
2014-02-26 09:57:00,39.766,-0.7771166186982557,False
2014-02-26 10:02:00,38.028,-1.1809678780547657,False
2014-02-26 10:07:00,39.776,-0.7747929635811284,False
2014-02-26 10:12:00,37.84,-1.2246525942567346,False
2014-02-26 10:17:00,38.14,-1.1549429407429532,False
2014-02-26 10:22:00,38.146,-1.1535487476726776,False
2014-02-26 10:27:00,37.794,-1.2353414077955158,False
2014-02-26 10:32:00,38.732,-1.0173825578090905,False
2014-02-26 10:37:00,37.934,-1.202810236155751,False
2014-02-26 10:42:00,37.788,-1.2367356008657917,False
2014-02-26 10:47:00,37.916,-1.2069928153665779,False
2014-02-26 10:52:00,36.81,-1.4639890713207195,False
2014-02-26 10:57:00,39.954,-0.7334319024962851,False
2014-02-26 11:02:00,37.958,-1.197233463874648,False
2014-02-26 11:07:00,39.61,-0.813365638525422,False
2014-02-26 11:12:00,38.098,-1.164702292234883,False
2014-02-26 11:17:00,38.016,-1.183756264195317,False
2014-02-26 11:22:00,37.676,-1.2627605381776024,False
2014-02-26 11:27:00,37.816,-1.2302293665378372,False
2014-02-26 11:32:00,37.746,-1.2464949523577198,False
2014-02-26 11:37:00,39.084,-0.9355898976862521,False
2014-02-26 11:42:00,37.004,-1.4189101620484748,False
2014-02-26 11:47:00,38.662,-1.033648143628973,False
2014-02-26 11:52:00,38.052,-1.1753911057736628,False
2014-02-26 11:57:00,39.918,-0.7417970609179393,False
2014-02-26 12:02:00,38.356,-1.10475199021303,False
2014-02-26 12:07:00,39.742,-0.7826933909793584,False
2014-02-26 12:12:00,37.926,-1.2046691602494508,False
2014-02-26 12:17:00,36.314,-1.5792423651301728,False
2014-02-26 12:22:00,38.076,-1.1698143334925601,False
2014-02-26 12:27:00,38.146,-1.1535487476726776,False
2014-02-26 12:32:00,37.864,-1.2190758219756335,False
2014-02-26 12:37:00,37.77,-1.2409181800766171,False
2014-02-26 12:42:00,38.616,-1.0443369571677528,False
2014-02-26 12:47:00,37.142,-1.3868437214321339,False
2014-02-26 12:52:00,38.31,-1.1154408037518098,False
2014-02-26 12:57:00,40.304,-0.6521039733968725,False
2014-02-26 13:02:00,38.216,-1.137283161852795,False
2014-02-26 13:07:00,40.046,-0.7120542754187256,False
2014-02-26 13:12:00,38.192,-1.1428599341338979,False
2014-02-26 13:17:00,38.968,-0.9625442970449144,False
2014-02-26 13:22:00,37.724,-1.2516069936153984,False
2014-02-26 13:27:00,37.79,-1.236270869842366,False
2014-02-26 13:32:00,37.77,-1.2409181800766171,False
2014-02-26 13:37:00,38.192,-1.1428599341338979,False
2014-02-26 13:42:00,39.418,-0.8579798167742425,False
2014-02-26 13:47:00,37.572,-1.286926551395713,False
2014-02-26 13:52:00,38.216,-1.137283161852795,False
2014-02-26 13:57:00,40.33,-0.6460624700923456,False
2014-02-26 14:02:00,38.792,-1.0034406271063336,False
2014-02-26 14:07:00,40.162,-0.6850998760600633,False
2014-02-26 14:12:00,38.49800000000001,-1.0717560875498375,False
2014-02-26 14:17:00,38.076,-1.1698143334925601,False
2014-02-26 14:22:00,37.982,-1.1916566915935454,False
2014-02-26 14:27:00,37.874,-1.2167521668585062,False
2014-02-26 14:32:00,37.88800000000001,-1.2134990496945273,False
2014-02-26 14:37:00,38.072,-1.17074379553941,False
2014-02-26 14:42:00,37.278,-1.3552420118392206,False
2014-02-26 14:47:00,38.262,-1.1265943483140153,False
2014-02-26 14:52:00,36.938,-1.4342462858215057,False
2014-02-26 14:57:00,39.906,-0.7445854470584906,False
2014-02-26 15:02:00,37.37,-1.333864384761661,False
2014-02-26 15:07:00,41.142,-0.4573816745817081,False
2014-02-26 15:12:00,36.832,-1.4588770300630425,False
2014-02-26 15:17:00,38.24,-1.1317063895716923,False
2014-02-26 15:22:00,36.864,-1.45144133368824,False
2014-02-26 15:27:00,37.88800000000001,-1.2134990496945273,False
2014-02-26 15:32:00,37.09,-1.3989267280411894,False
2014-02-26 15:37:00,38.076,-1.1698143334925601,False
2014-02-26 15:42:00,38.63800000000001,-1.0392249159100724,False
2014-02-26 15:47:00,39.108,-0.930013125405151,False
2014-02-26 15:52:00,38.78,-1.006229013246885,False
2014-02-26 15:57:00,39.084,-0.9355898976862521,False
2014-02-26 16:02:00,37.934,-1.202810236155751,False
2014-02-26 16:07:00,39.548,-0.8277723002516031,False
2014-02-26 16:12:00,37.464,-1.3120220266606757,False
2014-02-26 16:17:00,37.786,-1.2372003318892157,False
2014-02-26 16:22:00,37.536,-1.2952917098173673,False
2014-02-26 16:27:00,37.578,-1.2855323583254374,False
2014-02-26 16:32:00,37.562,-1.2892502065128404,False
2014-02-26 16:37:00,37.676,-1.2627605381776024,False
2014-02-26 16:42:00,37.806,-1.2325530216549645,False
2014-02-26 16:47:00,37.536,-1.2952917098173673,False
2014-02-26 16:52:00,37.216,-1.3696486735654014,False
2014-02-26 16:57:00,39.178,-0.9137475395852684,False
2014-02-26 17:02:00,38.076,-1.1698143334925601,False
2014-02-26 17:07:00,39.778,-0.7743282325577043,False
2014-02-26 17:12:00,38.178,-1.146113051297875,False
2014-02-26 17:17:00,37.88800000000001,-1.2134990496945273,False
2014-02-26 17:22:00,37.864,-1.2190758219756335,False
2014-02-26 17:27:00,37.82,-1.2292999044909874,False
2014-02-26 17:32:00,38.99,-0.9574322557872375,False
2014-02-26 17:37:00,37.112,-1.3938146867835124,False
2014-02-26 17:42:00,37.488,-1.3064452543795728,False
2014-02-26 17:47:00,39.308,-0.883540023062629,False
2014-02-26 17:52:00,37.442,-1.3171340679183527,False
2014-02-26 17:57:00,40.68,-0.564734540992933,False
2014-02-26 18:02:00,37.252,-1.3612835151437472,False
2014-02-26 18:07:00,40.028,-0.7162368546295527,False
2014-02-26 18:12:00,37.934,-1.202810236155751,False
2014-02-26 18:17:00,37.686,-1.2604368830604766,False
2014-02-26 18:22:00,39.794,-0.7706103843703029,False
2014-02-26 18:27:00,35.596,-1.7460808025398251,False
2014-02-26 18:32:00,37.722,-1.2520717246388227,False
2014-02-26 18:37:00,38.31,-1.1154408037518098,False
2014-02-26 18:42:00,38.666,-1.0327186815821232,False
2014-02-26 18:47:00,36.572,-1.5192920631083198,False
2014-02-26 18:52:00,37.88800000000001,-1.2134990496945273,False
2014-02-26 18:57:00,40.61,-0.5810001268128155,False
2014-02-26 19:02:00,37.706,-1.2557895728262238,False
2014-02-26 19:07:00,40.376,-0.6353736565535658,False
2014-02-26 19:12:00,37.698,-1.2576484969199253,False
2014-02-26 19:17:00,38.146,-1.1535487476726776,False
2014-02-26 19:22:00,37.746,-1.2464949523577198,False
2014-02-26 19:27:00,38.662,-1.033648143628973,False
2014-02-26 19:32:00,36.76,-1.4756073469063506,False
2014-02-26 19:37:00,36.972,-1.4263458584232773,False
2014-02-26 19:42:00,38.522,-1.066179315268738,False
2014-02-26 19:47:00,39.456,-0.8491499273291625,False
2014-02-26 19:52:00,38.286,-1.1210175760329124,False
2014-02-26 19:57:00,39.882,-0.7501622193395934,False
2014-02-26 20:02:00,38.098,-1.164702292234883,False
2014-02-26 20:07:00,39.788,-0.7720045774405787,False
2014-02-26 20:12:00,37.954,-1.198162925921498,False
2014-02-26 20:17:00,38.002,-1.1870093813592926,False
2014-02-26 20:22:00,37.864,-1.2190758219756335,False
2014-02-26 20:27:00,37.652,-1.268337310458705,False
2014-02-26 20:32:00,39.014,-0.9518554835061347,False
2014-02-26 20:37:00,36.598,-1.5132505598037929,False
2014-02-26 20:42:00,39.018,-0.9509260214592847,False
2014-02-26 20:47:00,36.456,-1.546246462466982,False
2014-02-26 20:52:00,37.88800000000001,-1.2134990496945273,False
2014-02-26 20:57:00,39.68,-0.7971000527055395,False
2014-02-26 21:02:00,37.91,-1.2083870084368538,False
2014-02-26 21:07:00,40.328,-0.6465272011157698,False
2014-02-26 21:12:00,38.052,-1.1753911057736628,False
2014-02-26 21:17:00,37.934,-1.202810236155751,False
2014-02-26 21:22:00,37.558,-1.2901796685596905,False
2014-02-26 21:27:00,37.864,-1.2190758219756335,False
2014-02-26 21:32:00,37.512,-1.3008684820984702,False
2014-02-26 21:37:00,37.77,-1.2409181800766171,False
2014-02-26 21:42:00,38.144,-1.1540134786961034,False
2014-02-26 21:47:00,38.262,-1.1265943483140153,False
2014-02-26 21:52:00,38.012,-1.1846857262421668,False
2014-02-26 21:57:00,39.812,-0.766427805159476,False
2014-02-26 22:02:00,38.286,-1.1210175760329124,False
2014-02-26 22:07:00,39.94,-0.7366850196602622,False
2014-02-26 22:12:00,37.794,-1.2353414077955158,False
2014-02-26 22:17:00,37.578,-1.2855323583254374,False
2014-02-26 22:22:00,37.91,-1.2083870084368538,False
2014-02-26 22:27:00,38.2,-1.1410010100401964,False
2014-02-26 22:32:00,37.16,-1.3826611422213084,False
2014-02-26 22:37:00,37.982,-1.1916566915935454,False
2014-02-26 22:42:00,37.434,-1.3189929920120542,False
2014-02-26 22:47:00,37.746,-1.2464949523577198,False
2014-02-26 22:52:00,37.77,-1.2409181800766171,False
2014-02-26 22:57:00,40.094,-0.70090073085652,False
2014-02-26 23:02:00,37.884,-1.2144285117413804,False
2014-02-26 23:07:00,40.256,-0.6632575179590781,False
2014-02-26 23:12:00,37.91,-1.2083870084368538,False
2014-02-26 23:17:00,38.334,-1.109864031470707,False
2014-02-26 23:22:00,37.42,-1.3222461091760296,False
2014-02-26 23:27:00,37.934,-1.202810236155751,False
2014-02-26 23:32:00,37.746,-1.2464949523577198,False
2014-02-26 23:37:00,38.508,-1.0694324324327136,False
2014-02-26 23:42:00,37.582,-1.2846028962785876,False
2014-02-26 23:47:00,38.944,-0.9681210693260172,False
2014-02-26 23:52:00,37.438,-1.3180635299652026,False
2014-02-26 23:57:00,40.902,-0.513149397392734,False
2014-02-27 00:02:00,37.3,-1.3501299705815435,False
2014-02-27 00:07:00,40.634,-0.5754233545317128,False
2014-02-27 00:12:00,36.924,-1.4374994029854828,False
2014-02-27 00:17:00,36.496,-1.5369518419984778,False
2014-02-27 00:22:00,38.014,-1.184220995218741,False
2014-02-27 00:27:00,37.816,-1.2302293665378372,False
2014-02-27 00:32:00,37.724,-1.2516069936153984,False
2014-02-27 00:37:00,37.742,-1.2474244144045714,False
2014-02-27 00:42:00,38.004,-1.1865446503358683,False
2014-02-27 00:47:00,37.354,-1.3375822329490623,False
2014-02-27 00:52:00,38.104,-1.1633080991646074,False
2014-02-27 00:57:00,39.858,-0.7557389916206961,False
2014-02-27 01:02:00,37.718,-1.2530011866856725,False
2014-02-27 01:07:00,39.74800000000001,-0.7812991979090794,False
2014-02-27 01:12:00,37.84,-1.2246525942567346,False
2014-02-27 01:17:00,38.146,-1.1535487476726776,False
2014-02-27 01:22:00,37.958,-1.197233463874648,False
2014-02-27 01:27:00,38.004,-1.1865446503358683,False
2014-02-27 01:32:00,38.164,-1.1493661684618506,False
2014-02-27 01:37:00,38.57,-1.0550257707065325,False
2014-02-27 01:42:00,38.708,-1.0229593300901934,False
2014-02-27 01:47:00,39.084,-0.9355898976862521,False
2014-02-27 01:52:00,37.084,-1.4003209211114651,False
2014-02-27 01:57:00,40.046,-0.7120542754187256,False
2014-02-27 02:02:00,38.14,-1.1549429407429532,False
2014-02-27 02:07:00,39.978,-0.7278551302151823,False
2014-02-27 02:12:00,38.122,-1.1591255199537802,False
2014-02-27 02:17:00,38.012,-1.1846857262421668,False
2014-02-27 02:22:00,37.816,-1.2302293665378372,False
2014-02-27 02:27:00,37.84,-1.2246525942567346,False
2014-02-27 02:32:00,38.198,-1.1414657410636222,False
2014-02-27 02:37:00,37.816,-1.2302293665378372,False
2014-02-27 02:42:00,37.594,-1.2818145101380363,False
2014-02-27 02:47:00,37.594,-1.2818145101380363,False
2014-02-27 02:52:00,38.276,-1.1233412311500381,False
2014-02-27 02:57:00,39.842,-0.7594568398080974,False
2014-02-27 03:02:00,37.844,-1.2237231322098847,False
2014-02-27 03:07:00,39.698,-0.7929174734947124,False
2014-02-27 03:12:00,38.252,-1.1289180034311408,False
2014-02-27 03:17:00,37.536,-1.2952917098173673,False
2014-02-27 03:22:00,38.49800000000001,-1.0717560875498375,False
2014-02-27 03:27:00,37.348,-1.338976426019338,False
2014-02-27 03:32:00,38.024,-1.1818973401016155,False
2014-02-27 03:37:00,40.234,-0.668369559216755,False
2014-02-27 03:42:00,39.154,-0.9193243118663696,False
2014-02-27 03:47:00,38.052,-1.1753911057736628,False
2014-02-27 03:52:00,38.988,-0.9578969868106632,False
2014-02-27 03:57:00,39.922,-0.7408675988710893,False
2014-02-27 04:02:00,38.002,-1.1870093813592926,False
2014-02-27 04:07:00,39.578,-0.8208013349002246,False
2014-02-27 04:12:00,38.098,-1.164702292234883,False
2014-02-27 04:17:00,37.68,-1.2618310761307525,False
2014-02-27 04:22:00,38.286,-1.1210175760329124,False
2014-02-27 04:27:00,37.278,-1.3552420118392206,False
2014-02-27 04:32:00,37.816,-1.2302293665378372,False
2014-02-27 04:37:00,37.582,-1.2846028962785876,False
2014-02-27 04:42:00,37.652,-1.268337310458705,False
2014-02-27 04:47:00,38.592,-1.0499137294488556,False
2014-02-27 04:52:00,36.876,-1.4486529475476886,False
2014-02-27 04:57:00,39.296,-0.8863284092031805,False
2014-02-27 05:02:00,38.426,-1.0884864043931475,False
2014-02-27 05:07:00,39.108,-0.930013125405151,False
2014-02-27 05:12:00,38.052,-1.1753911057736628,False
2014-02-27 05:17:00,37.512,-1.3008684820984702,False
2014-02-27 05:22:00,38.098,-1.164702292234883,False
2014-02-27 05:27:00,37.484,-1.307374716426423,False
2014-02-27 05:32:00,38.336,-1.1093993004472829,False
2014-02-27 05:37:00,37.37,-1.333864384761661,False
2014-02-27 05:42:00,39.04,-0.9458139802016078,False
2014-02-27 05:47:00,37.686,-1.2604368830604766,False
2014-02-27 05:52:00,37.864,-1.2190758219756335,False
2014-02-27 05:57:00,40.048,-0.7115895443952998,False
2014-02-27 06:02:00,38.052,-1.1753911057736628,False
2014-02-27 06:07:00,39.694,-0.7938469355415623,False
2014-02-27 06:12:00,38.192,-1.1428599341338979,False
2014-02-27 06:17:00,37.934,-1.202810236155751,False
2014-02-27 06:22:00,37.794,-1.2353414077955158,False
2014-02-27 06:27:00,39.076,-0.9374488217799536,False
2014-02-27 06:32:00,36.408,-1.5574000070291876,False
2014-02-27 06:37:00,38.592,-1.0499137294488556,False
2014-02-27 06:42:00,37.016,-1.4161217759079234,False
2014-02-27 06:47:00,37.958,-1.197233463874648,False
2014-02-27 06:52:00,37.982,-1.1916566915935454,False
2014-02-27 06:57:00,40.372,-0.6363031186004158,False
2014-02-27 07:02:00,38.052,-1.1753911057736628,False
2014-02-27 07:07:00,38.45,-1.0829096321120446,False
2014-02-27 07:12:00,38.286,-1.1210175760329124,False
2014-02-27 07:17:00,39.132,-0.9244363531240483,False
2014-02-27 07:22:00,36.996,-1.4207690861421747,False
2014-02-27 07:27:00,37.536,-1.2952917098173673,False
2014-02-27 07:32:00,39.024,-0.9495318283890091,False
2014-02-27 07:37:00,36.76,-1.4756073469063506,False
2014-02-27 07:42:00,38.086,-1.1674906783754344,False
2014-02-27 07:47:00,38.188,-1.1437893961807477,False
2014-02-27 07:52:00,38.436,-1.086162749276022,False
2014-02-27 07:57:00,39.954,-0.7334319024962851,False
2014-02-27 08:02:00,38.24,-1.1317063895716923,False
2014-02-27 08:07:00,41.93600000000001,-0.2728834582818976,False
2014-02-27 08:12:00,35.61,-1.7428276853758478,False
2014-02-27 08:17:00,37.746,-1.2464949523577198,False
2014-02-27 08:22:00,38.216,-1.137283161852795,False
2014-02-27 08:27:00,38.85,-0.9899634274270025,False
2014-02-27 08:32:00,36.858,-1.4528355267585156,False
2014-02-27 08:37:00,38.356,-1.10475199021303,False
2014-02-27 08:42:00,37.19,-1.3756901768699301,False
2014-02-27 08:47:00,38.076,-1.1698143334925601,False
2014-02-27 08:52:00,37.418,-1.3227108401994554,False
2014-02-27 08:57:00,38.826,-0.9955401997081053,False
2014-02-27 09:02:00,36.958,-1.4295989755872547,False
2014-02-27 09:07:00,40.492,-0.6084192571949035,False
2014-02-27 09:12:00,37.24800000000001,-1.3622129771905955,False
2014-02-27 09:17:00,38.44,-1.085233287229172,False
2014-02-27 09:22:00,37.394,-1.3282876124805583,False
2014-02-27 09:27:00,38.286,-1.1210175760329124,False
2014-02-27 09:32:00,37.414,-1.3236403022463052,False
2014-02-27 09:37:00,38.948,-0.9671916072791672,False
2014-02-27 09:42:00,37.15,-1.3849847973384342,False
2014-02-27 09:47:00,38.696,-1.0257477162307447,False
2014-02-27 09:52:00,38.004,-1.1865446503358683,False
2014-02-27 09:57:00,39.86,-0.7552742605972704,False
2014-02-27 10:02:00,37.036,-1.4114744656736706,False
2014-02-27 10:07:00,39.86,-0.7552742605972704,False
2014-02-27 10:12:00,37.794,-1.2353414077955158,False
2014-02-27 10:17:00,38.45,-1.0829096321120446,False
2014-02-27 10:22:00,38.166,-1.1489014374384263,False
2014-02-27 10:27:00,38.38,-1.0991752179319272,False
2014-02-27 10:32:00,37.982,-1.1916566915935454,False
2014-02-27 10:37:00,38.616,-1.0443369571677528,False
2014-02-27 10:42:00,37.442,-1.3171340679183527,False
2014-02-27 10:47:00,37.652,-1.268337310458705,False
2014-02-27 10:52:00,36.678,-1.4946613188667845,False
2014-02-27 10:57:00,39.6,-0.8156892936425476,False
2014-02-27 11:02:00,39.154,-0.9193243118663696,False
2014-02-27 11:07:00,38.494,-1.0726855495966907,False
2014-02-27 11:12:00,38.684,-1.028536102371296,False
2014-02-27 11:17:00,36.784,-1.470030574625248,False
2014-02-27 11:22:00,38.49800000000001,-1.0717560875498375,False
2014-02-27 11:27:00,35.376,-1.7972012151165981,False
2014-02-27 11:32:00,38.462,-1.0801212459714933,False
2014-02-27 11:37:00,37.504,-1.3027274061921716,False
2014-02-27 11:42:00,38.848,-0.9904281584504282,False
2014-02-27 11:47:00,38.752,-1.0127352475748377,False
2014-02-27 11:52:00,38.06800000000001,-1.1716732575862583,False
2014-02-27 11:57:00,40.556,-0.5935478644452967,False
2014-02-27 12:02:00,37.77,-1.2409181800766171,False
2014-02-27 12:07:00,40.916,-0.5098962802287585,False
2014-02-27 12:12:00,37.324,-1.3445531983004406,False
2014-02-27 12:17:00,38.44,-1.085233287229172,False
2014-02-27 12:22:00,37.37,-1.333864384761661,False
2014-02-27 12:27:00,37.7,-1.2571837658964995,False
2014-02-27 12:32:00,37.864,-1.2190758219756335,False
2014-02-27 12:37:00,37.91,-1.2083870084368538,False
2014-02-27 12:42:00,38.226,-1.1349595067356695,False
2014-02-27 12:47:00,36.91,-1.4407525201494602,False
2014-02-27 12:52:00,38.642,-1.0382954538632243,False
2014-02-27 12:57:00,39.038,-0.9462787112250335,False
2014-02-27 13:02:00,38.944,-0.9681210693260172,False
2014-02-27 13:07:00,38.826,-0.9955401997081053,False
2014-02-27 13:12:00,38.122,-1.1591255199537802,False
2014-02-27 13:17:00,37.88800000000001,-1.2134990496945273,False
2014-02-27 13:22:00,37.958,-1.197233463874648,False
2014-02-27 13:27:00,37.206,-1.3719723286825272,False
2014-02-27 13:32:00,38.428,-1.0880216733697234,False
2014-02-27 13:37:00,36.858,-1.4528355267585156,False
2014-02-27 13:42:00,38.052,-1.1753911057736628,False
2014-02-27 13:47:00,38.31,-1.1154408037518098,False
2014-02-27 13:52:00,37.816,-1.2302293665378372,False
2014-02-27 13:57:00,39.836,-0.7608510328783732,False
2014-02-27 14:02:00,38.64,-1.03876018488665,False
2014-02-27 14:07:00,38.86,-0.9876397723098769,False
2014-02-27 14:12:00,37.816,-1.2302293665378372,False
2014-02-27 14:17:00,37.794,-1.2353414077955158,False
2014-02-27 14:22:00,37.7,-1.2571837658964995,False
2014-02-27 14:27:00,37.49,-1.305980523356147,False
2014-02-27 14:32:00,38.644,-1.0378307228398,False
2014-02-27 14:37:00,37.3,-1.3501299705815435,False
2014-02-27 14:42:00,38.56,-1.0573494258236582,False
2014-02-27 14:47:00,36.924,-1.4374994029854828,False
2014-02-27 14:52:00,38.122,-1.1591255199537802,False
2014-02-27 14:57:00,39.342,-0.8756395956644006,False
2014-02-27 15:02:00,40.0,-0.7227430889575054,False
2014-02-27 15:07:00,37.84,-1.2246525942567346,False
2014-02-27 15:12:00,37.756,-1.2441712972405943,False
2014-02-27 15:17:00,37.8,-1.2339472147252402,False
2014-02-27 15:22:00,37.724,-1.2516069936153984,False
2014-02-27 15:27:00,38.004,-1.1865446503358683,False
2014-02-27 15:32:00,39.31800000000001,-0.8812163679455002,False
2014-02-27 15:37:00,36.972,-1.4263458584232773,False
2014-02-27 15:42:00,38.216,-1.137283161852795,False
2014-02-27 15:47:00,38.474,-1.0773328598309435,False
2014-02-27 15:52:00,38.188,-1.1437893961807477,False
2014-02-27 15:57:00,39.946,-0.7352908265899866,False
2014-02-27 16:02:00,38.356,-1.10475199021303,False
2014-02-27 16:07:00,39.788,-0.7720045774405787,False
2014-02-27 16:12:00,38.004,-1.1865446503358683,False
2014-02-27 16:17:00,38.184,-1.1447188582275993,False
2014-02-27 16:22:00,38.24,-1.1317063895716923,False
2014-02-27 16:27:00,37.666,-1.2650841932947297,False
2014-02-27 16:32:00,38.78,-1.006229013246885,False
2014-02-27 16:37:00,37.418,-1.3227108401994554,False
2014-02-27 16:42:00,38.944,-0.9681210693260172,False
2014-02-27 16:47:00,37.292,-1.3519888946752432,False
2014-02-27 16:52:00,37.412,-1.324105033269731,False
2014-02-27 16:57:00,40.152,-0.6874235311771889,False
2014-02-27 17:02:00,38.076,-1.1698143334925601,False
2014-02-27 17:07:00,39.672,-0.798958976799241,False
2014-02-27 17:12:00,38.262,-1.1265943483140153,False
2014-02-27 17:17:00,37.308,-1.348271046487842,False
2014-02-27 17:22:00,39.23,-0.9016645329762131,False
2014-02-27 17:27:00,36.534,-1.5281219525533996,False
2014-02-27 17:32:00,38.958,-0.9648679521620417,False
2014-02-27 17:37:00,37.536,-1.2952917098173673,False
2014-02-27 17:42:00,37.838,-1.2251173252801604,False
2014-02-27 17:47:00,38.85,-0.9899634274270025,False
2014-02-27 17:52:00,37.84,-1.2246525942567346,False
2014-02-27 17:57:00,40.234,-0.668369559216755,False
2014-02-27 18:02:00,38.288,-1.1205528450094884,False
2014-02-27 18:07:00,40.164,-0.6846351450366376,False
2014-02-27 18:12:00,38.662,-1.033648143628973,False
2014-02-27 18:17:00,37.784,-1.2376650629126416,False
2014-02-27 18:22:00,37.694,-1.2585779589667752,False
2014-02-27 18:27:00,38.128,-1.1577313268835046,False
2014-02-27 18:32:00,38.078,-1.1693496024691343,False
2014-02-27 18:37:00,38.356,-1.10475199021303,False
2014-02-27 18:42:00,37.472,-1.3101631025669742,False
2014-02-27 18:47:00,38.192,-1.1428599341338979,False
2014-02-27 18:52:00,37.724,-1.2516069936153984,False
2014-02-27 18:57:00,39.954,-0.7334319024962851,False
2014-02-27 19:02:00,38.404,-1.0935984456508245,False
2014-02-27 19:07:00,40.118,-0.6953239585754173,False
2014-02-27 19:12:00,37.956,-1.1976981948980723,False
2014-02-27 19:17:00,38.64,-1.03876018488665,False
2014-02-27 19:22:00,37.214,-1.3701134045888272,False
2014-02-27 19:27:00,37.77,-1.2409181800766171,False
2014-02-27 19:32:00,37.49800000000001,-1.304121599262444,False
2014-02-27 19:37:00,38.098,-1.164702292234883,False
2014-02-27 19:42:00,39.062,-0.9407019389439307,False
2014-02-27 19:47:00,37.554,-1.2911091306065403,False
2014-02-27 19:52:00,39.484,-0.8426436930012099,False
2014-02-27 19:57:00,38.85,-0.9899634274270025,False
2014-02-27 20:02:00,38.146,-1.1535487476726776,False
2014-02-27 20:07:00,39.672,-0.798958976799241,False
2014-02-27 20:12:00,37.77,-1.2409181800766171,False
2014-02-27 20:17:00,39.086,-0.935125166662828,False
2014-02-27 20:22:00,36.926,-1.4370346719620573,False
2014-02-27 20:27:00,38.386,-1.0977810248616515,False
2014-02-27 20:32:00,37.644,-1.2701962345524065,False
2014-02-27 20:37:00,38.122,-1.1591255199537802,False
2014-02-27 20:42:00,37.676,-1.2627605381776024,False
2014-02-27 20:47:00,38.146,-1.1535487476726776,False
2014-02-27 20:52:00,37.588,-1.283208703208312,False
2014-02-27 20:57:00,39.53,-0.8319548794624301,False
2014-02-27 21:02:00,38.17,-1.1479719753915747,False
2014-02-27 21:07:00,39.578,-0.8208013349002246,False
2014-02-27 21:12:00,38.098,-1.164702292234883,False
2014-02-27 21:17:00,38.69,-1.0271419093010203,False
2014-02-27 21:22:00,36.842,-1.4565533749459167,False
2014-02-27 21:27:00,38.56800000000001,-1.055490501729955,False
2014-02-27 21:32:00,36.712,-1.4867608914685546,False
2014-02-27 21:37:00,38.852,-0.9894986964035783,False
2014-02-27 21:42:00,37.378,-1.3320054606679594,False
2014-02-27 21:47:00,37.654,-1.2678725794352792,False
2014-02-27 21:52:00,37.182,-1.3775491009636298,False
2014-02-27 21:57:00,41.052,-0.4782945706358434,False
2014-02-27 22:02:00,37.558,-1.2901796685596905,False
2014-02-27 22:07:00,40.118,-0.6953239585754173,False
2014-02-27 22:12:00,37.934,-1.202810236155751,False
2014-02-27 22:17:00,37.782,-1.2381297939360674,False
2014-02-27 22:22:00,37.724,-1.2516069936153984,False
2014-02-27 22:27:00,37.75,-1.24556549031087,False
2014-02-27 22:32:00,38.85,-0.9899634274270025,False
2014-02-27 22:37:00,36.924,-1.4374994029854828,False
2014-02-27 22:42:00,38.386,-1.0977810248616515,False
2014-02-27 22:47:00,37.418,-1.3227108401994554,False
2014-02-27 22:52:00,39.014,-0.9518554835061347,False
2014-02-27 22:57:00,39.508,-0.8370669207201071,False
2014-02-27 23:02:00,38.662,-1.033648143628973,False
2014-02-27 23:07:00,39.718,-0.7882701632604595,False
2014-02-27 23:12:00,38.004,-1.1865446503358683,False
2014-02-27 23:17:00,37.558,-1.2901796685596905,False
2014-02-27 23:22:00,37.864,-1.2190758219756335,False
2014-02-27 23:27:00,37.37,-1.333864384761661,False
2014-02-27 23:32:00,37.794,-1.2353414077955158,False
2014-02-27 23:37:00,39.014,-0.9518554835061347,False
2014-02-27 23:42:00,37.192,-1.3752254458465043,False
2014-02-27 23:47:00,38.49800000000001,-1.0717560875498375,False
2014-02-27 23:52:00,38.256,-1.127988541384291,False
2014-02-27 23:57:00,39.934,-0.738079212730538,False
2014-02-28 00:02:00,38.286,-1.1210175760329124,False
2014-02-28 00:07:00,40.822,-0.5317386383297422,False
2014-02-28 00:12:00,37.076,-1.4021798452051666,False
2014-02-28 00:17:00,38.658,-1.034577605675823,False
2014-02-28 00:22:00,37.018,-1.4156570448844976,False
2014-02-28 00:27:00,37.724,-1.2516069936153984,False
2014-02-28 00:32:00,37.736,-1.248818607474847,False
2014-02-28 00:37:00,37.91,-1.2083870084368538,False
2014-02-28 00:42:00,38.826,-0.9955401997081053,False
2014-02-28 00:47:00,36.972,-1.4263458584232773,False
2014-02-28 00:52:00,38.506,-1.0698971634561394,False
2014-02-28 00:57:00,39.038,-0.9462787112250335,False
2014-02-28 01:02:00,37.512,-1.3008684820984702,False
2014-02-28 01:07:00,39.408,-0.8603034718913681,False
2014-02-28 01:12:00,38.314,-1.11451134170496,False
2014-02-28 01:17:00,37.698,-1.2576484969199253,False
2014-02-28 01:22:00,37.954,-1.198162925921498,False
2014-02-28 01:27:00,38.244,-1.1307769275248423,False
2014-02-28 01:32:00,37.77,-1.2409181800766171,False
2014-02-28 01:37:00,37.906,-1.2093164704837036,False
2014-02-28 01:42:00,38.686,-1.0280713713478702,False
2014-02-28 01:47:00,37.794,-1.2353414077955158,False
2014-02-28 01:52:00,38.71,-1.0224945990667675,False
2014-02-28 01:57:00,39.126,-0.9258305461943239,False
2014-02-28 02:02:00,38.602,-1.04759007433173,False
2014-02-28 02:07:00,38.72,-1.0201709439496418,False
2014-02-28 02:12:00,38.24,-1.1317063895716923,False
2014-02-28 02:17:00,37.066,-1.404503500322292,False
2014-02-28 02:22:00,37.63,-1.273449351716382,False
2014-02-28 02:27:00,37.508,-1.30179794414532,False
2014-02-28 02:32:00,38.08,-1.16888487144571,False
2014-02-28 02:37:00,38.04,-1.1781794919142141,False
2014-02-28 02:42:00,38.686,-1.0280713713478702,False
2014-02-28 02:47:00,36.526,-1.5299808766470995,False
2014-02-28 02:52:00,37.746,-1.2464949523577198,False
2014-02-28 02:57:00,39.906,-0.7445854470584906,False
2014-02-28 03:02:00,38.052,-1.1753911057736628,False
2014-02-28 03:07:00,39.812,-0.766427805159476,False
2014-02-28 03:12:00,37.86,-1.2200052840224833,False
2014-02-28 03:17:00,37.788,-1.2367356008657917,False
2014-02-28 03:22:00,37.574,-1.286461820372289,False
2014-02-28 03:27:00,38.85,-0.9899634274270025,False
2014-02-28 03:32:00,39.296,-0.8863284092031805,False
2014-02-28 03:37:00,37.63,-1.273449351716382,False
2014-02-28 03:42:00,38.114,-1.1609844440474817,False
2014-02-28 03:47:00,39.328,-0.8788927128283762,False
2014-02-28 03:52:00,37.532,-1.296221171864219,False
2014-02-28 03:57:00,40.598,-0.5837885129533669,False
2014-02-28 04:02:00,37.706,-1.2557895728262238,False
2014-02-28 04:07:00,40.114,-0.6962534206222688,False
2014-02-28 04:12:00,36.944,-1.43285209275123,False
2014-02-28 04:17:00,39.326,-0.879357443851802,False
2014-02-28 04:22:00,36.856,-1.4533002577819396,False
2014-02-28 04:27:00,37.7,-1.2571837658964995,False
2014-02-28 04:32:00,37.582,-1.2846028962785876,False
2014-02-28 04:37:00,37.786,-1.2372003318892157,False
2014-02-28 04:42:00,37.84,-1.2246525942567346,False
2014-02-28 04:47:00,38.168,-1.1484367064150005,False
2014-02-28 04:52:00,37.464,-1.3120220266606757,False
2014-02-28 04:57:00,40.024,-0.7171663166764026,False
2014-02-28 05:02:00,37.672,-1.263690000224454,False
2014-02-28 05:07:00,40.234,-0.668369559216755,False
2014-02-28 05:12:00,37.582,-1.2846028962785876,False
2014-02-28 05:17:00,38.648,-1.0369012607929486,False
2014-02-28 05:22:00,37.536,-1.2952917098173673,False
2014-02-28 05:27:00,38.686,-1.0280713713478702,False
2014-02-28 05:32:00,37.7,-1.2571837658964995,False
2014-02-28 05:37:00,37.88800000000001,-1.2134990496945273,False
2014-02-28 05:42:00,38.44,-1.085233287229172,False
2014-02-28 05:47:00,38.74,-1.015523633715389,False
2014-02-28 05:52:00,37.958,-1.197233463874648,False
2014-02-28 05:57:00,40.02,-0.7180957787232525,False
2014-02-28 06:02:00,38.948,-0.9671916072791672,False
2014-02-28 06:07:00,38.864,-0.9867103102630269,False
2014-02-28 06:12:00,37.91,-1.2083870084368538,False
2014-02-28 06:17:00,37.816,-1.2302293665378372,False
2014-02-28 06:22:00,37.842,-1.2241878632333103,False
2014-02-28 06:27:00,37.844,-1.2237231322098847,False
2014-02-28 06:32:00,38.142,-1.1544782097195274,False
2014-02-28 06:37:00,37.84,-1.2246525942567346,False
2014-02-28 06:42:00,38.16,-1.150295630508702,False
2014-02-28 06:47:00,37.676,-1.2627605381776024,False
2014-02-28 06:52:00,39.436,-0.8537972375634154,False
2014-02-28 06:57:00,38.028,-1.1809678780547657,False
2014-02-28 07:02:00,37.986,-1.1907272295466955,False
2014-02-28 07:07:00,39.62,-0.8110419834082964,False
2014-02-28 07:12:00,38.146,-1.1535487476726776,False
2014-02-28 07:17:00,38.17,-1.1479719753915747,False
2014-02-28 07:22:00,36.792,-1.4681716505315465,False
2014-02-28 07:27:00,38.616,-1.0443369571677528,False
2014-02-28 07:32:00,36.882,-1.4472587544774127,False
2014-02-28 07:37:00,38.028,-1.1809678780547657,False
2014-02-28 07:42:00,38.686,-1.0280713713478702,False
2014-02-28 07:47:00,39.746,-0.7817639289325069,False
2014-02-28 07:52:00,37.16,-1.3826611422213084,False
2014-02-28 07:57:00,40.752,-0.5480042241496247,False
2014-02-28 08:02:00,37.394,-1.3282876124805583,False
2014-02-28 08:07:00,40.478,-0.6116723743588791,False
2014-02-28 08:12:00,37.766,-1.2418476421234685,False
2014-02-28 08:17:00,38.314,-1.11451134170496,False
2014-02-28 08:22:00,37.764,-1.2423123731468928,False
2014-02-28 08:27:00,37.934,-1.202810236155751,False
2014-02-28 08:32:00,37.742,-1.2474244144045714,False
2014-02-28 08:37:00,38.428,-1.0880216733697234,False
2014-02-28 08:42:00,37.77,-1.2409181800766171,False
2014-02-28 08:47:00,37.91,-1.2083870084368538,False
2014-02-28 08:52:00,37.958,-1.197233463874648,False
2014-02-28 08:57:00,40.4,-0.629796884272463,False
2014-02-28 09:02:00,37.606,-1.279026123997485,False
2014-02-28 09:07:00,40.586,-0.5865768990939183,False
2014-02-28 09:12:00,37.816,-1.2302293665378372,False
2014-02-28 09:17:00,38.732,-1.0173825578090905,False
2014-02-28 09:22:00,37.256,-1.3603540530968974,False
2014-02-28 09:27:00,38.63800000000001,-1.0392249159100724,False
2014-02-28 09:32:00,36.596,-1.5137152908272185,False
2014-02-28 09:37:00,38.192,-1.1428599341338979,False
2014-02-28 09:42:00,38.428,-1.0880216733697234,False
2014-02-28 09:47:00,38.524,-1.0657145842453122,False
2014-02-28 09:52:00,38.38,-1.0991752179319272,False
2014-02-28 09:57:00,40.362,-0.6386267737175414,False
2014-02-28 10:02:00,38.028,-1.1809678780547657,False
2014-02-28 10:07:00,39.554,-0.8263781071813273,False
2014-02-28 10:12:00,38.086,-1.1674906783754344,False
2014-02-28 10:17:00,37.864,-1.2190758219756335,False
2014-02-28 10:22:00,37.694,-1.2585779589667752,False
2014-02-28 10:27:00,38.052,-1.1753911057736628,False
2014-02-28 10:32:00,38.004,-1.1865446503358683,False
2014-02-28 10:37:00,38.052,-1.1753911057736628,False
2014-02-28 10:42:00,37.798,-1.2344119457486644,False
2014-02-28 10:47:00,37.672,-1.263690000224454,False
2014-02-28 10:52:00,38.264,-1.1261296172905895,False
2014-02-28 10:57:00,40.312,-0.6502450493031727,False
2014-02-28 11:02:00,37.558,-1.2901796685596905,False
2014-02-28 11:07:00,40.684,-0.5638050789460831,False
2014-02-28 11:12:00,37.558,-1.2901796685596905,False
2014-02-28 11:17:00,38.24,-1.1317063895716923,False
2014-02-28 11:22:00,37.632,-1.272984620692958,False
2014-02-28 11:27:00,37.746,-1.2464949523577198,False
2014-02-28 11:32:00,38.004,-1.1865446503358683,False
2014-02-28 11:37:00,39.718,-0.7882701632604595,False
2014-02-28 11:42:00,37.7,-1.2571837658964995,False
2014-02-28 11:47:00,39.27,-0.8923699125077074,False
2014-02-28 11:52:00,37.582,-1.2846028962785876,False
2014-02-28 11:57:00,39.93,-0.7390086747773879,False
2014-02-28 12:02:00,38.77,-1.0085526683640105,False
2014-02-28 12:07:00,38.868,-0.9857808482161754,False
2014-02-28 12:12:00,38.972,-0.9616148349980644,False
2014-02-28 12:17:00,36.56800000000001,-1.5202215251551678,False
2014-02-28 12:22:00,38.198,-1.1414657410636222,False
2014-02-28 12:27:00,38.114,-1.1609844440474817,False
2014-02-28 12:32:00,37.856,-1.2209347460693332,False
2014-02-28 12:37:00,37.884,-1.2144285117413804,False
2014-02-28 12:42:00,37.704,-1.2562543038496496,False
2014-02-28 12:47:00,37.858,-1.2204700150459091,False
2014-02-28 12:52:00,37.914,-1.2074575463900021,False
2014-02-28 12:57:00,39.66,-0.8017473629397923,False
2014-02-28 13:02:00,38.286,-1.1210175760329124,False
2014-02-28 13:07:00,39.712,-0.7896643563307353,False
2014-02-28 13:12:00,39.108,-0.930013125405151,False
2014-02-28 13:17:00,37.056,-1.4068271554394194,False
2014-02-28 13:22:00,38.708,-1.0229593300901934,False
2014-02-28 13:27:00,36.714,-1.4862961604451306,False
2014-02-28 13:32:00,38.666,-1.0327186815821232,False
2014-02-28 13:37:00,37.206,-1.3719723286825272,False
2014-02-28 13:42:00,38.334,-1.109864031470707,False
2014-02-28 13:47:00,39.554,-0.8263781071813273,False
2014-02-28 13:52:00,37.09,-1.3989267280411894,False
2014-02-28 13:57:00,39.878,-0.7510916813864433,False
2014-02-28 14:02:00,38.474,-1.0773328598309435,False
2014-02-28 14:07:00,40.352,-0.6409504288346686,False
2014-02-28 14:12:00,37.912,-1.207922277413428,False
2014-02-28 14:17:00,38.458,-1.081050708018345,False
2014-02-28 14:22:00,37.718,-1.2530011866856725,False
