timestamp,value,rolling_mean_24,rolling_std_24
2014-02-14 16:22:00,40.942,46.32566666666667,3.655012075953008
2014-02-14 16:27:00,52.58600000000001,46.356500000000004,3.706366332582946
2014-02-14 16:32:00,45.802,46.41041666666666,3.6876717754144575
2014-02-14 16:37:00,43.122,46.48866666666667,3.5919602334714944
2014-02-14 16:42:00,50.774,46.58058333333333,3.67475398663895
2014-02-14 16:47:00,46.262,46.561749999999996,3.675198725771582
2014-02-14 16:52:00,43.052,46.48116666666667,3.732014721843683
2014-02-14 16:57:00,50.718,46.54825,3.7952199827403046
2014-02-14 17:02:00,45.798,46.770250000000004,3.573573990449534
2014-02-14 17:07:00,46.55,46.48466666666667,3.282393064805626
2014-02-14 17:12:00,48.122,46.598083333333335,3.290302191971547
2014-02-14 17:17:00,40.23,46.473666666666674,3.4750197080037557
2014-02-14 17:22:00,52.606,46.59391666666667,3.6383364320460583
2014-02-14 17:27:00,44.652,46.52233333333333,3.659770943968879
2014-02-14 17:32:00,42.84,46.484166666666674,3.69448622852402
2014-02-14 17:37:00,49.272,46.55458333333333,3.732233436902929
2014-02-14 17:42:00,47.09,46.81924999999999,3.521072554603587
2014-02-14 17:47:00,45.452,46.57908333333333,3.4027261183104205
2014-02-14 17:52:00,46.996,46.607499999999995,3.403263817087307
2014-02-14 17:57:00,43.194,46.53225,3.459848768371244
2014-02-14 18:02:00,52.94,46.64541666666667,3.6262665663385723
2014-02-14 18:07:00,47.212,46.608583333333335,3.6153650115398697
2014-02-14 18:12:00,43.144,46.59191666666667,3.6309950476738324
2014-02-14 18:17:00,50.658,46.667249999999996,3.6980180737677655
2014-02-14 18:22:00,46.292,46.890166666666666,3.4934876514758857
2014-02-14 18:27:00,45.164,46.58091666666667,3.28993437117926
2014-02-14 18:32:00,47.88800000000001,46.667833333333334,3.2960108651502367
2014-02-14 18:37:00,41.852,46.614916666666666,3.3648885751519937
2014-02-14 18:42:00,53.17,46.71475000000001,3.525366897341264
2014-02-14 18:47:00,44.632,46.646833333333326,3.5500828608415023
2014-02-14 18:52:00,43.282,46.65641666666667,3.540253637642448
2014-02-14 18:57:00,53.192,46.7595,3.6962405460025254
2014-02-14 19:02:00,45.51600000000001,46.747749999999996,3.6998763933524805
2014-02-14 19:07:00,47.23,46.77608333333333,3.700899748611865
2014-02-14 19:12:00,46.408,46.70466666666667,3.6903207197332804
2014-02-14 19:17:00,40.118,46.699999999999996,3.698925155277925
2014-02-14 19:22:00,52.536,46.69708333333333,3.694090132332602
2014-02-14 19:27:00,45.56399999999999,46.735083333333336,3.6767885315580906
2014-02-14 19:32:00,43.908,46.779583333333335,3.6338086369737366
2014-02-14 19:37:00,48.058,46.729000000000006,3.6059479848668388
2014-02-14 19:42:00,45.4,46.65858333333333,3.61508142811252
2014-02-14 19:47:00,45.56399999999999,46.663250000000005,3.6135280995291787
2014-02-14 19:52:00,53.23,46.923,3.854509860004195
2014-02-14 19:57:00,46.972,47.08041666666667,3.771857481708294
2014-02-14 20:02:00,52.816,47.075250000000004,3.7635578824806992
2014-02-14 20:07:00,49.062,47.15233333333333,3.7853627322216754
2014-02-14 20:12:00,46.22,47.280499999999996,3.6947353967738885
2014-02-14 20:17:00,50.258,47.26383333333334,3.6797089637593627
2014-02-14 20:22:00,47.16,47.300000000000004,3.674003053180903
2014-02-14 20:27:00,45.258,47.30391666666666,3.671676336932273
2014-02-14 20:32:00,49.108,47.35475,3.688521033292811
2014-02-14 20:37:00,40.774,47.30983333333333,3.764230410018777
2014-02-14 20:42:00,52.5,47.28191666666666,3.7211176198260247
2014-02-14 20:47:00,45.316,47.31041666666667,3.7025123775346236
2014-02-14 20:52:00,41.878,47.25191666666666,3.7792259837474482
2014-02-14 20:57:00,51.456,47.17958333333333,3.6757890831844473
2014-02-14 21:02:00,46.902,47.23733333333334,3.659367285137722
2014-02-14 21:07:00,46.41,47.20316666666667,3.663264731459305
2014-02-14 21:12:00,47.3,47.240333333333325,3.659369328731108
2014-02-14 21:17:00,40.4,47.25208333333333,3.635883026729265
2014-02-14 21:22:00,52.058,47.232166666666664,3.6068737718136314
2014-02-14 21:27:00,47.84,47.327,3.5909924993565183
2014-02-14 21:32:00,42.774,47.27975,3.6449899534662036
2014-02-14 21:37:00,50.494,47.381249999999994,3.7010889496259707
2014-02-14 21:42:00,45.364,47.37975,3.701934033306984
2014-02-14 21:47:00,43.192,47.28091666666666,3.7832877801637324
2014-02-14 21:52:00,48.356,47.07783333333333,3.5751528476497287
2014-02-14 21:57:00,47.958,47.11891666666667,3.5795463389588376
2014-02-14 22:02:00,44.026,46.75266666666666,3.4172995525537484
2014-02-14 22:07:00,49.46,46.76925,3.429935773894822
2014-02-14 22:12:00,47.11,46.806333333333335,3.4285501900653426
2014-02-14 22:17:00,44.218,46.55466666666666,3.3855793758446895
2014-02-14 22:22:00,47.154,46.55441666666666,3.3855329542123735
2014-02-14 22:27:00,41.726000000000006,46.407250000000005,3.5184932947523686
2014-02-14 22:32:00,53.662,46.597,3.7833072258564178
2014-02-14 22:37:00,46.808,46.84841666666667,3.5742354356247104
2014-02-14 22:42:00,44.834,46.529,3.384732267364602
2014-02-14 22:47:00,49.554,46.70558333333333,3.4289584160267346
2014-02-14 22:52:00,45.822,46.869916666666676,3.2787551444262264
2014-02-14 22:57:00,46.768,46.67458333333334,3.129925098654662
2014-02-14 23:02:00,50.71,46.83324999999999,3.2366554295391423
2014-02-14 23:07:00,43.662,46.71875,3.3002610074646057
2014-02-14 23:12:00,53.544,46.97891666666667,3.5821497543121827
2014-02-14 23:17:00,46.478,47.23216666666667,3.300598413024214
2014-02-14 23:22:00,43.052,46.85691666666667,3.239474406062845
2014-02-14 23:27:00,49.038,46.90683333333334,3.2644151439245666
2014-02-14 23:32:00,46.238,47.05116666666667,3.1482527889590433
2014-02-14 23:37:00,44.90600000000001,46.818333333333335,3.0886324913570826
2014-02-14 23:42:00,48.51,46.94941666666667,3.0909842799407063
2014-02-14 23:47:00,40.834,46.85116666666667,3.249044644422305
2014-02-14 23:52:00,52.364,47.01816666666667,3.427841045305929
2014-02-14 23:57:00,47.206,46.98683333333333,3.4223091577200444
2014-02-15 00:02:00,43.31,46.957,3.452231842685563
2014-02-15 00:07:00,53.028,47.10566666666667,3.6366097286951984
2014-02-15 00:12:00,46.644,47.08625,3.637829420314308
2014-02-15 00:17:00,46.124,47.165666666666674,3.593019593197543
2014-02-15 00:22:00,47.802,47.19266666666667,3.595362068804349
2014-02-15 00:27:00,41.356,47.177249999999994,3.6205271205219236
2014-02-15 00:32:00,52.184,47.11566666666667,3.516504720496668
2014-02-15 00:37:00,45.774,47.072583333333334,3.5267572729518584
2014-02-15 00:42:00,42.792,46.98749999999999,3.6068340085478536
2014-02-15 00:47:00,49.036,46.965916666666665,3.592329000095554
2014-02-15 00:52:00,45.63399999999999,46.95808333333333,3.595135722378062
2014-02-15 00:57:00,46.292,46.938250000000004,3.597542122906547
2014-02-15 01:02:00,46.738,46.77275,3.506700111773607
2014-02-15 01:07:00,43.076,46.748333333333335,3.5312557030863245
2014-02-15 01:12:00,51.71,46.67191666666667,3.3950189846003935
2014-02-15 01:17:00,44.56399999999999,46.592166666666664,3.422144047824106
2014-02-15 01:22:00,42.88800000000001,46.58533333333333,3.4296758455861514
2014-02-15 01:27:00,48.874,46.5785,3.4247364735178474
2014-02-15 01:32:00,45.658,46.554333333333325,3.4292870429855227
2014-02-15 01:37:00,44.052,46.518750000000004,3.451493076412254
2014-02-15 01:42:00,47.684,46.48433333333333,3.43485209689387
2014-02-15 01:47:00,40.316,46.46275,3.4733125055009877
2014-02-15 01:52:00,52.438,46.46583333333333,3.47880743767254
2014-02-15 01:57:00,46.948,46.455083333333334,3.47681883481796
2014-02-15 02:02:00,43.13,46.44758333333334,3.4840847580748178
2014-02-15 02:07:00,51.83,46.39766666666667,3.3931016805413803
2014-02-15 02:12:00,46.272,46.38216666666667,3.392777131888662
2014-02-15 02:17:00,46.15,46.383250000000004,3.3926952636766385
2014-02-15 02:22:00,48.098,46.39558333333334,3.39860989378671
2014-02-15 02:27:00,40.868,46.375249999999994,3.4313737045096073
2014-02-15 02:32:00,52.63,46.39383333333333,3.465240560903027
2014-02-15 02:37:00,45.328,46.37525,3.469901881208945
2014-02-15 02:42:00,43.86,46.41974999999999,3.4285522010977405
2014-02-15 02:47:00,49.19,46.42616666666667,3.433801590412414
2014-02-15 02:52:00,40.032,46.19275,3.672122277612651
2014-02-15 02:57:00,52.91,46.4685,3.9200142524141945
2014-02-15 03:02:00,46.916,46.47591666666667,3.9207146411211093
2014-02-15 03:07:00,43.408,46.48975000000001,3.908764747055784
2014-02-15 03:12:00,50.222,46.42775,3.83343747716124
2014-02-15 03:17:00,45.886,46.48283333333333,3.814945981344912
2014-02-15 03:22:00,43.94,46.52666666666667,3.7777078243026003
2014-02-15 03:27:00,48.166,46.497166666666665,3.761309388875178
2014-02-15 03:32:00,40.822,46.29566666666667,3.9338009793236264
2014-02-15 03:37:00,54.24800000000001,46.720499999999994,4.221034995683239
2014-02-15 03:42:00,46.878,46.68691666666667,4.2162395352779205
2014-02-15 03:47:00,41.85,46.75083333333333,4.126123980377865
2014-02-15 03:52:00,51.548,46.713750000000005,4.0764894237246745
2014-02-15 03:57:00,47.73,46.74633333333333,4.081565286554388
2014-02-15 04:02:00,45.212,46.83308333333334,4.023067874544053
2014-02-15 04:07:00,50.658,46.78424999999999,3.9664917501928363
2014-02-15 04:12:00,39.87,46.517500000000005,4.210220617993066
2014-02-15 04:17:00,50.728,46.70825,4.295685532677198
2014-02-15 04:22:00,46.15,46.62708333333333,4.28667881898113
2014-02-15 04:27:00,43.12600000000001,46.72116666666667,4.178190035292135
2014-02-15 04:32:00,49.672,46.59791666666666,4.037572386392883
2014-02-15 04:37:00,46.644,46.65275,4.028502054653544
2014-02-15 04:42:00,44.994,46.70000000000001,4.000877512442142
2014-02-15 04:47:00,47.432,46.626749999999994,3.9692756457789518
2014-02-15 04:52:00,40.212,46.63425000000001,3.956422244687853
2014-02-15 04:57:00,53.88800000000001,46.675000000000004,4.028255464460581
2014-02-15 05:02:00,43.24800000000001,46.52216666666667,4.0878559455886
2014-02-15 05:07:00,44.36600000000001,46.562083333333334,4.0607121020040715
2014-02-15 05:12:00,49.12600000000001,46.516416666666665,4.023757879273367
2014-02-15 05:17:00,45.48,46.499500000000005,4.027375334750479
2014-02-15 05:22:00,44.754,46.53341666666666,4.008265481061188
2014-02-15 05:27:00,46.69,46.471916666666665,3.9934230485796953
2014-02-15 05:32:00,41.76,46.511,3.9399557269637935
2014-02-15 05:37:00,52.368,46.43266666666667,3.795482379455032
2014-02-15 05:42:00,44.882,46.3495,3.8071502180251184
2014-02-15 05:47:00,42.23,46.36533333333333,3.7883677644654026
2014-02-15 05:52:00,49.624,46.28516666666667,3.6930865571822973
2014-02-15 05:57:00,47.63,46.281,3.691441617768229
2014-02-15 06:02:00,44.786,46.26325,3.6978239811613793
2014-02-15 06:07:00,49.354,46.208916666666674,3.6395640436096537
2014-02-15 06:12:00,40.702,46.24358333333333,3.5800366274136373
2014-02-15 06:17:00,51.666,46.282666666666664,3.6358073162063644
2014-02-15 06:22:00,45.0,46.23475,3.6451976179506453
2014-02-15 06:27:00,43.61600000000001,46.25516666666667,3.6283618973265375
2014-02-15 06:32:00,50.822,46.30308333333334,3.682634594685038
2014-02-15 06:37:00,44.414,46.21016666666667,3.7017419597038232
2014-02-15 06:42:00,44.232,46.17841666666667,3.715867502629967
2014-02-15 06:47:00,48.236,46.211916666666674,3.7312527552001113
2014-02-15 06:52:00,41.08,46.24808333333334,3.6743402828933487
2014-02-15 06:57:00,53.92,46.24941666666667,3.6772378328998734
2014-02-15 07:02:00,46.22,46.37324999999999,3.621386513838133
2014-02-15 07:07:00,43.522,46.33808333333334,3.645742125401569
2014-02-15 07:12:00,49.74,46.36366666666667,3.668241311424399
2014-02-15 07:17:00,43.592,46.285,3.7080442284309414
2014-02-15 07:22:00,41.808,46.16225,3.808335037896428
2014-02-15 07:27:00,49.36600000000001,46.27375,3.8632363235122393
2014-02-15 07:32:00,45.492,46.42925,3.7470135963596873
2014-02-15 07:37:00,44.29600000000001,46.09291666666667,3.547746816081231
2014-02-15 07:42:00,49.706,46.29391666666667,3.612226218500608
2014-02-15 07:47:00,40.868,46.23716666666667,3.688737025132006
2014-02-15 07:52:00,51.808,46.32816666666667,3.8011483352622104
2014-02-15 07:57:00,48.562,46.36700000000001,3.8197416712105827
2014-02-15 08:02:00,41.902,46.246833333333335,3.915798054777227
2014-02-15 08:07:00,53.708,46.42825,4.159298365265991
2014-02-15 08:12:00,46.55,46.67191666666667,3.9765315224797804
2014-02-15 08:17:00,41.338,46.24158333333333,3.971418451195084
2014-02-15 08:22:00,48.36600000000001,46.38183333333333,3.9850771599825388
2014-02-15 08:27:00,41.878,46.30941666666667,4.052740027670669
2014-02-15 08:32:00,52.342,46.372749999999996,4.137319687388463
2014-02-15 08:37:00,46.502,46.45975000000001,4.1162397070733086
2014-02-15 08:42:00,42.276,46.37825,4.181118814800443
2014-02-15 08:47:00,50.104,46.45608333333333,4.2342544122355505
2014-02-15 08:52:00,45.728,46.649750000000004,4.081200859614941
2014-02-15 08:57:00,45.494,46.29866666666666,3.779887307575586
2014-02-15 09:02:00,48.666,46.40058333333334,3.810525444957252
2014-02-15 09:07:00,48.17,46.594249999999995,3.7758202477711063
2014-02-15 09:12:00,44.672,46.38308333333333,3.7337237260299316
2014-02-15 09:17:00,45.54,46.46425,3.691343966986644
2014-02-15 09:22:00,40.892,46.42608333333334,3.745912623655011
2014-02-15 09:27:00,50.024,46.4535,3.770691702200469
2014-02-15 09:32:00,45.37600000000001,46.44866666666667,3.77205185388613
2014-02-15 09:37:00,42.746,46.384083333333336,3.8234305779048694
2014-02-15 09:42:00,48.076,46.31616666666667,3.776040250184641
2014-02-15 09:47:00,46.69,46.55875,3.5934115466334022
2014-02-15 09:52:00,44.132,46.23891666666666,3.444399359725198
2014-02-15 09:57:00,49.898,46.29458333333333,3.494014782038199
2014-02-15 10:02:00,40.798,46.248583333333336,3.5609845965830074
2014-02-15 10:07:00,53.216,46.22808333333333,3.517323413158594
2014-02-15 10:12:00,45.298,46.175916666666666,3.521623167217647
2014-02-15 10:17:00,41.76,46.1935,3.4973875094567863
2014-02-15 10:22:00,48.662,46.20583333333334,3.5058933695765155
2014-02-15 10:27:00,45.536,46.35825,3.387063795114275
2014-02-15 10:32:00,45.044,46.054166666666674,3.1454827191119437
2014-02-15 10:37:00,48.06800000000001,46.11941666666667,3.171313017288451
2014-02-15 10:42:00,41.77,46.098333333333336,3.1995319585250552
2014-02-15 10:47:00,51.738,46.16641666666667,3.3041498007501255
2014-02-15 10:52:00,47.558,46.24266666666667,3.314691233133863
2014-02-15 10:57:00,43.122,46.14383333333333,3.372837273774457
2014-02-15 11:02:00,50.234,46.209166666666675,3.438366746590301
2014-02-15 11:07:00,47.474,46.18016666666667,3.424014725520278
2014-02-15 11:12:00,43.17,46.117583333333336,3.4662453300950564
2014-02-15 11:17:00,47.418,46.19583333333333,3.473829057227856
2014-02-15 11:22:00,39.86,46.15283333333333,3.5479325966180535
2014-02-15 11:27:00,51.456,46.212500000000006,3.627025335258729
2014-02-15 11:32:00,44.32,46.168499999999995,3.643979871561837
2014-02-15 11:37:00,42.206,46.14600000000001,3.6676215726271426
2014-02-15 11:42:00,49.272,46.19583333333333,3.7029405432259725
2014-02-15 11:47:00,46.066,46.16983333333334,3.701510334123516
2014-02-15 11:52:00,45.164,46.21283333333333,3.6827545889345976
2014-02-15 11:57:00,49.432,46.19341666666667,3.663659395558853
2014-02-15 12:02:00,40.306,46.17291666666667,3.6963923177426197
2014-02-15 12:07:00,53.17,46.171,3.6925915019129847
2014-02-15 12:12:00,45.416,46.17591666666667,3.69145695187364
2014-02-15 12:17:00,42.05,46.18800000000001,3.6768193721819094
2014-02-15 12:22:00,50.45,46.26250000000001,3.746579762002069
2014-02-15 12:27:00,47.042,46.325250000000004,3.7464945615868714
2014-02-15 12:32:00,44.508,46.30291666666667,3.7560497278352183
2014-02-15 12:37:00,47.958,46.298333333333325,3.753868713586103
2014-02-15 12:42:00,41.526,46.28816666666666,3.7669736401781604
2014-02-15 12:47:00,52.746,46.33016666666666,3.8353769234493162
2014-02-15 12:52:00,45.4,46.240249999999996,3.8306332005807215
2014-02-15 12:57:00,44.038,46.278416666666665,3.8026748470982406
2014-02-15 13:02:00,50.422,46.286249999999995,3.81136115421067
2014-02-15 13:07:00,47.746,46.297583333333336,3.8154487788539337
2014-02-15 13:12:00,43.662,46.318083333333334,3.7992011278879323
2014-02-15 13:17:00,48.544,46.365,3.820268781802846
2014-02-15 13:22:00,40.54,46.39333333333334,3.772144847911225
2014-02-15 13:27:00,51.808,46.407999999999994,3.7933100378796185
2014-02-15 13:32:00,46.15,46.48425,3.767820881577599
2014-02-15 13:37:00,42.042,46.47741666666666,3.7760569947415057
2014-02-15 13:42:00,48.69,46.45316666666667,3.7591607720533773
2014-02-15 13:47:00,45.95399999999999,46.448499999999996,3.759731778129695
2014-02-15 13:52:00,45.328,46.45533333333333,3.757444027951504
2014-02-15 13:57:00,48.544,46.41833333333333,3.731138055393529
2014-02-15 14:02:00,40.892,46.44275,3.6911022891130583
2014-02-15 14:07:00,55.154,46.52541666666667,3.8663734487149006
2014-02-15 14:12:00,43.996,46.466249999999995,3.8948490538368654
2014-02-15 14:17:00,43.052,46.508,3.850570460277962
2014-02-15 14:22:00,48.268,46.41708333333333,3.7785342904435812
2014-02-15 14:27:00,44.83600000000001,46.32516666666667,3.7894873310098363
2014-02-15 14:32:00,45.2,46.35399999999999,3.7776740025530544
2014-02-15 14:37:00,47.3,46.32658333333334,3.7679018485862534
2014-02-15 14:42:00,40.07,46.26591666666667,3.8591722689521477
2014-02-15 14:47:00,51.844,46.22833333333333,3.797215669484642
2014-02-15 14:52:00,47.432,46.31300000000001,3.8005955597374013
2014-02-15 14:57:00,43.92,46.308083333333336,3.803741612363172
2014-02-15 15:02:00,50.994,46.33191666666667,3.8323237804197876
2014-02-15 15:07:00,48.136,46.348166666666664,3.8394008552814896
2014-02-15 15:12:00,44.772,46.394416666666665,3.812225458872464
2014-02-15 15:17:00,49.014,46.41400000000001,3.824933940890211
2014-02-15 15:22:00,40.658,46.41891666666667,3.817122931084942
2014-02-15 15:27:00,51.578,46.409333333333336,3.803268327506554
2014-02-15 15:32:00,47.3,46.457249999999995,3.807101365126471
2014-02-15 15:37:00,41.79,46.44675,3.820133292120215
2014-02-15 15:42:00,52.348,46.59916666666667,3.983027378947991
2014-02-15 15:47:00,44.83600000000001,46.55258333333334,3.9974127493174656
2014-02-15 15:52:00,44.718,46.527166666666666,4.007464162596189
2014-02-15 15:57:00,49.76600000000001,46.57808333333333,4.041818853551896
2014-02-15 16:02:00,40.4,46.55758333333333,4.073039543533604
2014-02-15 16:07:00,53.404,46.48466666666667,3.9254432778396193
2014-02-15 16:12:00,45.024,46.5275,3.9026494122304443
2014-02-15 16:17:00,42.254,46.49425,3.9367976088495453
2014-02-15 16:22:00,49.496,46.54541666666666,3.9687042887930164
2014-02-15 16:27:00,46.198,46.60216666666667,3.952904355101416
2014-02-15 16:32:00,44.414,46.569416666666676,3.968252686518085
2014-02-15 16:37:00,45.58600000000001,46.498,3.969955776777021
2014-02-15 16:42:00,45.958,46.74333333333333,3.730138809244493
2014-02-15 16:47:00,44.554,46.43958333333333,3.5909461017672104
2014-02-15 16:52:00,47.184,46.429249999999996,3.588322016110646
2014-02-15 16:57:00,43.092,46.39475000000001,3.617359104554643
2014-02-15 17:02:00,53.58600000000001,46.50275,3.794977450239477
2014-02-15 17:07:00,47.288,46.46741666666667,3.783038736215924
2014-02-15 17:12:00,43.162,46.40033333333334,3.8284128016333576
2014-02-15 17:17:00,49.108,46.40425,3.8312500088658807
2014-02-15 17:22:00,46.304,46.6395,3.6311897798643553
2014-02-15 17:27:00,43.356,46.29691666666667,3.5314935369400433
2014-02-15 17:32:00,48.076,46.32925,3.5446048562507704
2014-02-15 17:37:00,39.554,46.23608333333334,3.695285150104079
2014-02-15 17:42:00,52.418,46.239,3.7003431568249026
2014-02-15 17:47:00,46.26,46.298333333333325,3.688265465625754
2014-02-15 17:52:00,42.152,46.19141666666667,3.7723031128691575
2014-02-15 17:57:00,52.37,46.29991666666667,3.9143600722675393
2014-02-15 18:02:00,45.47,46.51116666666667,3.713779554538768
2014-02-15 18:07:00,46.12600000000001,46.20791666666667,3.4112970619586247
2014-02-15 18:12:00,46.22,46.25775000000001,3.401973100755043
2014-02-15 18:17:00,40.234,46.17358333333333,3.527988808972031
2014-02-15 18:22:00,52.38399999999999,46.29391666666667,3.691691705021905
2014-02-15 18:27:00,45.36,46.25899999999999,3.696598060026449
2014-02-15 18:32:00,43.378,46.215833333333336,3.7250192373785906
2014-02-15 18:37:00,48.802,46.34983333333333,3.7590661151369793
2014-02-15 18:42:00,40.492,46.122083333333336,3.9448320173269136
2014-02-15 18:47:00,53.17,46.48108333333334,4.180909989533347
2014-02-15 18:52:00,46.12600000000001,46.437000000000005,4.178753423440184
2014-02-15 18:57:00,43.51,46.45441666666667,4.165054244823091
2014-02-15 19:02:00,50.396,46.32149999999999,3.9740963533974556
2014-02-15 19:07:00,48.216,46.360166666666665,3.9883977786298734
2014-02-15 19:12:00,44.882,46.43183333333332,3.943633985867953
2014-02-15 19:17:00,47.404,46.360833333333325,3.9085412787299862
2014-02-15 19:22:00,41.1,46.144000000000005,4.0534940376227855
2014-02-15 19:27:00,52.98,46.54500000000001,4.237551836286772
2014-02-15 19:32:00,43.474,46.35325,4.26926373094329
2014-02-15 19:37:00,41.106,46.41791666666666,4.1724539950225585
2014-02-15 19:42:00,48.334,46.24775,3.9966887299798346
2014-02-15 19:47:00,46.478,46.25683333333334,3.996965497525065
2014-02-15 19:52:00,43.544,46.31483333333333,3.944566628168165
2014-02-15 19:57:00,50.494,46.23666666666666,3.8364651151431235
2014-02-15 20:02:00,41.228,46.05991666666666,3.9687577501921343
2014-02-15 20:07:00,54.264,46.399,4.307814093118408
2014-02-15 20:12:00,45.798,46.38141666666667,4.309437428397745
2014-02-15 20:17:00,42.324,46.4685,4.199527230120284
2014-02-15 20:22:00,50.986,46.41025,4.122904730046947
2014-02-15 20:27:00,46.604,46.46208333333334,4.116942363883206
2014-02-15 20:32:00,45.706,46.55908333333333,4.068255730458179
2014-02-15 20:37:00,48.286,46.53758333333334,4.057235511127453
2014-02-15 20:42:00,40.652,46.544250000000005,4.046988287066345
2014-02-15 20:47:00,53.522,46.55891666666667,4.0726014324429345
2014-02-15 20:52:00,45.392,46.528333333333336,4.078745146612436
2014-02-15 20:57:00,45.102,46.59466666666666,4.040287405475085
2014-02-15 21:02:00,49.754,46.56791666666667,4.016077969066736
2014-02-15 21:07:00,48.944,46.59825,4.031785678935523
2014-02-15 21:12:00,44.672,46.58950000000001,4.035898100579459
2014-02-15 21:17:00,47.066,46.575416666666676,4.033521343384246
2014-02-15 21:22:00,41.174,46.5785,4.029179752537839
2014-02-15 21:27:00,52.09,46.54141666666666,3.971381775924464
2014-02-15 21:32:00,45.258,46.61575,3.927930014098036
2014-02-15 21:37:00,42.764,46.68483333333334,3.840418225262395
2014-02-15 21:42:00,48.216,46.679916666666664,3.8382900395275312
2014-02-15 21:47:00,46.726000000000006,46.69024999999999,3.838056632905686
2014-02-15 21:52:00,44.292,46.72141666666667,3.814360803670746
2014-02-15 21:57:00,49.484,46.67933333333334,3.776310537464093
2014-02-15 22:02:00,40.492,46.648666666666664,3.8251767639368435
2014-02-15 22:07:00,54.722,46.66774999999999,3.865747840918396
2014-02-15 22:12:00,45.58600000000001,46.65891666666666,3.8680631701674444
2014-02-15 22:17:00,41.82,46.637916666666676,3.8939028137831624
2014-02-15 22:22:00,48.896,46.55083333333334,3.8150054267061164
2014-02-15 22:27:00,46.344,46.54,3.8152170375325016
2014-02-15 22:32:00,45.07,46.5135,3.8234616343786203
2014-02-15 22:37:00,45.972,46.41708333333333,3.8059570688783304
2014-02-15 22:42:00,40.164,46.39675,3.8392540857284523
2014-02-15 22:47:00,51.572,46.31550000000001,3.7000155228816567
2014-02-15 22:52:00,44.812,46.291333333333334,3.70819471683608
2014-02-15 22:57:00,46.198,46.33700000000001,3.6996499951963737
2014-02-15 23:02:00,48.802,46.297333333333334,3.666374855318281
2014-02-15 23:07:00,48.724,46.28816666666666,3.6597389746153812
2014-02-15 23:12:00,45.282,46.313583333333334,3.6501323849329403
2014-02-15 23:17:00,46.94,46.30833333333333,3.649093594027292
2014-02-15 23:22:00,40.884,46.29624999999999,3.6672691089407805
2014-02-15 23:27:00,53.298,46.346583333333335,3.757427449230642
2014-02-15 23:32:00,44.852,46.32966666666667,3.763450667610277
2014-02-15 23:37:00,43.778,46.37191666666667,3.727197827447256
2014-02-15 23:42:00,47.974,46.36183333333333,3.722316198828087
2014-02-15 23:47:00,46.79,46.3645,3.722611343854111
2014-02-15 23:52:00,44.742,46.38325,3.7128391954546536
2014-02-15 23:57:00,49.146,46.36916666666667,3.701188994230706
2014-02-16 00:02:00,41.06399999999999,46.393,3.6633464862419016
2014-02-16 00:07:00,52.73,46.31,3.484639985147241
2014-02-16 00:12:00,46.996,46.368750000000006,3.4837888326410944
2014-02-16 00:17:00,42.99800000000001,46.417833333333334,3.42471233532251
2014-02-16 00:22:00,49.798,46.45541666666667,3.457879293749993
2014-02-16 00:27:00,40.658,46.2185,3.655013769081302
2014-02-16 00:32:00,52.044,46.509083333333336,3.8326444488126623
2014-02-16 00:37:00,46.714,46.54,3.831116036738714
2014-02-16 00:42:00,41.456,46.59383333333333,3.745753998128119
2014-02-16 00:47:00,52.418,46.629083333333334,3.7982514960882026
2014-02-16 00:52:00,44.994,46.63666666666666,3.7946458695591554
2014-02-16 00:57:00,45.728,46.61708333333333,3.7982192614396357
2014-02-16 01:02:00,48.802,46.61708333333333,3.7982192614396357
2014-02-16 01:07:00,51.408,46.72891666666667,3.901072449163594
2014-02-16 01:12:00,48.678,46.870416666666664,3.907891947203064
2014-02-16 01:17:00,47.394,46.88933333333333,3.909341973614835
2014-02-16 01:22:00,41.11,46.89875000000001,3.8944916200013755
2014-02-16 01:27:00,53.23,46.89591666666667,3.8896553319605767
2014-02-16 01:32:00,49.418,47.086166666666664,3.8969958068800468
2014-02-16 01:37:00,43.518,47.07533333333333,3.9069407877315814
2014-02-16 01:42:00,49.24800000000001,47.12841666666667,3.928278391762542
2014-02-16 01:47:00,45.846,47.08908333333334,3.9365316439802776
2014-02-16 01:52:00,47.066,47.18591666666668,3.9047416205414303
2014-02-16 01:57:00,47.752,47.127833333333335,3.884633715223274
2014-02-16 02:02:00,42.066,47.16958333333334,3.821500774128767
2014-02-16 02:07:00,51.708,47.127,3.7620787500714585
2014-02-16 02:12:00,45.976000000000006,47.0845,3.7693773560329573
2014-02-16 02:17:00,43.474,47.10433333333333,3.7481329690424925
2014-02-16 02:22:00,46.58,46.97024999999999,3.7048917281604052
2014-02-16 02:27:00,38.522,46.88125,3.884425123937691
2014-02-16 02:32:00,52.794,46.912499999999994,3.930508507869544
2014-02-16 02:37:00,44.43600000000001,46.81758333333334,3.962882480969009
2014-02-16 02:42:00,41.854,46.83416666666667,3.9402386119168793
2014-02-16 02:47:00,51.056,46.77741666666666,3.8654176659041815
2014-02-16 02:52:00,46.11,46.82391666666667,3.8497115184598436
2014-02-16 02:57:00,46.15,46.841499999999996,3.8454497221024058
2014-02-16 03:02:00,50.54,46.913916666666665,3.899953198344238
2014-02-16 03:07:00,48.122,46.776999999999994,3.791491481221339
2014-02-16 03:12:00,44.108,46.58658333333333,3.8065957165524433
2014-02-16 03:17:00,47.492,46.590666666666664,3.807551931378609
2014-02-16 03:22:00,41.808,46.61975,3.766311091655931
2014-02-16 03:27:00,56.22,46.74433333333332,4.03438575322157
2014-02-16 03:32:00,45.306,46.573,4.003096410226123
2014-02-16 03:37:00,43.404,46.56825,4.00694481087416
2014-02-16 03:42:00,50.352,46.61425,4.045200454537618
2014-02-16 03:47:00,47.48,46.68233333333333,4.04545876010499
2014-02-16 03:52:00,44.674,46.58266666666666,4.065013724418429
2014-02-16 03:57:00,49.672,46.66266666666667,4.10769575380129
2014-02-16 04:02:00,40.694,46.6055,4.183300059917336
2014-02-16 04:07:00,54.212,46.709833333333336,4.344221906281325
2014-02-16 04:12:00,46.38399999999999,46.72683333333333,4.34202312759614
2014-02-16 04:17:00,41.292,46.63591666666667,4.434944731940001
2014-02-16 04:22:00,52.806,46.89533333333333,4.610161618091888
2014-02-16 04:27:00,46.154,47.21333333333333,4.257180437256851
2014-02-16 04:32:00,42.456,46.78258333333334,4.1904536842339875
2014-02-16 04:37:00,49.46,46.99191666666666,4.1936191894111206
2014-02-16 04:42:00,46.12600000000001,47.16991666666667,4.054409150291954
2014-02-16 04:47:00,45.61,46.943000000000005,3.9791591858189133
2014-02-16 04:52:00,46.878,46.974999999999994,3.9752552009957247
2014-02-16 04:57:00,42.746,46.83316666666667,4.065667790131187
2014-02-16 05:02:00,53.028,46.93683333333334,4.193988862611609
2014-02-16 05:07:00,47.63,46.916333333333334,4.189143594813991
2014-02-16 05:12:00,41.11600000000001,46.791666666666664,4.318863484425214
2014-02-16 05:17:00,49.32,46.86783333333333,4.347773799830532
2014-02-16 05:22:00,46.478,47.06241666666666,4.213918468874182
2014-02-16 05:27:00,45.56399999999999,46.61841666666667,3.7420417574491056
2014-02-16 05:32:00,47.256,46.69966666666667,3.7334667263953887
2014-02-16 05:37:00,40.488,46.57816666666667,3.8895673579312255
2014-02-16 05:42:00,52.652,46.674,4.012968672344383
2014-02-16 05:47:00,44.718,46.55891666666667,4.02842370636097
2014-02-16 05:52:00,42.97,46.48791666666667,4.077802966823178
2014-02-16 05:57:00,51.854,46.578833333333336,4.175045198054405
2014-02-16 06:02:00,46.076,46.803083333333326,3.985450276417606
2014-02-16 06:07:00,45.904,46.45691666666667,3.661599031982409
2014-02-16 06:12:00,47.276,46.49408333333333,3.665351871318733
2014-02-16 06:17:00,41.714,46.51166666666668,3.6402377211751844
2014-02-16 06:22:00,52.972,46.51858333333334,3.6528531542708778
2014-02-16 06:27:00,44.984,46.469833333333334,3.665714944996548
2014-02-16 06:32:00,43.29,46.50458333333333,3.629787512246138
2014-02-16 06:37:00,49.694,46.51433333333333,3.6383753501261844
2014-02-16 06:42:00,45.234,46.47716666666667,3.647060325041634
2014-02-16 06:47:00,45.56399999999999,46.475249999999996,3.6475479226222816
2014-02-16 06:52:00,46.3,46.451166666666666,3.646681155417264
2014-02-16 06:57:00,43.56800000000001,46.48541666666667,3.614083297284413
2014-02-16 07:02:00,52.724,46.47275,3.5906123402925156
2014-02-16 07:07:00,46.784,46.4375,3.582901775158622
2014-02-16 07:12:00,42.23,46.483916666666666,3.517584669314604
2014-02-16 07:17:00,50.448,46.53091666666666,3.564351369941779
2014-02-16 07:22:00,46.432,46.529,3.5643934297071036
2014-02-16 07:27:00,43.826,46.456583333333334,3.6023050339985154
2014-02-16 07:32:00,49.508,46.55041666666667,3.6530070985858867
2014-02-16 07:37:00,45.488,46.75875,3.427870212778225
2014-02-16 07:42:00,45.908,46.47775000000001,3.192076348247878
2014-02-16 07:47:00,45.68,46.51783333333333,3.1750125459069762
2014-02-16 07:52:00,40.094,46.397999999999996,3.363422687369677
2014-02-16 07:57:00,54.828,46.52191666666666,3.618302002881739
2014-02-16 08:02:00,45.212,46.48591666666666,3.627218672357855
2014-02-16 08:07:00,44.444,46.42508333333333,3.6495766987022162
2014-02-16 08:12:00,47.676,46.441750000000006,3.6545415372965886
2014-02-16 08:17:00,39.742,46.359583333333326,3.7852890064457245
2014-02-16 08:22:00,50.678,46.264,3.63712079152919
2014-02-16 08:27:00,46.292,46.3185,3.6268922737265585
2014-02-16 08:32:00,42.044,46.26658333333334,3.6806476499643943
2014-02-16 08:37:00,52.066,46.36541666666667,3.806381711269125
2014-02-16 08:42:00,45.258,46.36641666666666,3.8060746858795045
2014-02-16 08:47:00,43.45399999999999,46.2785,3.849536945614652
2014-02-16 08:52:00,48.166,46.35625000000001,3.868785960007072
2014-02-16 08:57:00,41.854,46.284833333333324,3.9377002741797624
2014-02-16 09:02:00,49.504,46.150666666666666,3.7595921918840314
2014-02-16 09:07:00,47.596,46.18450000000001,3.769180939742977
2014-02-16 09:12:00,40.592,46.11625,3.8576906050573623
2014-02-16 09:17:00,50.274,46.109,3.8493502105522004
2014-02-16 09:22:00,45.83,46.08391666666666,3.849115335024251
2014-02-16 09:27:00,42.788,46.04066666666666,3.8812863697565505
2014-02-16 09:32:00,47.86600000000001,45.972249999999995,3.8316640186965665
2014-02-16 09:37:00,41.714,45.815000000000005,3.928616661060891
2014-02-16 09:42:00,52.324,46.08233333333333,4.147423953404736
2014-02-16 09:47:00,46.666,46.123416666666664,4.148148732362078
2014-02-16 09:52:00,42.512,46.22416666666667,4.022810089289919
2014-02-16 09:57:00,51.69,46.09341666666666,3.7743304377893567
2014-02-16 10:02:00,46.846,46.1615,3.7724767207625898
2014-02-16 10:07:00,45.026,46.18574999999999,3.762814594676843
2014-02-16 10:12:00,48.166,46.20616666666666,3.7725688130603228
2014-02-16 10:17:00,40.234,46.22666666666667,3.7370854333600523
2014-02-16 10:22:00,52.066,46.2845,3.818813530745997
2014-02-16 10:27:00,46.01,46.27275,3.81922326783408
2014-02-16 10:32:00,41.62,46.255083333333324,3.84055584650776
2014-02-16 10:37:00,49.932,46.16616666666667,3.7230784792049234
2014-02-16 10:42:00,45.492,46.175916666666666,3.7209025309630914
2014-02-16 10:47:00,43.31,46.169916666666666,3.7255956269249513
2014-02-16 10:52:00,48.874,46.19941666666666,3.7448415293187174
2014-02-16 10:57:00,48.56800000000001,46.479166666666664,3.65583259614202
2014-02-16 11:02:00,44.918,46.28808333333333,3.6104250733320775
2014-02-16 11:07:00,48.676,46.33308333333333,3.6340885576616793
2014-02-16 11:12:00,39.678,46.29500000000001,3.701040276791755
2014-02-16 11:17:00,52.206,46.375499999999995,3.8107344607614415
2014-02-16 11:22:00,44.47,46.31883333333334,3.8292656086316716
2014-02-16 11:27:00,42.512,46.30733333333333,3.840727678637121
2014-02-16 11:32:00,48.508,46.33408333333333,3.8542673573999573
2014-02-16 11:37:00,45.37600000000001,46.48666666666666,3.7340248790147954
2014-02-16 11:42:00,46.032,46.224500000000006,3.5211804468289385
2014-02-16 11:47:00,47.394,46.254833333333345,3.528277664153195
2014-02-16 11:52:00,39.738,46.13925,3.6975948851628706
2014-02-16 11:57:00,53.544,46.2165,3.835401787240188
2014-02-16 12:02:00,45.752,46.17091666666667,3.834095777042645
2014-02-16 12:07:00,44.672,46.15616666666667,3.83936914730472
2014-02-16 12:12:00,48.802,46.18266666666667,3.8560033676093317
2014-02-16 12:17:00,39.812,46.165083333333335,3.885160529576574
2014-02-16 12:22:00,50.13,46.08441666666666,3.7758755957383934
2014-02-16 12:27:00,46.838,46.11891666666667,3.7789475405849138
2014-02-16 12:32:00,40.908,46.08925,3.8183908658422907
2014-02-16 12:37:00,51.808,46.16741666666667,3.9183694248086636
2014-02-16 12:42:00,42.12,46.02691666666667,4.003177345849027
2014-02-16 12:47:00,42.136,45.97800000000001,4.0447767284003096
2014-02-16 12:52:00,48.45,45.96033333333333,4.0324849892350265
2014-02-16 12:57:00,48.06,45.93916666666667,4.01951452472718
2014-02-16 13:02:00,43.756,45.89075,4.03929937155486
2014-02-16 13:07:00,49.542,45.92683333333334,4.069020645621347
2014-02-16 13:12:00,39.976,45.939249999999994,4.0495311940154695
2014-02-16 13:17:00,52.512,45.952,4.070547191076725
2014-02-16 13:22:00,44.504,45.95341666666667,4.070014869288796
2014-02-16 13:27:00,42.606,45.95733333333334,4.066602926561536
2014-02-16 13:32:00,48.65600000000001,45.9635,4.070749071117011
2014-02-16 13:37:00,46.05,45.99158333333333,4.068844253344066
2014-02-16 13:42:00,45.022,45.9495,4.073628368783355
2014-02-16 13:47:00,48.754,46.006166666666665,4.1039423216841335
2014-02-16 13:52:00,39.772,46.007583333333336,4.101689746356047
2014-02-16 13:57:00,54.918,46.06483333333333,4.219355191481759
2014-02-16 14:02:00,45.962,46.07358333333334,4.218895960223293
2014-02-16 14:07:00,44.61600000000001,46.07125,4.219720238511596
2014-02-16 14:12:00,48.756,46.06933333333334,4.2184362100156285
2014-02-16 14:17:00,46.666,46.35491666666667,4.002901642305369
2014-02-16 14:22:00,43.652,46.08500000000001,3.9554040083871618
2014-02-16 14:27:00,46.9,46.08758333333333,3.9559373969270295
2014-02-16 14:32:00,39.718,46.038000000000004,4.03043659302994
2014-02-16 14:37:00,52.182,46.053583333333336,4.054367735157242
2014-02-16 14:42:00,45.47,46.19316666666668,3.9698402954041487
2014-02-16 14:47:00,41.972,46.18633333333333,3.9772617920271287
2014-02-16 14:52:00,46.972,46.124750000000006,3.9520502466661425
2014-02-16 14:57:00,46.292,46.05108333333333,3.9308294502136154
2014-02-16 15:02:00,42.71,46.0075,3.963049473629466
2014-02-16 15:07:00,50.394,46.043,3.9997334258998904
2014-02-16 15:12:00,40.47,46.063583333333334,3.968301705709413
2014-02-16 15:17:00,51.13399999999999,46.00616666666667,3.879929130534605
2014-02-16 15:22:00,44.812,46.019,3.8752510605906165
2014-02-16 15:27:00,41.58,45.97625,3.9199402086167643
2014-02-16 15:32:00,50.094,46.03616666666667,3.973308025646473
2014-02-16 15:37:00,46.056,46.03641666666667,3.9733091226404693
2014-02-16 15:42:00,43.452,45.971,4.003545863139434
2014-02-16 15:47:00,48.474,45.95933333333334,3.995483217950932
2014-02-16 15:52:00,40.634,45.99525,3.940947262535615
2014-02-16 15:57:00,53.334,45.929249999999996,3.7956023896082685
2014-02-16 16:02:00,46.032,45.93216666666667,3.795655544763348
2014-02-16 16:07:00,43.334,45.87875,3.8238992078994327
2014-02-16 16:12:00,49.448,45.90758333333333,3.8490639394721575
2014-02-16 16:17:00,46.69,45.90858333333333,3.8492726576268432
2014-02-16 16:22:00,44.39,45.93933333333333,3.8333770633926587
2014-02-16 16:27:00,45.292,45.87233333333334,3.8299072376854455
2014-02-16 16:32:00,40.282,45.895833333333336,3.7920460883580893
2014-02-16 16:37:00,50.75,45.836166666666664,3.6989582042923175
2014-02-16 16:42:00,48.122,45.946666666666665,3.7270493127553523
2014-02-16 16:47:00,41.362,45.92124999999999,3.7572903655832013
2014-02-16 16:52:00,50.988,46.08858333333333,3.8930941077610823
2014-02-16 16:57:00,46.31399999999999,46.08950000000001,3.8931466763375693
2014-02-16 17:02:00,43.192,46.10958333333334,3.8761612556381277
2014-02-16 17:07:00,50.798,46.12641666666667,3.8964009247851625
2014-02-16 17:12:00,45.858,46.35091666666667,3.706938358369832
2014-02-16 17:17:00,44.95399999999999,46.09341666666666,3.5724437856248037
2014-02-16 17:22:00,46.408,46.15991666666667,3.5623938936652126
2014-02-16 17:27:00,40.234,46.103833333333334,3.647216445057991
2014-02-16 17:32:00,52.51600000000001,46.20475,3.7930161825214475
2014-02-16 17:37:00,44.342,46.13333333333333,3.8120270388505304
2014-02-16 17:42:00,42.958,46.112750000000005,3.8284329777622332
2014-02-16 17:47:00,47.934,46.09025,3.815517393258859
2014-02-16 17:52:00,45.986,46.313250000000004,3.6348834470878226
2014-02-16 17:57:00,47.354,46.064083333333336,3.324395334580368
2014-02-16 18:02:00,48.216,46.15508333333333,3.3532454871514337
2014-02-16 18:07:00,42.74,46.13033333333334,3.3770803786788934
2014-02-16 18:12:00,51.096,46.199000000000005,3.463130174956705
2014-02-16 18:17:00,45.63399999999999,46.154999999999994,3.4633290343252123
2014-02-16 18:22:00,42.23,46.065,3.5384404818335247
2014-02-16 18:27:00,50.47,46.28074999999999,3.645498990715037
2014-02-16 18:32:00,44.04,46.43733333333333,3.4522189797372325
2014-02-16 18:37:00,44.02,46.15691666666666,3.3587456757683745
2014-02-16 18:42:00,48.004,46.151999999999994,3.3558291400772036
2014-02-16 18:47:00,40.774,46.1275,3.3942466027087654
2014-02-16 18:52:00,52.0,46.169666666666664,3.462846613216743
2014-02-16 18:57:00,48.356,46.254749999999994,3.4915147734247785
2014-02-16 19:02:00,41.01,46.16383333333332,3.6014134865979046
2014-02-16 19:07:00,53.38,46.27141666666666,3.7800040248042373
2014-02-16 19:12:00,44.132,46.1995,3.804550833341337
2014-02-16 19:17:00,42.972,46.11691666666667,3.8539520530925433
2014-02-16 19:22:00,47.88800000000001,46.178583333333336,3.8706167794840125
2014-02-16 19:27:00,39.918,46.165416666666665,3.892194976087922
2014-02-16 19:32:00,50.868,46.09675000000001,3.7884400741798947
2014-02-16 19:37:00,46.574,46.189750000000004,3.770846073323021
2014-02-16 19:42:00,41.46,46.127333333333326,3.83845683062604
2014-02-16 19:47:00,51.808,46.28874999999999,3.9959592117211513
2014-02-16 19:52:00,44.24800000000001,46.21633333333333,4.017375377972069
2014-02-16 19:57:00,45.282,46.13,4.0141262734411365
2014-02-16 20:02:00,49.484,46.18283333333333,4.050951317864748
2014-02-16 20:07:00,48.826,46.436416666666666,4.016404794217646
2014-02-16 20:12:00,43.462,46.11833333333333,3.9327601842302387
2014-02-16 20:17:00,48.38,46.23275000000001,3.9579212291961716
2014-02-16 20:22:00,45.822,46.38241666666667,3.8668453372638054
2014-02-16 20:27:00,46.22,46.205333333333336,3.767554698447933
2014-02-16 20:32:00,47.31,46.34158333333334,3.7449029466342836
2014-02-16 20:37:00,40.37,46.18950000000001,3.913598422001886
2014-02-16 20:42:00,50.164,46.279500000000006,3.9813895870007823
2014-02-16 20:47:00,45.54,46.47808333333334,3.8100184401775214
2014-02-16 20:52:00,42.276,46.07291666666668,3.713076960486108
2014-02-16 20:57:00,51.38800000000001,46.199250000000006,3.8434259541738798
2014-02-16 21:02:00,46.808,46.44083333333334,3.6818933653248562
2014-02-16 21:07:00,44.566,46.07358333333334,3.3874565027422894
2014-02-16 21:12:00,48.17,46.24183333333334,3.3871088051568434
2014-02-16 21:17:00,39.954,46.116083333333336,3.565127986197834
2014-02-16 21:22:00,50.61,46.2295,3.665823604001177
2014-02-16 21:27:00,45.15600000000001,46.44774999999999,3.421506269492124
2014-02-16 21:32:00,41.502,46.057500000000005,3.4295453495103163
2014-02-16 21:37:00,48.754,46.14833333333333,3.472421115849446
2014-02-16 21:42:00,45.188,46.30366666666668,3.334209907930952
2014-02-16 21:47:00,43.92,45.974999999999994,3.1518223851965548
2014-02-16 21:52:00,47.254,46.10025000000001,3.1399144996667347
2014-02-16 21:57:00,42.652,45.99066666666667,3.2147157649278073
2014-02-16 22:02:00,50.302,46.024750000000004,3.2574161439371885
2014-02-16 22:07:00,48.872,46.02666666666667,3.2591491376506982
2014-02-16 22:12:00,40.27,45.89366666666667,3.4290598365031277
2014-02-16 22:17:00,51.76,46.03450000000001,3.600726846913963
2014-02-16 22:22:00,44.414,45.975833333333334,3.6157784616950726
2014-02-16 22:27:00,44.092,45.887166666666666,3.63556805760108
2014-02-16 22:32:00,49.218,45.96666666666667,3.6885102290958804
2014-02-16 22:37:00,39.694,45.9385,3.735389543739484
2014-02-16 22:42:00,51.104,45.977666666666664,3.7862039572369994
2014-02-16 22:47:00,45.98,45.996,3.785057669998887
2014-02-16 22:52:00,42.332,45.998333333333335,3.7826812513447887
2014-02-16 22:57:00,52.91,46.061749999999996,3.8882526001545608
2014-02-16 23:02:00,43.968,45.94341666666667,3.9077210295679428
2014-02-16 23:07:00,45.14,45.96733333333333,3.9006743972835256
2014-02-16 23:12:00,48.51600000000001,45.98175,3.9097980071253997
2014-02-16 23:17:00,45.826,46.226416666666665,3.693965559932986
2014-02-16 23:22:00,45.158,45.999249999999996,3.5785045121500496
2014-02-16 23:27:00,48.012,46.11825000000001,3.596684478673441
2014-02-16 23:32:00,39.86,46.04983333333333,3.7023775635648524
2014-02-16 23:37:00,51.67,46.17133333333334,3.8402573132387974
2014-02-16 23:42:00,46.444,46.22366666666667,3.834828522515897
2014-02-16 23:47:00,43.678,46.21358333333334,3.8414615868427497
2014-02-16 23:52:00,49.622,46.31225,3.8993211142677033
2014-02-16 23:57:00,47.652,46.52058333333333,3.8281795641482557
2014-02-17 00:02:00,44.062,46.26058333333333,3.7716745896411767
2014-02-17 00:07:00,50.54,46.330083333333334,3.8366944322771754
2014-02-17 00:12:00,41.31,46.373416666666664,3.770576681953673
2014-02-17 00:17:00,51.448,46.36041666666666,3.7516881755639933
2014-02-17 00:22:00,46.066,46.429249999999996,3.729513352681031
2014-02-17 00:27:00,41.56399999999999,46.32391666666667,3.8326676135861173
2014-02-17 00:32:00,51.386,46.41425,3.928203320359955
2014-02-17 00:37:00,44.668,46.621500000000005,3.681710011488639
2014-02-17 00:42:00,43.662,46.311416666666666,3.600259240867148
2014-02-17 00:47:00,49.272,46.44858333333334,3.649458541335626
2014-02-17 00:52:00,45.024,46.56074999999999,3.5576483592151305
2014-02-17 00:57:00,45.822,46.265416666666674,3.291935309162403
2014-02-17 01:02:00,47.05,46.39383333333333,3.2583601058983898
2014-02-17 01:07:00,41.708,46.25083333333334,3.3884914132945703
2014-02-17 01:12:00,51.996,46.395833333333336,3.559765889550298
2014-02-17 01:17:00,45.962,46.4015,3.5589275008802534
2014-02-17 01:22:00,42.464,46.28925,3.641382958139134
2014-02-17 01:27:00,48.352,46.303416666666664,3.6490300071051274
2014-02-17 01:32:00,46.194,46.56733333333333,3.3820328677942513
2014-02-17 01:37:00,45.282,46.30116666666667,3.2099842024081933
2014-02-17 01:42:00,46.174,46.28991666666667,3.209934983990999
2014-02-17 01:47:00,39.95,46.134583333333325,3.424832917748364
2014-02-17 01:52:00,52.38399999999999,46.24966666666666,3.589558077034806
2014-02-17 01:57:00,46.778,46.213249999999995,3.579130903129857
2014-02-17 02:02:00,43.78,46.2015,3.586954685111521
2014-02-17 02:07:00,49.812,46.171166666666664,3.5515743926696337
2014-02-17 02:12:00,46.22,46.375750000000004,3.3974516952767906
2014-02-17 02:17:00,46.432,46.16675000000001,3.221589497640002
2014-02-17 02:22:00,47.23,46.215250000000005,3.228760635155608
2014-02-17 02:27:00,40.54,46.172583333333336,3.298901238906369
2014-02-17 02:32:00,52.582,46.22241666666667,3.388885566680878
2014-02-17 02:37:00,45.258,46.24699999999999,3.3792456580413486
2014-02-17 02:42:00,42.65,46.20483333333334,3.4189843351583193
2014-02-17 02:47:00,49.93,46.23224999999999,3.447171206378784
2014-02-17 02:52:00,39.648,46.008250000000004,3.6948672418346256
2014-02-17 02:57:00,53.804,46.34083333333333,4.022120138160607
2014-02-17 03:02:00,46.62,46.322916666666664,4.019780828079697
2014-02-17 03:07:00,43.486,46.39699999999999,3.946752060376601
2014-02-17 03:12:00,52.88800000000001,46.43416666666667,4.0055326917811485
2014-02-17 03:17:00,43.85,46.34616666666667,4.039413643056395
2014-02-17 03:22:00,43.51,46.38975,4.001167625776907
2014-02-17 03:27:00,48.372,46.39058333333333,4.001596137159213
2014-02-17 03:32:00,40.352,46.14716666666667,4.187442673628803
2014-02-17 03:37:00,51.13800000000001,46.39116666666666,4.303833434495817
2014-02-17 03:42:00,45.07,46.345166666666664,4.312147287823557
2014-02-17 03:47:00,42.668,46.45841666666667,4.170245075862284
2014-02-17 03:52:00,50.868,46.395250000000004,4.087243349208875
2014-02-17 03:57:00,48.58600000000001,46.47058333333334,4.111196397502871
2014-02-17 04:02:00,44.062,46.48233333333334,4.103568146897513
2014-02-17 04:07:00,49.372,46.464,4.0890025997631225
2014-02-17 04:12:00,40.132,46.21033333333333,4.28875697677044
2014-02-17 04:17:00,52.982,46.48325,4.506361525183281
2014-02-17 04:22:00,47.006,46.47391666666667,4.50497940850061
2014-02-17 04:27:00,43.544,46.59908333333333,4.372733459267453
2014-02-17 04:32:00,49.39,46.46608333333334,4.229028770365569
2014-02-17 04:37:00,48.708,46.609833333333334,4.2447846636289706
2014-02-17 04:42:00,43.756,46.65591666666666,4.205749914174607
2014-02-17 04:47:00,47.84,46.56883333333334,4.1563574737112505
2014-02-17 04:52:00,40.846,46.61875,4.076044323371247
2014-02-17 04:57:00,53.17,46.592333333333336,4.029238083835689
2014-02-17 05:02:00,46.894,46.60375,4.029708040454588
2014-02-17 05:07:00,43.82,46.61766666666667,4.01903530136564
2014-02-17 05:12:00,49.872,46.492,3.8583924564287253
2014-02-17 05:17:00,45.07,46.542833333333334,3.8300035607506064
2014-02-17 05:22:00,44.468,46.582750000000004,3.801909946215249
2014-02-17 05:27:00,47.136,46.53125,3.7849528082751007
2014-02-17 05:32:00,40.962,46.556666666666665,3.743474724703341
2014-02-17 05:37:00,52.99,46.633833333333335,3.8593146459224954
2014-02-17 05:42:00,44.788,46.622083333333336,3.8647083912341116
2014-02-17 05:47:00,42.442,46.61266666666666,3.8750232837075127
2014-02-17 05:52:00,50.07,46.57941666666667,3.8401895550663343
2014-02-17 05:57:00,47.664,46.541,3.823820124930837
2014-02-17 06:02:00,44.414,46.55566666666667,3.814562105664424
2014-02-17 06:07:00,49.214,46.549083333333336,3.809623374248848
2014-02-17 06:12:00,39.958,46.54183333333333,3.8225103027320597
2014-02-17 06:17:00,51.482,46.47933333333333,3.7236156186376577
2014-02-17 06:22:00,46.432,46.45541666666666,3.7219287883833956
2014-02-17 06:27:00,43.662,46.46033333333333,3.717991447784286
2014-02-17 06:32:00,47.768,46.39275,3.6769376110633374
2014-02-17 06:37:00,46.174,46.28716666666667,3.6437972031894157
2014-02-17 06:42:00,45.188,46.346833333333336,3.6121344727564275
2014-02-17 06:47:00,47.414,46.32908333333334,3.6055186675870687
2014-02-17 06:52:00,40.842,46.328916666666665,3.605783228149716
2014-02-17 06:57:00,54.0,46.363499999999995,3.6775160922415613
2014-02-17 07:02:00,44.83600000000001,46.27775,3.6885853214902093
2014-02-17 07:07:00,44.038,46.286833333333334,3.682533292351252
2014-02-17 07:12:00,48.356,46.22366666666667,3.6310044923117895
2014-02-17 07:17:00,39.882,46.0075,3.850470157627844
2014-02-17 07:22:00,50.492,46.2585,3.94102958297867
2014-02-17 07:27:00,45.258,46.18025,3.941493131884875
2014-02-17 07:32:00,42.23,46.23308333333333,3.8764664312687676
2014-02-17 07:37:00,50.896,46.145833333333336,3.738896508523506
2014-02-17 07:42:00,44.712,46.14266666666666,3.740128510541089
2014-02-17 07:47:00,43.24,46.175916666666666,3.7092183392738938
2014-02-17 07:52:00,48.452,46.1085,3.6495890536976283
2014-02-17 07:57:00,44.09,45.95958333333334,3.6562694211053612
2014-02-17 08:02:00,50.56399999999999,46.215833333333336,3.757351792520046
2014-02-17 08:07:00,48.428,46.183083333333336,3.733432176810041
2014-02-17 08:12:00,40.094,46.18875,3.7236632646757455
2014-02-17 08:17:00,52.59,46.23491666666667,3.798264591336033
2014-02-17 08:22:00,44.53,46.15566666666667,3.813784411346801
2014-02-17 08:27:00,43.592,46.15275,3.815800642522909
2014-02-17 08:32:00,48.856,46.19808333333333,3.8421964949488308
2014-02-17 08:37:00,41.002,45.98258333333334,3.9859592475574046
2014-02-17 08:42:00,50.938,46.22216666666666,4.107089434525182
2014-02-17 08:47:00,46.69,46.192,4.100608565651644
2014-02-17 08:52:00,41.198,46.20683333333334,4.081011380045141
2014-02-17 08:57:00,52.91,46.16141666666667,3.9956853459773267
2014-02-17 09:02:00,46.784,46.242583333333336,3.9873675517506033
2014-02-17 09:07:00,45.164,46.289500000000004,3.966871651018236
2014-02-17 09:12:00,48.428,46.2925,3.968529297184118
2014-02-17 09:17:00,46.38399999999999,46.56341666666666,3.726430462621513
2014-02-17 09:22:00,44.154,46.29933333333333,3.659901954812526
2014-02-17 09:27:00,46.478,46.35016666666667,3.653276214776162
2014-02-17 09:32:00,40.3,46.269749999999995,3.767373450746723
2014-02-17 09:37:00,51.69,46.30283333333333,3.8129756457866715
2014-02-17 09:42:00,44.918,46.311416666666666,3.809469093635265
2014-02-17 09:47:00,42.782,46.29233333333334,3.8266326514672575
2014-02-17 09:52:00,48.756,46.305,3.83458712702979
2014-02-17 09:57:00,48.252,46.478416666666675,3.824157581761622
2014-02-17 10:02:00,43.584,46.18758333333333,3.7648939463862994
2014-02-17 10:07:00,49.812,46.24525,3.8110190723171655
2014-02-17 10:12:00,40.208,46.25,3.8030816794896136
2014-02-17 10:17:00,51.688,46.21241666666666,3.7416645902321437
2014-02-17 10:22:00,44.87600000000001,46.22683333333333,3.7355619758427636
2014-02-17 10:27:00,42.7,46.189666666666675,3.767220110680926
2014-02-17 10:32:00,49.174,46.20291666666666,3.7775508964621887
2014-02-17 10:37:00,46.924,46.449666666666666,3.6128795051648965
2014-02-17 10:42:00,45.37600000000001,46.21791666666667,3.4887103125549856
2014-02-17 10:47:00,46.854,46.22475,3.489835616534789
2014-02-17 10:52:00,40.752,46.20616666666666,3.518833794790866
2014-02-17 10:57:00,54.6,46.27658333333334,3.6723789933794224
2014-02-17 11:02:00,43.874,46.15533333333334,3.7028106206979574
2014-02-17 11:07:00,44.93,46.14558333333333,3.7058412636018914
2014-02-17 11:12:00,48.708,46.157250000000005,3.713771401384191
2014-02-17 11:17:00,45.268,46.11075,3.7177933526546965
2014-02-17 11:22:00,42.948,46.0605,3.7533708096566456
2014-02-17 11:27:00,47.736,46.11291666666667,3.7682095842740044
2014-02-17 11:32:00,46.55,46.373333333333335,3.559187238275252
2014-02-17 11:37:00,45.492,46.11508333333333,3.3768321135627066
2014-02-17 11:42:00,47.84,46.236833333333344,3.3844623446448345
2014-02-17 11:47:00,39.882,46.11599999999999,3.5603680806294715
2014-02-17 11:52:00,51.104,46.21383333333333,3.6667359690420365
2014-02-17 11:57:00,45.64,46.105,3.642292636811859
2014-02-17 12:02:00,42.834,46.07375,3.6679893941575332
2014-02-17 12:07:00,50.764,46.113416666666666,3.7150196431883553
2014-02-17 12:12:00,46.518,46.37633333333334,3.495725771090553
2014-02-17 12:17:00,44.644,46.08283333333333,3.321746733620553
2014-02-17 12:22:00,48.326,46.22658333333334,3.341839143693008
2014-02-17 12:27:00,40.316,46.127250000000004,3.483644009791542
2014-02-17 12:32:00,51.466,46.22275,3.600262783283413
2014-02-17 12:37:00,45.558,46.16583333333333,3.599492182379963
2014-02-17 12:42:00,42.76,46.05683333333334,3.6634898504101177
2014-02-17 12:47:00,49.648,46.17325,3.73364471948046
2014-02-17 12:52:00,45.916,46.38841666666667,3.552020073345483
2014-02-17 12:57:00,46.854,46.065666666666665,3.096099350538637
2014-02-17 13:02:00,46.572,46.178083333333326,3.061853572119579
2014-02-17 13:07:00,42.652,46.08316666666667,3.1366218281382916
2014-02-17 13:12:00,52.536,46.24266666666667,3.364920448270417
2014-02-17 13:17:00,44.252,46.20033333333333,3.384052300277652
2014-02-17 13:22:00,42.184,46.1685,3.4193857190513257
2014-02-17 13:27:00,48.098,46.18358333333333,3.427389828460116
2014-02-17 13:32:00,45.38,46.13483333333334,3.4302710713861058
2014-02-17 13:37:00,44.578,46.09675000000001,3.44276909844639
2014-02-17 13:42:00,46.826,46.0545,3.4266297423714054
2014-02-17 13:47:00,39.672,46.045750000000005,3.443304242830661
2014-02-17 13:52:00,51.69,46.070166666666665,3.4825856919032523
2014-02-17 13:57:00,46.83,46.11975,3.4846656036935877
2014-02-17 14:02:00,43.098,46.13075,3.474243655568914
2014-02-17 14:07:00,49.882,46.094,3.427452749174825
2014-02-17 14:12:00,39.836,45.815583333333336,3.655331733196062
2014-02-17 14:17:00,51.198,46.08866666666666,3.8057243230676057
2014-02-17 14:22:00,46.08,45.995083333333326,3.775813139221646
2014-02-17 14:27:00,41.808,46.05724999999999,3.689541732471955
2014-02-17 14:32:00,49.43600000000001,45.97266666666667,3.5818515331874217
2014-02-17 14:37:00,46.644,46.01791666666667,3.58324475151717
2014-02-17 14:42:00,42.7,46.015416666666674,3.5856367322084233
2014-02-17 14:47:00,49.16,45.995083333333326,3.565468490671456
2014-02-17 14:52:00,39.766,45.73883333333333,3.7856037100144726
2014-02-17 14:57:00,53.49800000000001,46.01566666666667,4.100530640811243
2014-02-17 15:02:00,45.778,45.98258333333334,4.099049708712098
2014-02-17 15:07:00,43.816,46.031083333333335,4.064670904018061
2014-02-17 15:12:00,52.282,46.0205,4.047290935063041
2014-02-17 15:17:00,44.056,46.01233333333334,4.051210432823068
2014-02-17 15:22:00,43.08600000000001,46.04991666666667,4.01820005038668
2014-02-17 15:27:00,47.674,46.032250000000005,4.009726969453805
2014-02-17 15:32:00,40.408,45.82508333333333,4.170124926881337
2014-02-17 15:37:00,51.69,46.12141666666667,4.327380831671603
2014-02-17 15:42:00,44.976000000000006,46.04433333333333,4.3307600966219235
2014-02-17 15:47:00,42.306,46.154083333333325,4.193450026313462
2014-02-17 15:52:00,51.944,46.16466666666667,4.208323043752664
2014-02-17 15:57:00,46.978,46.17083333333333,4.209448664370547
2014-02-17 16:02:00,43.544,46.189416666666666,4.196257109840152
2014-02-17 16:07:00,51.854,46.27158333333333,4.289965520451958
2014-02-17 16:12:00,47.21,46.57883333333333,4.067291200559027
2014-02-17 16:17:00,45.61,46.346000000000004,3.949609733059486
2014-02-17 16:22:00,46.502,46.36358333333334,3.949313379141573
2014-02-17 16:27:00,41.362,46.345000000000006,3.972661795211165
2014-02-17 16:32:00,50.88,46.405166666666666,4.032002541263284
2014-02-17 16:37:00,45.63800000000001,46.36325,4.034640000642259
2014-02-17 16:42:00,43.732,46.40625,3.9992448118635293
2014-02-17 16:47:00,47.774,46.3485,3.9676332776715797
2014-02-17 16:52:00,40.376,46.373916666666666,3.9253610403504817
2014-02-17 16:57:00,54.084,46.39833333333333,3.9731330170300683
2014-02-17 17:02:00,46.108,46.41208333333333,3.971463533944286
2014-02-17 17:07:00,43.028,46.37924999999999,3.997034327228557
2014-02-17 17:12:00,52.934,46.406416666666665,4.040873215108298
2014-02-17 17:17:00,43.882,46.399166666666666,4.0454271303122775
2014-02-17 17:22:00,44.162,46.443999999999996,4.0129445764815905
2014-02-17 17:27:00,50.492,46.561416666666666,4.090966611797333
2014-02-17 17:32:00,39.86,46.53858333333334,4.128164745582065
2014-02-17 17:37:00,54.536,46.65716666666666,4.319038778595819
2014-02-17 17:42:00,46.056,46.70216666666667,4.3063688291591555
2014-02-17 17:47:00,43.122,46.73616666666667,4.273244645126396
2014-02-17 17:52:00,49.108,46.618,4.160702281858297
2014-02-17 17:57:00,48.56800000000001,46.68425,4.179300765834438
2014-02-17 18:02:00,43.35,46.67616666666667,4.185821031786345
2014-02-17 18:07:00,51.864,46.676583333333326,4.186359318140248
2014-02-17 18:12:00,40.122,46.38125,4.392056102140295
2014-02-17 18:17:00,51.69,46.63458333333333,4.519144493073367
2014-02-17 18:22:00,46.174,46.620916666666666,4.520058752183248
2014-02-17 18:27:00,42.84,46.6825,4.4548923863448175
2014-02-17 18:32:00,50.426,46.66358333333334,4.437222593084517
2014-02-17 18:37:00,45.70399999999999,46.666333333333334,4.436579750670323
2014-02-17 18:42:00,44.108,46.681999999999995,4.426419615072167
2014-02-17 18:47:00,47.676,46.67791666666667,4.425413544091881
2014-02-17 18:52:00,40.178,46.66966666666667,4.437839688570246
2014-02-17 18:57:00,56.408,46.7665,4.627937102650265
2014-02-17 19:02:00,45.118,46.72525000000001,4.638461769483122
2014-02-17 19:07:00,45.174,46.814666666666675,4.584460355769605
2014-02-17 19:12:00,49.272,46.662083333333335,4.430285356563354
2014-02-17 19:17:00,45.58600000000001,46.73308333333333,4.397326064154526
2014-02-17 19:22:00,45.692,46.79683333333333,4.369433389459956
2014-02-17 19:27:00,47.35,46.66591666666667,4.300430735925499
2014-02-17 19:32:00,40.188,46.67958333333333,4.278325677347302
2014-02-17 19:37:00,53.63399999999999,46.642,4.20972142009214
2014-02-17 19:42:00,45.212,46.606833333333334,4.218345932447583
2014-02-17 19:47:00,43.31,46.614666666666665,4.211762769101362
2014-02-17 19:52:00,49.084,46.61366666666667,4.211147841732407
2014-02-17 19:57:00,47.382,46.56425000000001,4.1941415170708485
2014-02-17 20:02:00,44.108,46.59583333333333,4.17167858683816
2014-02-17 20:07:00,49.202,46.48491666666667,4.059396056136883
2014-02-17 20:12:00,39.812,46.472,4.080958540428416
2014-02-17 20:17:00,51.44600000000001,46.46183333333334,4.0676763548168635
2014-02-17 20:22:00,45.68,46.44125,4.070445112397839
2014-02-17 20:27:00,44.13,46.495000000000005,4.029130751005188
2014-02-17 20:32:00,48.664,46.42158333333333,3.970007205301384
2014-02-17 20:37:00,40.34,46.19808333333333,4.158667699664384
2014-02-17 20:42:00,51.31399999999999,46.498333333333335,4.2601002505724574
2014-02-17 20:47:00,46.01,46.42891666666667,4.253644819871914
2014-02-17 20:52:00,42.276,46.516333333333336,4.13962677026582
2014-02-17 20:57:00,51.83,46.325583333333334,3.7512690944319824
2014-02-17 21:02:00,46.902,46.39991666666666,3.7439681566448964
2014-02-17 21:07:00,46.432,46.452333333333335,3.73485382598158
2014-02-17 21:12:00,47.54,46.38016666666667,3.694517485311895
2014-02-17 21:17:00,40.582,46.17166666666666,3.877932379017438
2014-02-17 21:22:00,52.676,46.46266666666667,4.0962665787345856
2014-02-17 21:27:00,45.494,46.385333333333335,4.096305978154786
2014-02-17 21:32:00,43.61600000000001,46.528166666666664,3.927086846690464
2014-02-17 21:37:00,50.328,46.39041666666666,3.7194945883484767
2014-02-17 21:42:00,46.502,46.44416666666667,3.7110362278018725
2014-02-17 21:47:00,43.732,46.46175,3.696511836971383
2014-02-17 21:52:00,48.63800000000001,46.44316666666666,3.6838553489359542
2014-02-17 21:57:00,48.31,46.48183333333333,3.698977246032564
2014-02-17 22:02:00,45.422,46.53658333333333,3.671939256822897
2014-02-17 22:07:00,49.36600000000001,46.543416666666666,3.677263892064866
2014-02-17 22:12:00,40.37,46.56666666666667,3.634366958413224
2014-02-17 22:17:00,52.474,46.6095,3.6998413244471635
2014-02-17 22:22:00,44.668,46.567333333333345,3.7166240720247194
2014-02-17 22:27:00,43.098,46.52433333333334,3.751852164820284
2014-02-17 22:32:00,48.896,46.534,3.757898719046148
2014-02-17 22:37:00,40.492,46.540333333333336,3.7471184832529945
2014-02-17 22:42:00,51.408,46.54425,3.7523705347999385
2014-02-17 22:47:00,45.37600000000001,46.517833333333336,3.758521814741009
2014-02-17 22:52:00,45.082,46.63475,3.6632699962215978
2014-02-17 22:57:00,50.69,46.587250000000004,3.59981800566543
2014-02-17 23:02:00,46.666,46.577416666666664,3.5992431319915577
2014-02-17 23:07:00,48.216,46.65175,3.614499030174227
2014-02-17 23:12:00,45.986,46.586999999999996,3.611813274580342
2014-02-17 23:17:00,41.29600000000001,46.61675,3.5628085068554736
2014-02-17 23:22:00,53.78,46.662749999999996,3.6504898926749174
2014-02-17 23:27:00,45.798,46.67541666666667,3.6467837159632164
2014-02-17 23:32:00,42.536,46.63041666666667,3.69255339859145
2014-02-17 23:37:00,49.038,46.576666666666675,3.6454788039631936
2014-02-17 23:42:00,45.868,46.55025,3.648339386982615
2014-02-17 23:47:00,43.92,46.558083333333336,3.6422219438696732
2014-02-17 23:52:00,46.578,46.47225,3.615248397864364
2014-02-17 23:57:00,42.14,46.21516666666667,3.6973277267292053
2014-02-18 00:02:00,54.084,46.57608333333334,4.024806275831298
2014-02-18 00:07:00,46.596,46.46066666666667,3.980799380795886
2014-02-18 00:12:00,43.226000000000006,46.57966666666667,3.830668855964707
2014-02-18 00:17:00,48.798,46.426500000000004,3.6541658537833914
2014-02-18 00:22:00,46.588,46.506499999999996,3.634960115802957
2014-02-18 00:27:00,44.22,46.55325,3.5962254517757897
2014-02-18 00:32:00,47.762,46.506,3.571470772421476
2014-02-18 00:37:00,40.446,46.504083333333334,3.5748493177933414
2014-02-18 00:42:00,52.348,46.54325000000001,3.635547578515808
2014-02-18 00:47:00,46.38399999999999,46.585249999999995,3.627289648711853
2014-02-18 00:52:00,43.896,46.535833333333336,3.6566199130352306
2014-02-18 00:57:00,50.952,46.54675,3.6699280794990568
2014-02-18 01:02:00,45.492,46.49783333333334,3.6760884654476262
2014-02-18 01:07:00,46.902,46.443083333333334,3.6591322316098083
2014-02-18 01:12:00,49.23,46.578250000000004,3.7011879320963468
2014-02-18 01:17:00,40.61,46.54966666666667,3.7461310669829047
2014-02-18 01:22:00,52.582,46.499750000000006,3.6524082495990386
2014-02-18 01:27:00,45.328,46.48016666666667,3.65759079255691
2014-02-18 01:32:00,42.38800000000001,46.474,3.6646477023867754
2014-02-18 01:37:00,48.938,46.469833333333334,3.661661343857652
2014-02-18 01:42:00,39.554,46.20675,3.9241947747830705
2014-02-18 01:47:00,51.83,46.53633333333334,4.0538157941319435
2014-02-18 01:52:00,45.51600000000001,46.49208333333333,4.05913391829669
2014-02-18 01:57:00,44.90600000000001,46.607333333333344,3.9684479352125472
2014-02-18 02:02:00,49.672,46.4235,3.700163815410006
2014-02-18 02:07:00,47.676,46.468500000000006,3.708909848037498
2014-02-18 02:12:00,45.68600000000001,46.571,3.6489106891497465
2014-02-18 02:17:00,46.62,46.480250000000005,3.6180696901260303
2014-02-18 02:22:00,41.056,46.24975,3.78334796811317
2014-02-18 02:27:00,54.53,46.67933333333334,4.1137587452952
2014-02-18 02:32:00,49.976000000000006,46.77158333333333,4.163614941857371
2014-02-18 02:37:00,43.85,46.91341666666667,3.993258992860087
2014-02-18 02:42:00,49.008,46.774249999999995,3.851303937855219
2014-02-18 02:47:00,45.792,46.74958333333334,3.8558052440067727
2014-02-18 02:52:00,44.83,46.7885,3.8303813977427756
2014-02-18 02:57:00,49.88399999999999,46.744,3.785853301092277
2014-02-18 03:02:00,40.274,46.52658333333333,4.004403423153353
2014-02-18 03:07:00,54.986,46.863416666666666,4.361434286588745
2014-02-18 03:12:00,45.2,46.6955,4.343901482188161
2014-02-18 03:17:00,42.19600000000001,46.761583333333334,4.258523033580564
2014-02-18 03:22:00,50.37,46.66941666666667,4.149620055071217
2014-02-18 03:27:00,46.738,46.72816666666666,4.139772306978147
2014-02-18 03:32:00,45.988,46.878166666666665,4.039684874350716
2014-02-18 03:37:00,47.332,46.81125,4.017320232172943
2014-02-18 03:42:00,40.216,46.83883333333333,3.967285827940772
2014-02-18 03:47:00,51.38399999999999,46.820249999999994,3.943865431715216
2014-02-18 03:52:00,44.32,46.77041666666667,3.9685409422286315
2014-02-18 03:57:00,44.234,46.742416666666664,3.9846053747835066
2014-02-18 04:02:00,49.484,46.73458333333334,3.9787762365556194
2014-02-18 04:07:00,47.09,46.71016666666666,3.9745436453014054
2014-02-18 04:12:00,44.46,46.659083333333335,3.9960994016085514
2014-02-18 04:17:00,46.854,46.66883333333333,3.99628535851316
2014-02-18 04:22:00,41.43,46.68441666666667,3.9741144588302992
2014-02-18 04:27:00,51.902,46.574916666666674,3.780008648675021
2014-02-18 04:32:00,46.55,46.43216666666667,3.710026926735362
2014-02-18 04:37:00,41.43600000000001,46.331583333333334,3.814333287422091
2014-02-18 04:42:00,50.47,46.392500000000005,3.8702005902402057
2014-02-18 04:47:00,45.69600000000001,46.38849999999999,3.870897761277202
2014-02-18 04:52:00,44.89,46.391,3.8698666868398743
2014-02-18 04:57:00,48.89,46.349583333333335,3.8360291506879247
2014-02-18 05:02:00,40.548,46.36100000000001,3.817524123667406
2014-02-18 05:07:00,53.452,46.29708333333334,3.6770964906362282
2014-02-18 05:12:00,46.432,46.34841666666667,3.6697071073347494
2014-02-18 05:17:00,41.878,46.33516666666667,3.685890272573136
2014-02-18 05:22:00,50.56,46.34308333333333,3.6951256720014345
2014-02-18 05:27:00,46.774,46.34458333333334,3.6953002574558966
2014-02-18 05:32:00,45.058,46.30583333333334,3.70406779526024
2014-02-18 05:37:00,47.394,46.308416666666666,3.7048361334021664
2014-02-18 05:42:00,41.992,46.38241666666667,3.593932905868452
2014-02-18 05:47:00,51.724,46.39658333333333,3.6151131790168685
2014-02-18 05:52:00,44.624,46.40925000000001,3.6080465538546767
2014-02-18 05:57:00,44.93,46.438250000000004,3.5925664951033447
2014-02-18 06:02:00,49.53,46.44016666666667,3.594273944540927
2014-02-18 06:07:00,48.192,46.48608333333334,3.60994132093303
2014-02-18 06:12:00,45.47,46.52816666666667,3.5911331827477357
2014-02-18 06:17:00,47.88800000000001,46.57125,3.6014000568619444
2014-02-18 06:22:00,40.708,46.54116666666667,3.648915403676606
2014-02-18 06:27:00,52.44,46.56358333333333,3.6847574625707753
2014-02-18 06:32:00,45.558,46.52224999999999,3.6904758412408847
2014-02-18 06:37:00,41.902,46.541666666666664,3.663680718321004
2014-02-18 06:42:00,49.014,46.481,3.6074264944754573
2014-02-18 06:47:00,46.966,46.53391666666667,3.604724507554263
2014-02-18 06:52:00,44.426,46.51458333333333,3.615153925602215
2014-02-18 06:57:00,49.414,46.53641666666667,3.6316683424117033
2014-02-18 07:02:00,40.132,46.51908333333333,3.6623558100913893
2014-02-18 07:07:00,53.38,46.516083333333334,3.65645456593592
2014-02-18 07:12:00,45.306,46.46916666666667,3.664794812058756
2014-02-18 07:17:00,41.902,46.470166666666664,3.663490609961404
2014-02-18 07:22:00,48.428,46.38133333333334,3.5850155619899566
2014-02-18 07:27:00,45.892,46.34458333333333,3.5853360028905534
2014-02-18 07:32:00,45.70399999999999,46.3715,3.5776738252669182
2014-02-18 07:37:00,46.522,46.33516666666666,3.571260350738048
2014-02-18 07:42:00,41.302,46.30641666666667,3.610308573065971
2014-02-18 07:47:00,52.598,46.34283333333334,3.6712249308308045
2014-02-18 07:52:00,45.37600000000001,46.37416666666667,3.6591062304608104
2014-02-18 07:57:00,44.36600000000001,46.35066666666666,3.670577524357558
2014-02-18 08:02:00,49.882,46.36533333333333,3.684510452605928
2014-02-18 08:07:00,47.338,46.32975,3.6701983034921346
2014-02-18 08:12:00,43.4,46.24349999999999,3.715326107753739
2014-02-18 08:17:00,47.558,46.22975,3.7095815918990853
2014-02-18 08:22:00,40.634,46.22666666666666,3.714398338155559
2014-02-18 08:27:00,51.996,46.20816666666667,3.683080275915882
2014-02-18 08:32:00,45.24,46.19491666666667,3.6860917433753246
2014-02-18 08:37:00,41.902,46.19491666666667,3.6860917433753246
2014-02-18 08:42:00,50.0,46.236,3.7241759170143385
2014-02-18 08:47:00,45.258,46.16483333333334,3.7259385472617557
2014-02-18 08:52:00,44.29600000000001,46.159416666666665,3.728669816630229
2014-02-18 08:57:00,50.43,46.20175,3.7727343705109706
2014-02-18 09:02:00,39.788,46.18741666666667,3.7973701416577303
2014-02-18 09:07:00,53.146,46.17766666666666,3.7783525587180242
2014-02-18 09:12:00,45.916,46.20308333333333,3.7742835072042014
2014-02-18 09:17:00,41.31399999999999,46.178583333333336,3.805198845477489
2014-02-18 09:22:00,52.23,46.336999999999996,3.978129602015852
2014-02-18 09:27:00,44.94,46.297333333333334,3.987494960243967
2014-02-18 09:32:00,43.334,46.19858333333334,4.031926564167632
2014-02-18 09:37:00,49.09,46.30558333333334,4.074730440982162
2014-02-18 09:42:00,45.39,46.47591666666667,3.939680917521629
2014-02-18 09:47:00,43.756,46.107499999999995,3.7512054526280116
2014-02-18 09:52:00,48.708,46.24633333333333,3.7844670484203893
2014-02-18 09:57:00,42.394,46.16416666666667,3.8479422808952686
2014-02-18 10:02:00,53.146,46.30016666666666,4.0380418378290726
2014-02-18 10:07:00,46.854,46.28,4.0338397717742644
2014-02-18 10:12:00,44.154,46.31141666666667,4.013318283531417
2014-02-18 10:17:00,48.468,46.349333333333334,4.029872267548146
2014-02-18 10:22:00,40.978,46.36366666666667,4.009219144038843
2014-02-18 10:27:00,53.474,46.42525,4.109590683627328
2014-02-18 10:32:00,45.452,46.43408333333333,4.107159411020741
2014-02-18 10:37:00,43.098,46.483916666666666,4.056725579520537
2014-02-18 10:42:00,49.578,46.46633333333333,4.04170974009619
2014-02-18 10:47:00,40.516,46.26874999999999,4.215520301581229
2014-02-18 10:52:00,52.838,46.62466666666668,4.3983550548365
2014-02-18 10:57:00,47.718,46.51166666666666,4.330656569025138
2014-02-18 11:02:00,42.39,46.62008333333333,4.185138446794871
2014-02-18 11:07:00,51.554,46.55375,4.088712832962812
2014-02-18 11:12:00,47.724,46.629083333333334,4.093105166715986
2014-02-18 11:17:00,43.802,46.73275,3.9826531166831587
2014-02-18 11:22:00,49.43,46.616083333333336,3.853534954418804
2014-02-18 11:27:00,40.938,46.44933333333333,4.012523164410087
2014-02-18 11:32:00,53.17,46.85916666666666,4.179342611783179
2014-02-18 11:37:00,45.6,46.713750000000005,4.15901423573465
2014-02-18 11:42:00,43.428,46.632,4.205191573984833
2014-02-18 11:47:00,49.46,46.86966666666667,4.196759564304308
2014-02-18 11:52:00,44.29600000000001,46.685833333333335,4.209344714743166
2014-02-18 11:57:00,45.774,46.82666666666666,4.1149937785009385
2014-02-18 12:02:00,49.174,46.66116666666667,3.9252894179273894
2014-02-18 12:07:00,48.61,46.73433333333333,3.945354545887303
2014-02-18 12:12:00,45.244,46.77975,3.920555564557476
2014-02-18 12:17:00,46.456,46.695916666666676,3.904364001168843
2014-02-18 12:22:00,40.706,46.684583333333336,3.9220380007988362
2014-02-18 12:27:00,52.212,46.632000000000005,3.8345374643126626
2014-02-18 12:32:00,44.36600000000001,46.58675,3.8554185387186752
2014-02-18 12:37:00,43.45,46.601416666666665,3.842216637359974
2014-02-18 12:42:00,47.7,46.52316666666667,3.797827430045472
2014-02-18 12:47:00,40.784,46.534333333333336,3.779747710313902
2014-02-18 12:52:00,53.286,46.553,3.8131908354849067
2014-02-18 12:57:00,46.558,46.50466666666667,3.8051252240911193
2014-02-18 13:02:00,44.118,46.57666666666666,3.7396685120088033
2014-02-18 13:07:00,51.032,46.55491666666668,3.7108686890721723
2014-02-18 13:12:00,41.456,46.293749999999996,3.8432197241149377
2014-02-18 13:17:00,51.996,46.63516666666667,3.973975335984671
2014-02-18 13:22:00,46.738,46.522999999999996,3.92940181308754
2014-02-18 13:27:00,42.608,46.592583333333344,3.839969224476614
2014-02-18 13:32:00,48.944,46.416500000000006,3.615582134859206
2014-02-18 13:37:00,46.786,46.465916666666665,3.6120404677383826
2014-02-18 13:42:00,44.93,46.5285,3.569882095239707
2014-02-18 13:47:00,47.816,46.46,3.52669748212613
2014-02-18 13:52:00,40.826,46.315416666666664,3.6867686088717764
2014-02-18 13:57:00,53.992,46.657833333333336,4.002417005267937
2014-02-18 14:02:00,47.536,46.58958333333334,3.9714916255588464
2014-02-18 14:07:00,44.554,46.42058333333333,3.9680747923862296
2014-02-18 14:12:00,49.82,46.611250000000005,4.018697596182775
2014-02-18 14:17:00,45.56399999999999,46.574083333333334,4.024316716690161
2014-02-18 14:22:00,43.894,46.706916666666665,3.8719327149726337
2014-02-18 14:27:00,49.31,46.586000000000006,3.7354474035044074
2014-02-18 14:32:00,41.492,46.46625,3.853898774081848
2014-02-18 14:37:00,51.924,46.81933333333333,3.9524651929459487
2014-02-18 14:42:00,46.886,46.78541666666666,3.94806957690185
2014-02-18 14:47:00,42.536,46.85841666666667,3.8471868425447253
2014-02-18 14:52:00,50.32,46.734833333333334,3.675545835438021
2014-02-18 14:57:00,48.77,46.827,3.698580315178523
2014-02-18 15:02:00,43.142,46.78633333333334,3.7348492160549998
2014-02-18 15:07:00,51.598,46.80991666666666,3.764492989901093
2014-02-18 15:12:00,46.558,47.0225,3.5889735119620454
2014-02-18 15:17:00,45.428,46.74883333333333,3.4405895307113514
2014-02-18 15:22:00,47.688,46.78841666666667,3.4459201322681565
2014-02-18 15:27:00,40.958,46.71966666666666,3.547901065561788
2014-02-18 15:32:00,52.324,46.8605,3.7036980461953526
2014-02-18 15:37:00,45.892,46.823249999999994,3.7089718632808024
2014-02-18 15:42:00,43.304,46.755500000000005,3.759564186121204
2014-02-18 15:47:00,47.738,46.752250000000004,3.7586411657730046
2014-02-18 15:52:00,46.214,46.97675,3.5440672195264162
2014-02-18 15:57:00,47.74,46.71625,3.2210561223732563
2014-02-18 16:02:00,48.722,46.76566666666667,3.243200870137085
2014-02-18 16:07:00,43.78,46.73341666666666,3.2698880969639683
2014-02-18 16:12:00,52.348,46.83875,3.411299220174798
2014-02-18 16:17:00,46.078,46.860166666666665,3.4045550008221572
2014-02-18 16:22:00,41.848,46.77491666666666,3.506156869387563
2014-02-18 16:27:00,50.206,46.81225,3.5389409033482426
2014-02-18 16:32:00,46.502,47.020999999999994,3.3544242038135827
2014-02-18 16:37:00,44.342,46.705083333333334,3.227208187955307
2014-02-18 16:42:00,50.11,46.839416666666665,3.3013153362372596
2014-02-18 16:47:00,40.634,46.76016666666666,3.4294553714733644
2014-02-18 16:52:00,52.112,46.834833333333336,3.5284106493072627
2014-02-18 16:57:00,46.76,46.751083333333334,3.5042525211354323
2014-02-18 17:02:00,42.982,46.744416666666666,3.511561722636246
2014-02-18 17:07:00,51.596,46.74433333333334,3.51144155541587
2014-02-18 17:12:00,46.996,46.76258333333334,3.5115692257929654
2014-02-18 17:17:00,44.718,46.733,3.5262612791305794
2014-02-18 17:22:00,47.81,46.73808333333334,3.527785435611146
2014-02-18 17:27:00,40.868,46.73433333333333,3.5342386753716464
2014-02-18 17:32:00,52.676,46.748999999999995,3.5590866928127083
2014-02-18 17:37:00,47.348,46.809666666666665,3.556251552048765
2014-02-18 17:42:00,43.806,46.83058333333333,3.536155440178135
2014-02-18 17:47:00,49.226000000000006,46.892583333333334,3.5656784940861357
2014-02-18 17:52:00,41.83,46.709916666666665,3.7112749235230478
2014-02-18 17:57:00,54.036,46.97225,3.9986448275036506
2014-02-18 18:02:00,46.524,46.88066666666666,3.981963101904324
2014-02-18 18:07:00,43.146,46.85425000000001,4.005461198544239
2014-02-18 18:12:00,52.81,46.87350000000001,4.034020122387352
2014-02-18 18:17:00,46.426,46.888,4.031661174514412
2014-02-18 18:22:00,43.074,46.939083333333336,3.9723559969703923
2014-02-18 18:27:00,49.43600000000001,46.907000000000004,3.9478570081148727
2014-02-18 18:32:00,45.728,46.874750000000006,3.9544651619898334
2014-02-18 18:37:00,44.284,46.87233333333333,3.956097667351397
2014-02-18 18:42:00,48.372,46.79991666666667,3.9098924472772074
2014-02-18 18:47:00,39.93,46.77058333333334,3.9604761013387457
2014-02-18 18:52:00,52.846,46.80116666666667,4.006087972146854
2014-02-18 18:57:00,47.794,46.844249999999995,4.011182816446603
2014-02-18 19:02:00,43.076,46.848166666666664,4.007291611296961
2014-02-18 19:07:00,50.728,46.812000000000005,3.9662854816237214
2014-02-18 19:12:00,41.032,46.5635,4.137396587437462
2014-02-18 19:17:00,52.602,46.892,4.294500426480763
2014-02-18 19:22:00,48.474,46.919666666666664,4.302802470652034
2014-02-18 19:27:00,41.44600000000001,46.94375,4.268942168632693
2014-02-18 19:32:00,49.29600000000001,46.80291666666667,4.124936467670603
2014-02-18 19:37:00,45.648,46.73208333333334,4.129762704170013
2014-02-18 19:42:00,45.892,46.81900000000001,4.087234038681478
2014-02-18 19:47:00,47.348,46.74075,4.05701392920201
2014-02-18 19:52:00,40.56,46.68783333333334,4.131450568154174
2014-02-18 19:57:00,55.846,46.76325,4.285081737843513
2014-02-18 20:02:00,45.04600000000001,46.701666666666675,4.299266738963008
2014-02-18 20:07:00,45.37600000000001,46.79458333333333,4.2428066788969705
2014-02-18 20:12:00,48.934,46.63308333333333,4.074300621943724
2014-02-18 20:17:00,46.854,46.65091666666667,4.074291487263572
2014-02-18 20:22:00,45.986,46.77224999999999,4.005925146905353
2014-02-18 20:27:00,47.184,46.67841666666667,3.967003555600237
2014-02-18 20:32:00,40.78,46.47225,4.143206123071948
2014-02-18 20:37:00,50.834,46.74516666666667,4.2080173547611475
2014-02-18 20:42:00,46.16,46.653,4.1950405086918074
2014-02-18 20:47:00,43.058,46.78333333333333,4.022112819928337
2014-02-18 20:52:00,49.43600000000001,46.64124999999999,3.8554096071792996
2014-02-18 20:57:00,49.672,46.719500000000004,3.89863897098551
2014-02-18 21:02:00,44.788,46.79083333333333,3.8443597948012167
2014-02-18 21:07:00,48.662,46.70475,3.7748681894638505
2014-02-18 21:12:00,40.274,46.673166666666674,3.827202402785103
2014-02-18 21:17:00,53.146,46.69583333333333,3.86526434966014
2014-02-18 21:22:00,45.68,46.579416666666674,3.851430834250371
2014-02-18 21:27:00,43.216,46.653166666666664,3.764831628161585
2014-02-18 21:32:00,49.484,46.661,3.770760458419843
2014-02-18 21:37:00,40.052,46.42783333333333,4.002045690661835
2014-02-18 21:42:00,52.746,46.71341666666666,4.201714080008888
2014-02-18 21:47:00,44.606,46.59916666666666,4.220943966817674
2014-02-18 21:52:00,42.676,46.687333333333335,4.1099540108150245
2014-02-18 21:57:00,51.432,46.50341666666667,3.7667220430070762
2014-02-18 22:02:00,46.31399999999999,46.55625,3.7542631216999904
2014-02-18 22:07:00,45.756,46.57208333333333,3.7498678227913356
2014-02-18 22:12:00,47.112,46.496166666666674,3.7182817404614887
2014-02-18 22:17:00,40.54,46.23308333333333,3.9102763598171673
2014-02-18 22:22:00,51.922,46.48041666666668,4.078099300629785
2014-02-18 22:27:00,45.362,46.40449999999999,4.081389714300761
2014-02-18 22:32:00,43.334,46.51091666666667,3.9598487445494914
2014-02-18 22:37:00,48.122,46.397916666666674,3.8687675367774736
2014-02-18 22:42:00,41.288,46.19491666666667,4.007140148118947
2014-02-18 22:47:00,51.914,46.56391666666667,4.112096491811817
2014-02-18 22:52:00,46.76,46.45241666666667,4.066864917061205
2014-02-18 22:57:00,44.482,46.23616666666667,4.026004942508332
2014-02-18 23:02:00,49.664,46.43933333333334,4.0725095208116455
2014-02-18 23:07:00,48.362,46.42683333333334,4.065845691661926
2014-02-18 23:12:00,45.024,46.62475,3.8639122238882537
2014-02-18 23:17:00,46.972,46.3675,3.607910547912626
2014-02-18 23:22:00,40.502,46.15174999999999,3.8004902801566662
2014-02-18 23:27:00,53.24800000000001,46.56975,4.009502118609052
2014-02-18 23:32:00,45.892,46.42008333333334,3.9627579100448775
2014-02-18 23:37:00,44.042,46.58633333333333,3.7626240458149636
2014-02-18 23:42:00,49.21,46.439,3.5755204911465337
2014-02-18 23:47:00,46.572,46.52091666666667,3.554156952770598
2014-02-18 23:52:00,44.858,46.61183333333333,3.4786320108149846
2014-02-18 23:57:00,48.15600000000001,46.47533333333333,3.3428933402156322
2014-02-19 00:02:00,41.878,46.29050000000001,3.4723319441601292
2014-02-19 00:07:00,53.092,46.59616666666667,3.73610696786941
2014-02-19 00:12:00,50.015,46.717125,3.7999804726328956
2014-02-19 00:17:00,54.6033,47.30309583333334,3.889287326409959
2014-02-19 00:22:00,62.056,47.72534583333333,4.8451930908693255
2014-02-19 00:27:00,42.08600000000001,47.58884583333333,4.959467248385441
2014-02-19 00:32:00,50.822,47.900845833333335,4.915497103082914
2014-02-19 00:37:00,44.53,47.75117916666667,4.962926295432443
2014-02-19 00:42:00,44.132,47.869679166666664,4.83417822439338
2014-02-19 00:47:00,47.184,47.67259583333333,4.757944569781388
2014-02-19 00:52:00,39.86,47.38509583333333,5.016905822228701
2014-02-19 00:57:00,54.058,47.78409583333333,5.154878538903833
2014-02-19 01:02:00,45.508,47.610929166666665,5.1587859423199
2014-02-19 01:07:00,43.874,47.42392916666666,5.211450358792234
2014-02-19 01:12:00,47.536,47.528595833333334,5.186319456322109
2014-02-19 01:17:00,39.394,47.21284583333334,5.4458640689401285
2014-02-19 01:22:00,50.916,47.6467625,5.300861727879506
2014-02-19 01:27:00,44.32,47.2747625,5.203060878134717
2014-02-19 01:32:00,41.18,47.078429166666666,5.344486605146516
2014-02-19 01:37:00,49.22,47.29417916666667,5.3210436321866394
2014-02-19 01:42:00,43.572,47.05926250000001,5.35711802321169
2014-02-19 01:47:00,43.714,46.94017916666667,5.400013796760083
2014-02-19 01:52:00,46.972,47.028262500000004,5.381783935027045
2014-02-19 01:57:00,41.55,46.753012500000004,5.489452447891597
2014-02-19 02:02:00,52.422,47.19234583333334,5.5042409334099185
2014-02-19 02:07:00,45.312,46.868179166666664,5.369119166361514
2014-02-19 02:12:00,43.76,46.60755416666666,5.361534584505771
2014-02-19 02:17:00,47.652,46.31791666666666,5.091786992339957
2014-02-19 02:22:00,40.092,45.402750000000005,3.9960786784481637
2014-02-19 02:27:00,50.51,45.753750000000004,4.061511704536515
2014-02-19 02:32:00,46.526,45.574749999999995,3.920655482574776
2014-02-19 02:37:00,40.884,45.42283333333333,4.031954706296113
2014-02-19 02:42:00,51.378,45.72475,4.198929586681967
2014-02-19 02:47:00,44.24800000000001,45.60241666666667,4.1973357586705715
2014-02-19 02:52:00,42.934,45.730500000000006,4.059111072100926
2014-02-19 02:57:00,48.29600000000001,45.490416666666675,3.6996355627415025
2014-02-19 03:02:00,45.774,45.5015,3.7000889413517113
2014-02-19 03:07:00,46.88,45.62675000000001,3.693473341732295
2014-02-19 03:12:00,46.65,45.58983333333333,3.6779557136926257
2014-02-19 03:17:00,40.044,45.61691666666667,3.6324596519698025
2014-02-19 03:22:00,50.54,45.60125,3.6093485290766814
2014-02-19 03:27:00,45.258,45.64033333333334,3.599937712826717
2014-02-19 03:32:00,43.09,45.71991666666667,3.517208056753668
2014-02-19 03:37:00,46.62,45.611583333333336,3.4439941917421697
2014-02-19 03:42:00,42.934,45.58500000000001,3.462832467165045
2014-02-19 03:47:00,51.706,45.918,3.6540773176656227
2014-02-19 03:52:00,44.20399999999999,45.80266666666666,3.6630356936226782
2014-02-19 03:57:00,44.624,45.930749999999996,3.5601688681248467
2014-02-19 04:02:00,48.944,45.78583333333333,3.348976374001964
2014-02-19 04:07:00,42.09,45.65158333333334,3.4323391430267782
2014-02-19 04:12:00,50.822,45.94583333333333,3.563333950190445
2014-02-19 04:17:00,46.33,45.890750000000004,3.5459884407227373
2014-02-19 04:22:00,41.58600000000001,45.953,3.4516231342470873
2014-02-19 04:27:00,49.432,45.90808333333334,3.3963146512278657
2014-02-19 04:32:00,45.342,45.85874999999999,3.3955478683250946
2014-02-19 04:37:00,42.794,45.93833333333334,3.2947698562717895
2014-02-19 04:42:00,48.194,45.80566666666667,3.1259943901959226
2014-02-19 04:47:00,44.808,45.829,3.11593581448658
2014-02-19 04:52:00,43.968,45.872083333333336,3.081120884645268
2014-02-19 04:57:00,46.702,45.80566666666667,3.04355025339285
2014-02-19 05:02:00,40.952,45.60475,3.2008274371807164
2014-02-19 05:07:00,52.184,45.82575,3.4649167033089996
2014-02-19 05:12:00,42.042,45.63375,3.5440246005869356
2014-02-19 05:17:00,40.586,45.65633333333333,3.5084046500376727
2014-02-19 05:22:00,46.55,45.49008333333333,3.3582466687850663
2014-02-19 05:27:00,44.36600000000001,45.45291666666666,3.36585426738526
2014-02-19 05:32:00,42.91,45.44541666666667,3.371544116852731
2014-02-19 05:37:00,46.01600000000001,45.42025,3.364642512828168
2014-02-19 05:42:00,39.612,45.28183333333333,3.53537004602334
2014-02-19 05:47:00,49.648,45.19608333333334,3.3949474724331092
2014-02-19 05:52:00,42.95,45.14383333333334,3.4204341914399214
2014-02-19 05:57:00,42.136,45.04016666666667,3.4741556580314814
2014-02-19 06:02:00,48.92,45.03916666666667,3.472986381458668
2014-02-19 06:07:00,45.70399999999999,45.189750000000004,3.417460298424049
2014-02-19 06:12:00,42.816,44.85616666666667,3.2293463016889636
2014-02-19 06:17:00,45.422,44.81833333333333,3.216622677479544
2014-02-19 06:22:00,45.04600000000001,44.9625,3.1421278445194805
2014-02-19 06:27:00,43.226000000000006,44.703916666666665,3.010940080218635
2014-02-19 06:32:00,44.178,44.65541666666667,3.0095895129123886
2014-02-19 06:37:00,39.954,44.53708333333333,3.1390101446803516
2014-02-19 06:42:00,50.374,44.627916666666664,3.2778995649609772
2014-02-19 06:47:00,41.854,44.50483333333333,3.3259518633169995
2014-02-19 06:52:00,41.614,44.406749999999995,3.3767930663639825
2014-02-19 06:57:00,47.558,44.44241666666667,3.4064803704840476
2014-02-19 07:02:00,44.312,44.58241666666667,3.3248608721029114
2014-02-19 07:07:00,45.846,44.318333333333335,2.9221560632470367
2014-02-19 07:12:00,44.084,44.403416666666665,2.8824535731646512
2014-02-19 07:17:00,39.672,44.36533333333333,2.94053539441332
2014-02-19 07:22:00,49.414,44.48466666666667,3.0874902522876715
2014-02-19 07:27:00,42.226000000000006,44.3955,3.1217775454824856
2014-02-19 07:32:00,41.878,44.3525,3.1501077000222595
2014-02-19 07:37:00,46.738,44.382583333333336,3.1700690147016366
2014-02-19 07:42:00,44.154,44.57183333333333,3.004120180347545
2014-02-19 07:47:00,44.038,44.33808333333334,2.8035315293808063
2014-02-19 07:52:00,44.208,44.3905,2.7881687460629294
2014-02-19 07:57:00,41.81800000000001,44.377250000000004,2.8000786207906883
2014-02-19 08:02:00,50.372,44.43775,2.9157945482880754
2014-02-19 08:07:00,44.83600000000001,44.40158333333334,2.9047678335225093
2014-02-19 08:12:00,41.408,44.34291666666667,2.9520178495494176
2014-02-19 08:17:00,46.62,44.39283333333333,2.9810437574880306
2014-02-19 08:22:00,44.144,44.355250000000005,2.9781355014870936
2014-02-19 08:27:00,43.92,44.384166666666665,2.9700524320751898
2014-02-19 08:32:00,44.83600000000001,44.41158333333334,2.9711033804130462
2014-02-19 08:37:00,39.812,44.40566666666667,2.9804927323408483
2014-02-19 08:42:00,51.012,44.43225,3.0383235258652865
2014-02-19 08:47:00,43.262,44.49091666666667,2.9997241600240927
2014-02-19 08:52:00,42.474,44.52675,2.968841250313929
2014-02-19 08:57:00,48.968,44.5855,3.044423340841614
2014-02-19 09:02:00,42.488,44.5095,3.0741693116225886
2014-02-19 09:07:00,42.326,44.362833333333334,3.091552749961982
2014-02-19 09:12:00,45.846,44.43625,3.1055332000354006
2014-02-19 09:17:00,44.014,44.61716666666667,2.937866834325922
2014-02-19 09:22:00,43.758,44.381499999999996,2.757677362343716
2014-02-19 09:27:00,45.374,44.51266666666667,2.725371975675515
2014-02-19 09:32:00,39.34,44.40691666666667,2.877065411849086
2014-02-19 09:37:00,51.142,44.59041666666667,3.1588515237781754
2014-02-19 09:42:00,41.01,44.45941666666667,3.241838902693171
2014-02-19 09:47:00,39.882,44.28625,3.373647352128279
2014-02-19 09:52:00,48.63800000000001,44.47083333333334,3.4884176014805353
2014-02-19 09:57:00,45.306,44.616166666666665,3.445484602335044
2014-02-19 10:02:00,41.55,44.248583333333336,3.2708881644070917
2014-02-19 10:07:00,47.06800000000001,44.34158333333334,3.319683011539182
2014-02-19 10:12:00,43.522,44.42966666666667,3.266073226190889
2014-02-19 10:17:00,43.522,44.30058333333333,3.2368314339619966
2014-02-19 10:22:00,45.37600000000001,44.35191666666666,3.244001473176518
2014-02-19 10:27:00,39.906,44.184666666666665,3.368329668192179
2014-02-19 10:32:00,50.012,44.40033333333333,3.5714271738300094
2014-02-19 10:37:00,42.746,44.52258333333333,3.455886294383903
2014-02-19 10:42:00,42.112,44.15175,3.197080315456387
2014-02-19 10:47:00,45.916,44.26233333333334,3.2108366330379368
2014-02-19 10:52:00,44.418,44.343333333333334,3.1882016556519526
2014-02-19 10:57:00,45.174,44.18525,3.039516426785039
2014-02-19 11:02:00,45.54,44.31241666666667,3.0292469995129783
2014-02-19 11:07:00,41.06399999999999,44.25983333333334,3.075822684812345
2014-02-19 11:12:00,49.154,44.39766666666667,3.2206990149543513
2014-02-19 11:17:00,43.048,44.357416666666666,3.231719611124693
2014-02-19 11:22:00,40.586,44.225249999999996,3.320930451728525
2014-02-19 11:27:00,47.112,44.297666666666665,3.3657169100863187
2014-02-19 11:32:00,43.756,44.481666666666676,3.1995078244694066
2014-02-19 11:37:00,42.676,44.12891666666667,2.8844528366168722
2014-02-19 11:42:00,45.798,44.32841666666667,2.824308763707331
2014-02-19 11:47:00,39.112,44.29633333333334,2.8808229299322794
2014-02-19 11:52:00,49.164,44.318250000000006,2.917062388475995
2014-02-19 11:57:00,44.788,44.296666666666674,2.9113470162925914
2014-02-19 12:02:00,41.572,44.297583333333336,2.91044792483714
2014-02-19 12:07:00,48.49800000000001,44.357166666666664,2.9833549201713403
2014-02-19 12:12:00,44.12600000000001,44.38233333333334,2.9785471022933487
2014-02-19 12:17:00,42.09,44.32266666666666,3.010700202634818
2014-02-19 12:22:00,46.052,44.350833333333334,3.024115417435554
2014-02-19 12:27:00,43.91,44.51766666666666,2.8750129930393866
2014-02-19 12:32:00,43.756,44.257000000000005,2.6282148016246083
2014-02-19 12:37:00,44.86,44.34508333333334,2.6107393574912883
2014-02-19 12:42:00,39.79,44.248333333333335,2.737060858827943
2014-02-19 12:47:00,49.86,44.41266666666667,2.951536882882354
2014-02-19 12:52:00,43.292,44.36575,2.960384423479999
2014-02-19 12:57:00,42.88,44.27016666666666,2.970171004690111
2014-02-19 13:02:00,48.63399999999999,44.39908333333333,3.092316985785917
2014-02-19 13:07:00,45.798,44.59633333333333,3.020482003957686
2014-02-19 13:12:00,42.23,44.30783333333333,2.8942656899563266
2014-02-19 13:17:00,44.68600000000001,44.376083333333334,2.882554994636154
2014-02-19 13:22:00,43.988,44.51783333333333,2.769503795874396
2014-02-19 13:27:00,43.874,44.38291666666667,2.7159868078803506
2014-02-19 13:32:00,43.79600000000001,44.38458333333333,2.715597618856044
2014-02-19 13:37:00,40.14,44.27891666666667,2.8318228868202966
2014-02-19 13:42:00,49.86600000000001,44.44841666666667,3.0407410412119154
2014-02-19 13:47:00,42.816,44.60274999999999,2.8458683285560875
2014-02-19 13:52:00,40.86,44.256750000000004,2.7710163141064115
2014-02-19 13:57:00,48.31,44.4035,2.8910354546425725
2014-02-19 14:02:00,45.328,44.56,2.8321559770360873
2014-02-19 14:07:00,44.46,44.39175,2.7051338832093577
2014-02-19 14:12:00,45.36600000000001,44.44341666666667,2.7116712946346033
2014-02-19 14:17:00,39.882,44.35141666666667,2.829868055253693
2014-02-19 14:22:00,49.76600000000001,44.506166666666665,3.021937985532823
2014-02-19 14:27:00,42.49800000000001,44.44733333333334,3.047684490498249
2014-02-19 14:32:00,40.646,44.31775,3.1429835347962607
2014-02-19 14:37:00,48.61600000000001,44.474250000000005,3.262401426130416
2014-02-19 14:42:00,44.83600000000001,44.68450000000001,3.106254517974201
2014-02-19 14:47:00,42.324,44.3705,2.936595559191164
2014-02-19 14:52:00,45.986,44.48275,2.9450542661273937
2014-02-19 14:57:00,46.292,44.62491666666668,2.9466741150965556
2014-02-19 15:02:00,43.76600000000001,44.42208333333334,2.823688828722043
2014-02-19 15:07:00,47.244,44.48233333333334,2.8693808856035563
2014-02-19 15:12:00,45.58600000000001,44.622166666666665,2.8364304521960855
2014-02-19 15:17:00,44.738,44.62433333333334,2.836501192401145
2014-02-19 15:22:00,45.462,44.685750000000006,2.838081367372409
2014-02-19 15:27:00,44.46,44.71016666666667,2.8333107944543197
2014-02-19 15:32:00,43.89,44.71408333333333,2.8320568330804123
2014-02-19 15:37:00,44.788,44.90775,2.659320103530939
2014-02-19 15:42:00,39.718,44.48491666666667,2.643400048959854
2014-02-19 15:47:00,50.58600000000001,44.808666666666674,2.8940445996784288
2014-02-19 15:52:00,42.166,44.86308333333333,2.828096731582698
2014-02-19 15:57:00,43.262,44.652750000000005,2.7471525693216963
2014-02-19 16:02:00,44.29,44.609500000000004,2.7442288692740067
2014-02-19 16:07:00,45.986,44.67308333333333,2.75825710433664
2014-02-19 16:12:00,42.21,44.541583333333335,2.7987203895425066
2014-02-19 16:17:00,46.39,44.81275,2.6383080752634513
2014-02-19 16:22:00,45.148,44.62033333333334,2.4207843261272886
2014-02-19 16:27:00,43.896,44.678583333333336,2.3840361449818803
2014-02-19 16:32:00,43.99,44.81791666666667,2.2309087623202872
2014-02-19 16:37:00,45.58600000000001,44.69166666666667,2.0877689083069293
2014-02-19 16:42:00,44.554,44.67991666666668,2.0877148296990375
2014-02-19 16:47:00,45.986,44.8325,2.0413494471103473
2014-02-19 16:52:00,39.596,44.56625,2.286372734837666
2014-02-19 16:57:00,50.212,44.72958333333333,2.540870441689152
2014-02-19 17:02:00,44.108,44.743833333333335,2.5361861073302254
2014-02-19 17:07:00,41.996,44.52516666666667,2.537490298403746
2014-02-19 17:12:00,50.646,44.736,2.8235510173939544
2014-02-19 17:17:00,42.066,44.62466666666666,2.8756665868700675
2014-02-19 17:22:00,44.484,44.583916666666674,2.8702094139122525
2014-02-19 17:27:00,48.508,44.75258333333333,2.979470771749656
2014-02-19 17:32:00,44.86,44.793000000000006,2.9738347663230456
2014-02-19 17:37:00,43.292,44.73066666666667,2.9895809604091554
2014-02-19 17:42:00,46.22,45.001583333333336,2.8044565142964895
2014-02-19 17:47:00,44.756,44.75866666666667,2.5397094436118772
2014-02-19 17:52:00,42.77,44.78383333333334,2.5157808653217737
2014-02-19 17:57:00,46.69,44.92666666666667,2.5229243671420574
2014-02-19 18:02:00,39.342,44.720499999999994,2.767524667028107
2014-02-19 18:07:00,49.76600000000001,44.87800000000001,2.9445724868705656
2014-02-19 18:12:00,43.192,44.91891666666667,2.912535544349934
2014-02-19 18:17:00,40.586,44.677083333333336,3.0239071747409216
2014-02-19 18:22:00,46.482,44.73266666666667,3.045125465633496
2014-02-19 18:27:00,43.716,44.72516666666667,3.0474964731109253
2014-02-19 18:32:00,42.066,44.645,3.0926480562780414
2014-02-19 18:37:00,45.328,44.63425,3.089681920451613
2014-02-19 18:42:00,39.626,44.42891666666666,3.254597656515699
2014-02-19 18:47:00,49.178,44.56191666666666,3.3836569092788507
2014-02-19 18:52:00,43.31,44.71666666666667,3.228018030587412
2014-02-19 18:57:00,42.16,44.381166666666665,3.045300865648454
2014-02-19 19:02:00,46.666,44.487750000000005,3.0798921670847395
2014-02-19 19:07:00,45.528,44.63491666666666,3.039775677030628
2014-02-19 19:12:00,40.376,44.207,2.875201134741324
2014-02-19 19:17:00,45.962,44.36933333333334,2.8590030896567864
2014-02-19 19:22:00,43.674,44.33558333333334,2.862369585662887
2014-02-19 19:27:00,41.738,44.05350000000001,2.765245063438319
2014-02-19 19:32:00,44.43600000000001,44.03583333333333,2.7612199519757277
2014-02-19 19:37:00,44.342,44.07958333333334,2.7572373684174396
2014-02-19 19:42:00,42.23,43.913333333333334,2.7428204250476234
2014-02-19 19:47:00,44.964,43.922,2.745925677451487
2014-02-19 19:52:00,39.576,43.788916666666665,2.8783904306078716
2014-02-19 19:57:00,50.63,43.95308333333333,3.150537178719401
2014-02-19 20:02:00,42.16,44.0705,3.0210674905749997
2014-02-19 20:07:00,40.282,43.67533333333333,2.8596425235192116
2014-02-19 20:12:00,48.004,43.87583333333333,2.9900029906437258
2014-02-19 20:17:00,41.924,43.93158333333333,2.938017431455551
2014-02-19 20:22:00,41.25,43.71358333333333,2.93465393732967
2014-02-19 20:27:00,43.854,43.71933333333333,2.9347940697576265
2014-02-19 20:32:00,39.062,43.594166666666666,3.069347865400902
2014-02-19 20:37:00,49.028,43.748333333333335,3.247946276417334
2014-02-19 20:42:00,42.078,43.850500000000004,3.1497165780018346
2014-02-19 20:47:00,40.566,43.49166666666667,3.003561981999148
2014-02-19 20:52:00,46.15,43.61000000000001,3.051653236896578
2014-02-19 20:57:00,45.56800000000001,43.752,3.0605259565040868
2014-02-19 21:02:00,41.142,43.52183333333334,3.039494403989677
2014-02-19 21:07:00,46.544,43.564166666666665,3.0755125365244957
2014-02-19 21:12:00,38.802,43.498583333333336,3.162019689137508
2014-02-19 21:17:00,48.874,43.619916666666676,3.31292485927298
2014-02-19 21:22:00,41.056,43.51083333333333,3.353913997324586
2014-02-19 21:27:00,40.54,43.46091666666666,3.390165520092449
2014-02-19 21:32:00,46.83,43.56066666666666,3.4547084778121535
2014-02-19 21:37:00,41.83,43.455999999999996,3.4680344514612678
2014-02-19 21:42:00,41.55,43.42766666666666,3.4812387933367064
2014-02-19 21:47:00,44.084,43.391,3.4689663164044062
2014-02-19 21:52:00,38.782,43.35791666666666,3.510469532780515
2014-02-19 21:57:00,50.556,43.35483333333334,3.5038307938433033
2014-02-19 22:02:00,41.854,43.342083333333335,3.5089207298550265
2014-02-19 22:07:00,42.582,43.437916666666666,3.4526692121323057
2014-02-19 22:12:00,44.7,43.30025,3.3262470985887544
2014-02-19 22:17:00,40.188,43.227916666666665,3.3759805006220436
2014-02-19 22:22:00,41.902,43.25508333333334,3.361966349011335
2014-02-19 22:27:00,44.718,43.291083333333326,3.373265272914334
2014-02-19 22:32:00,38.574,43.27075,3.401220589729597
2014-02-19 22:37:00,48.782,43.2605,3.383440248185865
2014-02-19 22:42:00,41.432,43.233583333333335,3.3958035473043213
2014-02-19 22:47:00,40.366,43.225249999999996,3.4028724854414496
2014-02-19 22:52:00,46.032,43.220333333333336,3.3985454006942835
2014-02-19 22:57:00,44.76600000000001,43.18691666666666,3.3783408317342527
2014-02-19 23:02:00,42.3,43.235166666666665,3.3560610927054904
2014-02-19 23:07:00,46.22,43.221666666666664,3.342797821490686
2014-02-19 23:12:00,38.92,43.22658333333334,3.3360946957244986
2014-02-19 23:17:00,48.896,43.2275,3.337716545653778
2014-02-19 23:22:00,42.114,43.27158333333333,3.3146966536619376
2014-02-19 23:27:00,39.906,43.24516666666667,3.3398436264705436
2014-02-19 23:32:00,47.324,43.26575,3.3643298867615625
2014-02-19 23:37:00,41.332,43.245000000000005,3.375088636517325
2014-02-19 23:42:00,41.79600000000001,43.25525,3.3700870231314215
2014-02-19 23:47:00,44.45399999999999,43.27066666666667,3.3748859003794855
2014-02-19 23:52:00,38.408,43.25508333333334,3.3973022022810584
2014-02-19 23:57:00,50.95399999999999,43.27166666666667,3.435249281084117
2014-02-20 00:02:00,41.822,43.27033333333333,3.435829608908133
2014-02-20 00:07:00,41.68,43.23275,3.448596024975788
2014-02-20 00:12:00,46.198,43.29516666666667,3.4896188862130813
2014-02-20 00:17:00,42.916,43.40883333333333,3.427892744335385
2014-02-20 00:22:00,41.976000000000006,43.41191666666666,3.426511445830337
2014-02-20 00:27:00,43.70399999999999,43.36966666666667,3.4159419945522265
2014-02-20 00:32:00,39.264,43.39841666666666,3.3765007345098326
2014-02-20 00:37:00,48.44,43.384166666666665,3.353435197404136
2014-02-20 00:42:00,41.746,43.39724999999999,3.346092221110234
2014-02-20 00:47:00,41.924,43.46216666666666,3.2995158494209726
2014-02-20 00:52:00,44.526,43.39941666666667,3.2626323583569152
2014-02-20 00:57:00,44.508,43.388666666666666,3.258356089471746
2014-02-20 01:02:00,43.85,43.45325,3.2511928947896847
2014-02-20 01:07:00,46.162,43.45083333333333,3.2490677681943376
2014-02-20 01:12:00,38.524,43.434333333333335,3.2739874195220886
2014-02-20 01:17:00,46.942,43.352916666666665,3.154373691251321
2014-02-20 01:22:00,43.356,43.404666666666664,3.1433332441945248
2014-02-20 01:27:00,41.084,43.45374999999999,3.095154098151632
2014-02-20 01:32:00,45.212,43.36575,3.0091618542740277
2014-02-20 01:37:00,43.474,43.455000000000005,2.977821438860904
2014-02-20 01:42:00,42.222,43.47275,2.968758476418188
2014-02-20 01:47:00,43.92,43.450500000000005,2.963080198183988
2014-02-20 01:52:00,39.672,43.503166666666665,2.8796142807323326
2014-02-20 01:57:00,51.292,43.51725,2.918206346818056
2014-02-20 02:02:00,41.432,43.501,2.9291222012005083
2014-02-20 02:07:00,42.77,43.546416666666666,2.908034027620307
2014-02-20 02:12:00,45.37600000000001,43.51216666666667,2.8801536140595356
2014-02-20 02:17:00,42.816,43.508,2.8811257461655306
2014-02-20 02:22:00,41.56800000000001,43.49100000000001,2.8917424264394747
2014-02-20 02:27:00,43.802,43.49508333333333,2.8921254395291207
2014-02-20 02:32:00,39.53,43.50616666666667,2.875668779177589
2014-02-20 02:37:00,49.202,43.53791666666667,2.9360831927064392
2014-02-20 02:42:00,41.784,43.539500000000004,2.935084933220481
2014-02-20 02:47:00,41.338,43.51508333333334,2.9514999564211606
2014-02-20 02:52:00,45.07,43.53775000000001,2.961672401371219
2014-02-20 02:57:00,44.76600000000001,43.5485,2.965812580199573
2014-02-20 03:02:00,43.334,43.52700000000001,2.9654021796304475
2014-02-20 03:07:00,43.576,43.41925,2.911995927642964
2014-02-20 03:12:00,40.728,43.51108333333334,2.78279277793515
2014-02-20 03:17:00,48.57,43.578916666666665,2.8879173768241357
2014-02-20 03:22:00,41.738,43.511500000000005,2.9121315814754287
2014-02-20 03:27:00,41.338,43.522083333333335,2.903374317503123
2014-02-20 03:32:00,44.882,43.50833333333333,2.8957946520199185
2014-02-20 03:37:00,43.39,43.50483333333333,2.895888714932923
2014-02-20 03:42:00,46.056,43.66458333333333,2.9276214698992344
2014-02-20 03:47:00,42.88800000000001,43.62158333333334,2.9312834392889653
2014-02-20 03:52:00,38.61,43.577333333333335,3.0006918429309537
2014-02-20 03:57:00,48.78,43.47266666666667,2.75352912943865
2014-02-20 04:02:00,43.874,43.57441666666667,2.7197545911777343
2014-02-20 04:07:00,43.45,43.60275000000001,2.714547143752094
2014-02-20 04:12:00,45.698,43.616166666666665,2.724470106703194
2014-02-20 04:17:00,42.724,43.61233333333333,2.7257093319573373
2014-02-20 04:22:00,43.662,43.69958333333333,2.690714854371732
2014-02-20 04:27:00,42.724,43.654666666666664,2.697918854400185
2014-02-20 04:32:00,39.788,43.665416666666665,2.681231740250739
2014-02-20 04:37:00,48.466,43.634750000000004,2.6186318905606694
2014-02-20 04:42:00,41.96,43.64208333333334,2.6134649649820982
2014-02-20 04:47:00,41.924,43.66649999999999,2.593665209195623
2014-02-20 04:52:00,44.72,43.651916666666665,2.5864044862834468
2014-02-20 04:57:00,40.634,43.479749999999996,2.645862023580707
2014-02-20 05:02:00,49.154,43.72225,2.8875895958244318
2014-02-20 05:07:00,43.426,43.716,2.8880821980354296
2014-02-20 05:12:00,40.796,43.71883333333333,2.885055159847517
2014-02-20 05:17:00,46.97,43.652166666666666,2.7848276453836833
2014-02-20 05:22:00,42.7,43.69225,2.762915304214253
2014-02-20 05:27:00,42.3,43.73233333333334,2.7341036949050075
2014-02-20 05:32:00,45.896,43.77458333333333,2.7603505435340736
2014-02-20 05:37:00,39.108,43.59616666666667,2.920053776554724
2014-02-20 05:42:00,48.492,43.69766666666666,3.0487743320122433
2014-02-20 05:47:00,42.39,43.67691666666666,3.0562101554855854
2014-02-20 05:52:00,39.576,43.717166666666664,2.9922702108087127
2014-02-20 05:57:00,50.51600000000001,43.789500000000004,3.1374383486062003
2014-02-20 06:02:00,41.31399999999999,43.68283333333333,3.17769973773308
2014-02-20 06:07:00,43.026,43.665166666666664,3.180228097735078
2014-02-20 06:12:00,44.812,43.62825,3.1606870091114225
2014-02-20 06:17:00,38.92,43.46975,3.3003009777107892
2014-02-20 06:22:00,49.79,43.72508333333334,3.543883940545802
2014-02-20 06:27:00,41.666,43.681000000000004,3.5634047226482406
2014-02-20 06:32:00,40.586,43.71425,3.52905743358842
2014-02-20 06:37:00,45.842,43.60491666666667,3.414221967729695
2014-02-20 06:42:00,43.028,43.64941666666667,3.398775507337289
2014-02-20 06:47:00,42.442,43.671,3.3889727570204173
2014-02-20 06:52:00,44.226000000000006,43.650416666666665,3.3838207876879194
2014-02-20 06:57:00,41.408,43.68266666666667,3.3574077301792147
2014-02-20 07:02:00,49.084,43.67974999999999,3.3524747672753437
2014-02-20 07:07:00,43.334,43.675916666666666,3.3528301078170566
2014-02-20 07:12:00,40.278,43.654333333333334,3.373777017278902
2014-02-20 07:17:00,44.694,43.55949999999999,3.307869155185343
2014-02-20 07:22:00,43.404,43.58883333333333,3.3030338579353327
2014-02-20 07:27:00,42.206,43.584916666666665,3.304683894857122
2014-02-20 07:32:00,43.756,43.495749999999994,3.2682854599662208
2014-02-20 07:37:00,39.226,43.50066666666667,3.2614794011396873
2014-02-20 07:42:00,49.6,43.54683333333333,3.3420509670959806
2014-02-20 07:47:00,41.01,43.48933333333333,3.3745332516760294
2014-02-20 07:52:00,40.492,43.5275,3.333276140089128
2014-02-20 07:57:00,48.428,43.44050000000001,3.165993888867816
2014-02-20 08:02:00,42.91,43.507000000000005,3.1360054347779815
2014-02-20 08:07:00,43.45,43.52466666666666,3.134371785981066
2014-02-20 08:12:00,44.062,43.49341666666666,3.1247027812281623
2014-02-20 08:17:00,39.012,43.49725,3.118899293716991
2014-02-20 08:22:00,47.958,43.42091666666667,2.977400382251675
2014-02-20 08:27:00,41.91,43.43108333333333,2.9715583368454834
2014-02-20 08:32:00,38.85,43.35874999999999,3.063529582034512
2014-02-20 08:37:00,49.434,43.50841666666667,3.270849110826975
2014-02-20 08:42:00,42.042,43.46733333333333,3.2833142675824787
2014-02-20 08:47:00,41.104,43.41158333333333,3.312709070241229
2014-02-20 08:52:00,44.722,43.43225,3.319550902705471
2014-02-20 08:57:00,40.54,43.39608333333334,3.3471775769870056
2014-02-20 09:02:00,47.184,43.316916666666664,3.2271150653374754
2014-02-20 09:07:00,45.024,43.38733333333332,3.2458876010794215
2014-02-20 09:12:00,40.354,43.3905,3.2427578305859703
2014-02-20 09:17:00,46.29600000000001,43.457249999999995,3.286943118646551
2014-02-20 09:22:00,43.592,43.46508333333333,3.287034713863766
2014-02-20 09:27:00,42.256,43.467166666666664,3.2862177501574354
2014-02-20 09:32:00,42.63800000000001,43.42058333333333,3.289867420570025
2014-02-20 09:37:00,40.704,43.482166666666664,3.2210483800569008
2014-02-20 09:42:00,46.408,43.34916666666666,3.01688430794699
2014-02-20 09:47:00,42.184,43.39808333333334,2.986673850357005
2014-02-20 09:52:00,39.554,43.359,3.03214712273557
2014-02-20 09:57:00,50.828,43.459,3.2391039555381873
2014-02-20 10:02:00,41.268,43.39058333333333,3.2684128034297824
2014-02-20 10:07:00,43.216,43.380833333333335,3.2685768697743263
2014-02-20 10:12:00,45.61,43.44533333333334,3.2977464593484824
2014-02-20 10:17:00,42.69600000000001,43.59883333333334,3.165504227527303
2014-02-20 10:22:00,42.746,43.38166666666667,3.029296871591232
2014-02-20 10:27:00,42.99800000000001,43.427,3.014420299017866
2014-02-20 10:32:00,38.874,43.428,3.0128394811424917
2014-02-20 10:37:00,48.662,43.395833333333336,2.949381123980638
2014-02-20 10:42:00,41.378,43.36816666666667,2.9657020822362212
2014-02-20 10:47:00,40.814,43.35608333333334,2.975901440582084
2014-02-20 10:52:00,45.37600000000001,43.38333333333333,2.9919040711585385
2014-02-20 10:57:00,45.164,43.576,2.949425942671697
2014-02-20 11:02:00,43.508,43.42283333333334,2.8476040831711993
2014-02-20 11:07:00,45.004,43.422000000000004,2.847118024156848
2014-02-20 11:12:00,38.356,43.338750000000005,2.9673972089446896
2014-02-20 11:17:00,48.968,43.45008333333334,3.1289038769215995
2014-02-20 11:22:00,41.456,43.36108333333334,3.1549618052765993
2014-02-20 11:27:00,40.758,43.29866666666667,3.1923711055206114
2014-02-20 11:32:00,45.68,43.42541666666667,3.22522031491039
2014-02-20 11:37:00,42.864,43.515416666666674,3.1757350387323537
2014-02-20 11:42:00,43.396,43.389916666666664,3.115396239948396
2014-02-20 11:47:00,42.56399999999999,43.405750000000005,3.1099618514367413
2014-02-20 11:52:00,40.234,43.43408333333334,3.076259698381232
2014-02-20 11:57:00,50.932,43.438416666666676,3.0871817444376246
2014-02-20 12:02:00,41.374,43.44283333333334,3.0840158414225844
2014-02-20 12:07:00,42.354,43.40691666666667,3.0917820936303535
2014-02-20 12:12:00,45.532,43.40366666666667,3.0894056649005126
2014-02-20 12:17:00,42.952,43.41433333333333,3.087297321869684
2014-02-20 12:22:00,42.008,43.38358333333334,3.0979005501857424
2014-02-20 12:27:00,44.022,43.42625,3.099410396244479
2014-02-20 12:32:00,38.756,43.42133333333334,3.1070299345988426
2014-02-20 12:37:00,48.31,43.406666666666666,3.0819454424349355
2014-02-20 12:42:00,41.502,43.411833333333334,3.078498669476983
2014-02-20 12:47:00,40.732,43.408416666666675,3.0815512174548787
2014-02-20 12:52:00,44.93,43.389833333333335,3.0704947578479205
2014-02-20 12:57:00,44.816,43.37533333333334,3.06256366984992
2014-02-20 13:02:00,44.202,43.40425,3.0671437109269597
2014-02-20 13:07:00,44.45,43.38116666666667,3.056647263384209
2014-02-20 13:12:00,39.152,43.41433333333333,3.0036085350598865
2014-02-20 13:17:00,48.124,43.37916666666666,2.940026200218557
2014-02-20 13:22:00,41.416,43.3775,2.9411749352938115
2014-02-20 13:27:00,41.362,43.40266666666667,2.920296212889206
2014-02-20 13:32:00,45.37600000000001,43.38999999999999,2.910632203849794
2014-02-20 13:37:00,39.118,43.233916666666666,3.0377305304063635
2014-02-20 13:42:00,48.708,43.45525,3.237035348559947
2014-02-20 13:47:00,41.55,43.413000000000004,3.255737143540097
2014-02-20 13:52:00,39.878,43.39816666666667,3.271622807889381
2014-02-20 13:57:00,47.782,43.26691666666667,3.0088765477684083
2014-02-20 14:02:00,43.382,43.35058333333333,2.9817479833534635
2014-02-20 14:07:00,43.192,43.3855,2.974468121983526
2014-02-20 14:12:00,44.226000000000006,43.33108333333333,2.945294728245792
2014-02-20 14:17:00,44.136,43.38041666666666,2.948583151523767
2014-02-20 14:22:00,43.382,43.43766666666667,2.934080800681548
2014-02-20 14:27:00,41.914,43.34983333333333,2.9473499912658925
2014-02-20 14:32:00,39.8,43.39333333333334,2.8836167909592287
2014-02-20 14:37:00,49.514,43.4435,2.981677394849594
2014-02-20 14:42:00,41.83,43.457166666666666,2.973130975436835
2014-02-20 14:47:00,41.48,43.48833333333334,2.9471284574867216
2014-02-20 14:52:00,44.578,43.47366666666667,2.940510376680016
2014-02-20 14:57:00,41.122,43.31975,2.9637794503699757
2014-02-20 15:02:00,49.018,43.52041666666667,3.1811743513400375
2014-02-20 15:07:00,43.756,43.4915,3.175506272542545
2014-02-20 15:12:00,40.57,43.55058333333333,3.1036335215731246
2014-02-20 15:17:00,45.63399999999999,43.44683333333333,2.983393102793803
2014-02-20 15:22:00,43.49800000000001,43.53358333333333,2.951877161292934
2014-02-20 15:27:00,42.222,43.569416666666676,2.9295048686361356
2014-02-20 15:32:00,45.164,43.560583333333334,2.924135337328797
2014-02-20 15:37:00,38.662,43.541583333333335,2.9555692443202077
2014-02-20 15:42:00,48.8,43.545416666666675,2.9626126236772032
2014-02-20 15:47:00,41.74800000000001,43.553666666666665,2.9570849139661686
2014-02-20 15:52:00,39.93,43.55583333333334,2.9542923770804856
2014-02-20 15:57:00,47.84,43.55825000000001,2.9579212625850406
2014-02-20 16:02:00,43.304,43.555,2.9581661769473486
2014-02-20 16:07:00,44.014,43.58925,2.958539170222296
2014-02-20 16:12:00,43.746,43.569250000000004,2.955668558961794
2014-02-20 16:17:00,38.27,43.32483333333334,3.1433474218567263
2014-02-20 16:22:00,48.968,43.55758333333333,3.34791615806755
2014-02-20 16:27:00,41.31399999999999,43.53258333333334,3.3629294930704146
2014-02-20 16:32:00,40.752,43.57225,3.3223582673339496
2014-02-20 16:37:00,45.492,43.404666666666664,3.1038721212266607
2014-02-20 16:42:00,42.724,43.441916666666664,3.0894838448415256
2014-02-20 16:47:00,41.502,43.44283333333334,3.0888796289786664
2014-02-20 16:52:00,44.36600000000001,43.434000000000005,3.0857938165505185
2014-02-20 16:57:00,40.292,43.39941666666667,3.1173215637602443
2014-02-20 17:02:00,48.45,43.375750000000004,3.0746751436746935
2014-02-20 17:07:00,43.06800000000001,43.34708333333333,3.074182986784043
2014-02-20 17:12:00,40.54,43.34583333333334,3.075367149049012
2014-02-20 17:17:00,46.118,43.36600000000001,3.0925629725408994
2014-02-20 17:22:00,42.676,43.33175,3.095587845417447
2014-02-20 17:27:00,41.852,43.31633333333334,3.1022690527036665
2014-02-20 17:32:00,42.84,43.219500000000004,3.0782664940996036
2014-02-20 17:37:00,41.738,43.34766666666667,2.9412468616982577
2014-02-20 17:42:00,43.24,43.11600000000001,2.7023906324651565
2014-02-20 17:47:00,43.968,43.20850000000001,2.6915017466415536
2014-02-20 17:52:00,38.944,43.16741666666667,2.750597309307861
2014-02-20 17:57:00,51.056,43.301416666666675,3.050152069148049
2014-02-20 18:02:00,41.854,43.24100000000001,3.0644258984281425
2014-02-20 18:07:00,42.7,43.18625,3.061751775500952
2014-02-20 18:12:00,45.37600000000001,43.25416666666667,3.092631012537828
2014-02-20 18:17:00,43.118,43.45616666666667,2.9055999854355155
2014-02-20 18:22:00,42.746,43.196916666666674,2.6595908138475113
2014-02-20 18:27:00,43.24,43.277166666666666,2.629189454643083
2014-02-20 18:32:00,39.778,43.236583333333336,2.676945272648328
2014-02-20 18:37:00,49.152,43.38908333333333,2.905511463119601
2014-02-20 18:42:00,41.03,43.3185,2.942708734423568
2014-02-20 18:47:00,40.664,43.28358333333333,2.9700441793914156
2014-02-20 18:52:00,44.484,43.2885,2.9720109573208804
2014-02-20 18:57:00,45.282,43.49641666666667,2.9274789260248095
2014-02-20 19:02:00,42.816,43.26166666666666,2.7323779525100327
2014-02-20 19:07:00,47.228,43.435,2.84901722185657
2014-02-20 19:12:00,42.712,43.5255,2.7868777761378327
2014-02-20 19:17:00,42.96,43.39391666666666,2.7331858448190816
2014-02-20 19:22:00,43.1,43.41158333333334,2.7297117528456627
2014-02-20 19:27:00,38.802,43.2845,2.87272676101972
2014-02-20 19:32:00,49.428,43.559000000000005,3.131505152756361
2014-02-20 19:37:00,41.69,43.556999999999995,3.1327338248551877
2014-02-20 19:42:00,40.536,43.44433333333333,3.1926804149310968
2014-02-20 19:47:00,45.328,43.501000000000005,3.2143746162999682
2014-02-20 19:52:00,43.522,43.691750000000006,3.064535105532967
2014-02-20 19:57:00,44.176,43.40508333333333,2.6377830598847676
2014-02-20 20:02:00,43.78,43.48533333333333,2.6177639755876756
2014-02-20 20:07:00,40.352,43.387499999999996,2.6912349355382243
2014-02-20 20:12:00,47.018,43.45591666666667,2.76387569588782
2014-02-20 20:17:00,43.004,43.451166666666666,2.7645795602456587
2014-02-20 20:22:00,41.066,43.38116666666667,2.8041961053218105
2014-02-20 20:27:00,44.554,43.435916666666664,2.8141299669729256
2014-02-20 20:32:00,43.284,43.582,2.704867496553861
2014-02-20 20:37:00,42.12,43.288999999999994,2.44351187041728
2014-02-20 20:42:00,43.524,43.39291666666667,2.395831813736245
2014-02-20 20:47:00,38.896,43.319250000000004,2.5079461760053205
2014-02-20 20:52:00,48.826,43.500166666666665,2.741368868897954
2014-02-20 20:57:00,42.994,43.404833333333336,2.716379682539004
2014-02-20 21:02:00,40.162,43.294250000000005,2.7942976289456034
2014-02-20 21:07:00,47.048,43.286750000000005,2.783500943057248
2014-02-20 21:12:00,43.052,43.300916666666666,2.7813129198225073
2014-02-20 21:17:00,41.738,43.25,2.7989547738553324
2014-02-20 21:22:00,43.944,43.28516666666667,2.802288314414139
2014-02-20 21:27:00,39.66,43.32091666666667,2.747546192461689
2014-02-20 21:32:00,48.028,43.26258333333333,2.624348630019391
2014-02-20 21:37:00,42.12600000000001,43.280750000000005,2.61447986763361
2014-02-20 21:42:00,39.806,43.25033333333334,2.651780741586656
2014-02-20 21:47:00,46.01,43.27875,2.678532421827893
2014-02-20 21:52:00,43.732,43.2875,2.6797043477415445
2014-02-20 21:57:00,44.672,43.308166666666665,2.688752024504295
2014-02-20 22:02:00,43.968,43.316,2.690459731201709
2014-02-20 22:07:00,40.61,43.326750000000004,2.6785911165323077
2014-02-20 22:12:00,47.582,43.350249999999996,2.714615278210933
2014-02-20 22:17:00,43.826,43.3845,2.715242210350695
2014-02-20 22:22:00,39.178,43.30583333333334,2.8109962904507935
2014-02-20 22:27:00,47.606,43.433,2.9361650824340413
2014-02-20 22:32:00,44.026,43.46391666666667,2.938433565497291
2014-02-20 22:37:00,42.13800000000001,43.464666666666666,2.9380779086167865
2014-02-20 22:42:00,43.09,43.446583333333336,2.939032285525776
2014-02-20 22:47:00,39.554,43.474,2.8975124563637595
2014-02-20 22:52:00,47.558,43.421166666666664,2.805789537284788
2014-02-20 22:57:00,45.094,43.50866666666667,2.8245708664699265
2014-02-20 23:02:00,43.11600000000001,43.631750000000004,2.7353485947467653
2014-02-20 23:07:00,45.4,43.56308333333334,2.6656577280642986
2014-02-20 23:12:00,39.882,43.431000000000004,2.768630802714526
2014-02-20 23:17:00,45.986,43.608000000000004,2.7913855060666126
2014-02-20 23:22:00,43.892,43.60583333333333,2.791133534211074
2014-02-20 23:27:00,43.43,43.76291666666666,2.662533280733773
2014-02-20 23:32:00,42.594,43.5365,2.5107941061502395
2014-02-20 23:37:00,40.282,43.45966666666667,2.583009546796357
2014-02-20 23:42:00,45.038,43.67766666666666,2.479970733815259
2014-02-20 23:47:00,42.794,43.54366666666667,2.4349449179855607
2014-02-20 23:52:00,44.294,43.567083333333336,2.439532883239394
2014-02-20 23:57:00,43.806,43.531,2.4288606024404693
2014-02-21 00:02:00,41.08,43.410666666666664,2.477325673534705
2014-02-21 00:07:00,46.486,43.655499999999996,2.478863501863314
2014-02-21 00:12:00,39.108,43.302416666666666,2.4986944750630737
2014-02-21 00:17:00,49.694,43.54691666666667,2.818752235771563
2014-02-21 00:22:00,42.37,43.679916666666664,2.675302013291083
2014-02-21 00:27:00,41.33600000000001,43.41866666666667,2.579672353085932
2014-02-21 00:32:00,44.58600000000001,43.442,2.5879239959272753
2014-02-21 00:37:00,38.708,43.299083333333336,2.752541906906404
2014-02-21 00:42:00,49.062,43.54791666666667,2.992313775639944
2014-02-21 00:47:00,41.008,43.6085,2.9218247574151306
2014-02-21 00:52:00,42.348,43.391416666666665,2.806914473638162
2014-02-21 00:57:00,45.306,43.40025,2.812832786108917
2014-02-21 01:02:00,40.184,43.278083333333335,2.888371918673268
2014-02-21 01:07:00,48.668,43.41425,3.064421375980426
2014-02-21 01:12:00,42.558,43.525749999999995,2.9777698286090613
2014-02-21 01:17:00,43.24,43.41133333333334,2.931524587274965
2014-02-21 01:22:00,42.394,43.34891666666667,2.936788128975824
2014-02-21 01:27:00,40.14,43.21183333333334,3.0087425607888174
2014-02-21 01:32:00,45.916,43.350249999999996,3.0551397214189517
2014-02-21 01:37:00,42.392,43.43816666666667,2.9927288066487865
2014-02-21 01:42:00,43.592,43.377916666666664,2.973614897388627
2014-02-21 01:47:00,42.63,43.37108333333333,2.975203082826201
2014-02-21 01:52:00,40.42,43.209666666666664,3.0275830318082693
2014-02-21 01:57:00,47.536,43.36508333333333,3.152678639101968
2014-02-21 02:02:00,43.428,43.46291666666667,3.114890184632418
2014-02-21 02:07:00,46.22,43.45183333333333,3.10412045467021
2014-02-21 02:12:00,41.666,43.558416666666666,2.9903150905180924
2014-02-21 02:17:00,41.754,43.227583333333335,2.70787386381261
2014-02-21 02:22:00,46.902,43.41641666666667,2.8018585123430046
2014-02-21 02:27:00,43.216,43.49475,2.767232352243823
2014-02-21 02:32:00,44.29600000000001,43.48266666666667,2.762889896414745
2014-02-21 02:37:00,42.63,43.64608333333334,2.578005395425129
2014-02-21 02:42:00,41.83,43.344750000000005,2.327971075010925
2014-02-21 02:47:00,44.788,43.502250000000004,2.290571928770214
2014-02-21 02:52:00,38.958,43.361,2.462886535542611
2014-02-21 02:57:00,51.83,43.63283333333334,2.990427680139654
2014-02-21 03:02:00,41.9,43.70433333333333,2.924162409494715
2014-02-21 03:07:00,44.58,43.534,2.7354291929358623
2014-02-21 03:12:00,44.86,43.62991666666667,2.7400735933733524
2014-02-21 03:17:00,38.662,43.439166666666665,2.9217250959377457
2014-02-21 03:22:00,48.708,43.70225,3.102215943623212
2014-02-21 03:27:00,41.714,43.767833333333336,3.039639504750696
2014-02-21 03:32:00,42.184,43.61233333333333,3.020365464017954
2014-02-21 03:37:00,43.708,43.66716666666667,3.0091725811573027
2014-02-21 03:42:00,41.12600000000001,43.564416666666666,3.053623989789019
2014-02-21 03:47:00,47.394,43.76291666666666,3.1437527272585233
2014-02-21 03:52:00,42.784,43.86141666666666,3.0706428999219426
2014-02-21 03:57:00,45.164,43.76258333333334,2.984184600838985
2014-02-21 04:02:00,43.68600000000001,43.77333333333333,2.9833915142898535
2014-02-21 04:07:00,41.31399999999999,43.56891666666667,2.9765288204284364
2014-02-21 04:12:00,47.93600000000001,43.83016666666666,3.075753250501652
2014-02-21 04:17:00,42.856,43.876083333333334,3.0515417901614756
2014-02-21 04:22:00,43.56800000000001,43.73716666666667,2.9829184959739803
2014-02-21 04:27:00,43.24800000000001,43.738499999999995,2.982682553908777
2014-02-21 04:32:00,40.508,43.580666666666666,3.051332861535197
2014-02-21 04:37:00,47.464,43.78208333333333,3.1439894611599017
2014-02-21 04:42:00,42.972,43.82966666666667,3.121723808448202
2014-02-21 04:47:00,42.092,43.717333333333336,3.134221360439044
2014-02-21 04:52:00,43.474,43.905499999999996,2.9671762158073154
2014-02-21 04:57:00,41.576,43.47825,2.473713512814044
2014-02-21 05:02:00,50.178,43.82316666666667,2.7997166264474442
2014-02-21 05:07:00,42.574,43.739583333333336,2.806076138864006
2014-02-21 05:12:00,42.21,43.62916666666666,2.812202783007322
2014-02-21 05:17:00,43.972,43.85041666666667,2.605721929785059
2014-02-21 05:22:00,38.708,43.43375,2.594699970089636
2014-02-21 05:27:00,48.56800000000001,43.71933333333334,2.768552889408068
2014-02-21 05:32:00,41.988,43.71116666666668,2.773563265621732
2014-02-21 05:37:00,42.84,43.675000000000004,2.7792597700765063
2014-02-21 05:42:00,44.762,43.8265,2.7329858333364734
2014-02-21 05:47:00,39.47,43.49633333333333,2.7617548086658505
2014-02-21 05:52:00,47.042,43.673750000000005,2.849382499847166
2014-02-21 05:57:00,45.4,43.68358333333333,2.8551504021401533
2014-02-21 06:02:00,43.31,43.66791666666666,2.856167969678078
2014-02-21 06:07:00,45.294,43.83375,2.8289666457222777
2014-02-21 06:12:00,40.338,43.51716666666667,2.7745474784449913
2014-02-21 06:17:00,47.676,43.717999999999996,2.8963796892583527
2014-02-21 06:22:00,44.272,43.74733333333334,2.8983587359606333
2014-02-21 06:27:00,43.752,43.76833333333334,2.8964087308652346
2014-02-21 06:32:00,43.118,43.87708333333333,2.8165700991079303
2014-02-21 06:37:00,39.76,43.55608333333333,2.8289801806162163
2014-02-21 06:42:00,47.418,43.74133333333334,2.932735696694666
2014-02-21 06:47:00,43.334,43.793083333333335,2.9132600581937647
2014-02-21 06:52:00,42.84,43.76666666666667,2.9191477414191223
2014-02-21 06:57:00,44.882,43.90441666666666,2.88912720259148
2014-02-21 07:02:00,39.022,43.43958333333333,2.7288853579991237
2014-02-21 07:07:00,48.756,43.69716666666667,2.928120211161931
2014-02-21 07:12:00,42.816,43.72241666666667,2.9173313582148466
2014-02-21 07:17:00,42.464,43.65958333333333,2.927942442958172
2014-02-21 07:22:00,44.014,43.88066666666666,2.7315375932227
2014-02-21 07:27:00,43.846,43.68391666666667,2.542772364389299
2014-02-21 07:32:00,42.49,43.70483333333333,2.530249200077582
2014-02-21 07:37:00,42.272,43.68116666666666,2.5413222793531576
2014-02-21 07:42:00,39.486,43.461333333333336,2.668762270786133
2014-02-21 07:47:00,46.408,43.750416666666666,2.592289233672619
2014-02-21 07:52:00,43.802,43.61541666666667,2.4959959224582176
2014-02-21 07:57:00,43.802,43.548833333333334,2.4674716449923206
2014-02-21 08:02:00,44.178,43.585,2.4701785888615597
2014-02-21 08:07:00,40.68,43.39275,2.510606149743723
2014-02-21 08:12:00,49.108,43.75816666666666,2.6792290855307797
2014-02-21 08:17:00,41.666,43.50775000000001,2.576000561200421
2014-02-21 08:22:00,43.146,43.46083333333333,2.5717264657216754
2014-02-21 08:27:00,43.702,43.45875,2.571500581203703
2014-02-21 08:32:00,38.826,43.27991666666667,2.7399528703765412
2014-02-21 08:37:00,48.38,43.63908333333333,2.822224529888073
2014-02-21 08:42:00,41.714,43.40141666666667,2.7287834830015387
2014-02-21 08:47:00,41.712,43.33383333333333,2.750525067133203
2014-02-21 08:52:00,45.118,43.42875,2.771964352145563
2014-02-21 08:57:00,40.936,43.26433333333333,2.7989141165610367
2014-02-21 09:02:00,49.06800000000001,43.68291666666667,2.8867028870272597
2014-02-21 09:07:00,43.286,43.455000000000005,2.6770757569960937
2014-02-21 09:12:00,42.3,43.4335,2.684492551837335
2014-02-21 09:17:00,44.342,43.51175,2.682373985046216
2014-02-21 09:22:00,38.92,43.299499999999995,2.837931779061873
2014-02-21 09:27:00,49.952,43.55391666666666,3.1460280813124233
2014-02-21 09:32:00,42.042,43.53525,3.15393434424793
2014-02-21 09:37:00,40.798,43.47383333333334,3.193704073665166
2014-02-21 09:42:00,44.554,43.685,3.084236950238728
2014-02-21 09:47:00,38.902,43.37225,3.1753312904874034
2014-02-21 09:52:00,48.63800000000001,43.57375,3.3522980210207534
2014-02-21 09:57:00,43.49800000000001,43.56108333333333,3.3519723968547077
2014-02-21 10:02:00,41.36,43.443666666666665,3.378672477489567
2014-02-21 10:07:00,47.872,43.74333333333334,3.4412580948488602
2014-02-21 10:12:00,42.828,43.48166666666666,3.248992066668664
2014-02-21 10:17:00,43.746,43.568333333333335,3.2261148887420066
2014-02-21 10:22:00,42.854,43.55616666666668,3.2283267393856554
2014-02-21 10:27:00,40.13800000000001,43.40766666666667,3.302446348399704
2014-02-21 10:32:00,46.362,43.72166666666667,3.2046949616308162
2014-02-21 10:37:00,43.192,43.505500000000005,3.047954481572793
2014-02-21 10:42:00,43.38,43.57491666666667,3.0242587293945875
2014-02-21 10:47:00,43.732,43.659083333333335,2.9981547936467807
2014-02-21 10:52:00,40.04,43.4475,3.069062638373715
2014-02-21 10:57:00,51.032,43.86816666666667,3.38545676921628
2014-02-21 11:02:00,42.828,43.60816666666667,3.2034735450169864
2014-02-21 11:07:00,44.178,43.64533333333333,3.2047474928228152
2014-02-21 11:12:00,43.45,43.693250000000006,3.192331017624495
2014-02-21 11:17:00,38.966,43.469249999999995,3.330454143859118
2014-02-21 11:22:00,47.37,43.821333333333335,3.274800633383084
2014-02-21 11:27:00,42.982,43.53091666666666,3.005462735357688
2014-02-21 11:32:00,41.83,43.522083333333335,3.010336654821658
2014-02-21 11:37:00,44.202,43.663916666666665,2.9561121046676857
2014-02-21 11:42:00,38.486,43.41108333333333,3.1309961731424143
2014-02-21 11:47:00,48.828,43.824666666666666,3.1648756918602654
2014-02-21 11:52:00,41.478,43.52633333333333,3.0258356900514163
2014-02-21 11:57:00,43.944,43.544916666666666,3.027023447097145
2014-02-21 12:02:00,43.828,43.64775,2.991280912920165
2014-02-21 12:07:00,40.54,43.34225,2.914524426117468
2014-02-21 12:12:00,48.122,43.56283333333334,3.0700955893158683
2014-02-21 12:17:00,41.878,43.48499999999999,3.0888714697316684
2014-02-21 12:22:00,42.512,43.47075,3.092695563392334
2014-02-21 12:27:00,44.178,43.63908333333333,3.012311894421934
2014-02-21 12:32:00,40.642,43.400749999999995,3.013790726556644
2014-02-21 12:37:00,48.544,43.62375,3.190498410702653
2014-02-21 12:42:00,43.58600000000001,43.63233333333334,3.1900912167232764
2014-02-21 12:47:00,43.262,43.61275,3.1908952982428507
2014-02-21 12:52:00,43.63800000000001,43.76266666666667,3.0989366292140477
2014-02-21 12:57:00,41.426,43.36241666666667,2.71589837673544
2014-02-21 13:02:00,49.538,43.641999999999996,2.9900313797976117
2014-02-21 13:07:00,42.788,43.58408333333333,2.992658639384815
2014-02-21 13:12:00,42.184,43.53133333333333,3.0062514961279505
2014-02-21 13:17:00,43.2,43.707750000000004,2.8466927454428594
2014-02-21 13:22:00,39.454,43.37791666666667,2.86246719239484
2014-02-21 13:27:00,46.374,43.51925,2.9251227138882365
2014-02-21 13:32:00,42.958,43.566250000000004,2.9057985993527704
2014-02-21 13:37:00,42.254,43.485083333333336,2.9144618105111753
2014-02-21 13:42:00,41.65,43.61691666666667,2.745142681279102
2014-02-21 13:47:00,38.662,43.19333333333333,2.689862234498325
2014-02-21 13:52:00,48.066,43.46783333333334,2.8392080902446533
2014-02-21 13:57:00,44.114,43.47491666666667,2.84065938329195
2014-02-21 14:02:00,42.88800000000001,43.435750000000006,2.842059407175296
2014-02-21 14:07:00,45.404,43.63841666666667,2.799695696455979
2014-02-21 14:12:00,38.756,43.24816666666667,2.8003198523316786
2014-02-21 14:17:00,48.942,43.5425,3.0131913603210756
2014-02-21 14:22:00,42.112,43.52583333333334,3.0202371295713046
2014-02-21 14:27:00,43.522,43.49850000000001,3.0170450991715922
2014-02-21 14:32:00,43.508,43.617916666666666,2.9551514037086313
2014-02-21 14:37:00,40.88800000000001,43.29891666666666,2.8099283592395303
2014-02-21 14:42:00,47.3,43.45366666666667,2.926286780006555
2014-02-21 14:47:00,42.794,43.43416666666667,2.929177413343401
2014-02-21 14:52:00,43.904,43.44525000000001,2.930485154224636
2014-02-21 14:57:00,45.234,43.60391666666667,2.9194709752561057
2014-02-21 15:02:00,39.53,43.18691666666667,2.744530242796352
2014-02-21 15:07:00,48.68600000000001,43.43266666666667,2.96264873655863
2014-02-21 15:12:00,41.83,43.41791666666666,2.970007786795138
2014-02-21 15:17:00,42.09,43.37166666666667,2.982166569673119
2014-02-21 15:22:00,43.756,43.550916666666666,2.863372652882593
2014-02-21 15:27:00,39.906,43.28141666666667,2.890368261728321
2014-02-21 15:32:00,47.06,43.452333333333335,2.9899778487862485
2014-02-21 15:37:00,43.144,43.48941666666667,2.979971664829878
2014-02-21 15:42:00,42.018,43.50475,2.971028854878775
2014-02-21 15:47:00,43.95399999999999,43.725249999999996,2.786645158453249
2014-02-21 15:52:00,39.014,43.348083333333335,2.786174343255474
2014-02-21 15:57:00,48.736,43.540666666666674,2.9934460970981958
2014-02-21 16:02:00,44.414,43.60425,2.9951864172224014
2014-02-21 16:07:00,45.188,43.59525,2.989863153041217
2014-02-21 16:12:00,43.29600000000001,43.784416666666665,2.80849543375982
2014-02-21 16:17:00,39.624,43.396166666666666,2.706727201793358
2014-02-21 16:22:00,45.67,43.54441666666667,2.73066578784883
2014-02-21 16:27:00,43.63800000000001,43.54925,2.730727045248702
2014-02-21 16:32:00,43.356,43.54291666666666,2.7310031270049255
2014-02-21 16:37:00,42.536,43.611583333333336,2.68161884780967
2014-02-21 16:42:00,41.478,43.369,2.5953995419991256
2014-02-21 16:47:00,45.232,43.47058333333334,2.619515021769472
2014-02-21 16:52:00,38.92,43.262916666666676,2.7765141097156114
2014-02-21 16:57:00,50.978,43.502250000000004,3.1730544501282685
2014-02-21 17:02:00,41.868,43.59966666666667,3.0803342374640583
2014-02-21 17:07:00,44.014,43.405,2.8864447817793843
2014-02-21 17:12:00,46.338,43.59283333333334,2.9259043294216003
2014-02-21 17:17:00,43.662,43.65833333333334,2.9083416859645905
2014-02-21 17:22:00,43.886,43.66375,2.9086525380246155
2014-02-21 17:27:00,42.224,43.760333333333335,2.815441005947649
2014-02-21 17:32:00,41.636,43.534333333333336,2.756127192538438
2014-02-21 17:37:00,46.342,43.66758333333333,2.813151967589759
2014-02-21 17:42:00,43.474,43.72825,2.7916488076435915
2014-02-21 17:47:00,43.544,43.711166666666664,2.791461759298108
2014-02-21 17:52:00,43.162,43.88399999999999,2.610540906802155
2014-02-21 17:57:00,42.216,43.61233333333333,2.415640173799874
2014-02-21 18:02:00,46.996,43.71991666666667,2.508603039571113
2014-02-21 18:07:00,44.652,43.697583333333334,2.497325454869016
2014-02-21 18:12:00,44.154,43.73333333333333,2.497467981544724
2014-02-21 18:17:00,43.004,43.87416666666667,2.346396453892873
2014-02-21 18:22:00,39.766,43.628166666666665,2.4568262253260396
2014-02-21 18:27:00,46.45,43.74533333333334,2.5234643314072334
2014-02-21 18:32:00,43.214,43.73941666666666,2.5245830980264996
2014-02-21 18:37:00,43.16,43.765416666666674,2.514845001994848
2014-02-21 18:42:00,42.652,43.81433333333333,2.479588301498461
2014-02-21 18:47:00,41.22,43.647166666666664,2.514845931259316
2014-02-21 18:52:00,45.798,43.93375,2.338442537245776
2014-02-21 18:57:00,44.93,43.681749999999994,1.8132144229182536
2014-02-21 19:02:00,43.68600000000001,43.7575,1.771646078111386
2014-02-21 19:07:00,46.44600000000001,43.85883333333334,1.8545664363044931
2014-02-21 19:12:00,40.744,43.625750000000004,1.8807796082431187
2014-02-21 19:17:00,45.456,43.700500000000005,1.9175735800180194
2014-02-21 19:22:00,43.004,43.66375,1.9223097802656237
2014-02-21 19:27:00,43.874,43.732499999999995,1.8979303372932048
2014-02-21 19:32:00,41.552,43.729000000000006,1.9020376259252316
2014-02-21 19:37:00,41.808,43.540083333333335,1.855826404847201
2014-02-21 19:42:00,44.802,43.595416666666665,1.8734842201601123
2014-02-21 19:47:00,38.454,43.38333333333333,2.1476044220535058
2014-02-21 19:52:00,46.596,43.52641666666667,2.2444288499124654
2014-02-21 19:57:00,44.918,43.639,2.2436064911113642
2014-02-21 20:02:00,43.06399999999999,43.47516666666667,2.1284174089372674
2014-02-21 20:07:00,46.62,43.55716666666666,2.211996534054068
2014-02-21 20:12:00,40.14,43.389916666666664,2.3142924154174107
2014-02-21 20:17:00,47.112,43.561083333333336,2.4333610307140296
2014-02-21 20:22:00,43.68600000000001,43.72441666666666,2.295187174647674
2014-02-21 20:27:00,42.464,43.55833333333334,2.2327519900956094
2014-02-21 20:32:00,43.17,43.5565,2.2330650606773497
2014-02-21 20:37:00,39.484,43.403333333333336,2.382511766779161
2014-02-21 20:42:00,47.63,43.610749999999996,2.5265892329728716
2014-02-21 20:47:00,43.108,43.689416666666666,2.4778371690311687
2014-02-21 20:52:00,43.356,43.58766666666667,2.437293057733497
2014-02-21 20:57:00,46.018,43.633,2.4731996526240367
2014-02-21 21:02:00,39.784,43.470416666666665,2.5948282328454
2014-02-21 21:07:00,49.32,43.59016666666667,2.7965929530283935
2014-02-21 21:12:00,43.58600000000001,43.70858333333334,2.730219387851022
2014-02-21 21:17:00,42.654,43.591833333333334,2.712096889167571
2014-02-21 21:22:00,43.802,43.62508333333333,2.7094672012211696
2014-02-21 21:27:00,38.918,43.41858333333334,2.8735612493252614
2014-02-21 21:32:00,47.35,43.66016666666667,2.952451828074756
2014-02-21 21:37:00,42.84,43.70316666666667,2.931746232369883
2014-02-21 21:42:00,43.338,43.64216666666667,2.923106859173207
2014-02-21 21:47:00,43.052,43.83375,2.7112892689642107
2014-02-21 21:52:00,40.62,43.58475000000001,2.720974877246982
2014-02-21 21:57:00,47.394,43.687916666666666,2.8189004010455934
2014-02-21 22:02:00,42.934,43.682500000000005,2.8202759809451567
2014-02-21 22:07:00,45.54,43.637499999999996,2.779691897221486
2014-02-21 22:12:00,42.16,43.721666666666664,2.698584857269559
2014-02-21 22:17:00,40.938,43.464416666666665,2.6552692799932585
2014-02-21 22:22:00,45.254,43.52975,2.6801324634688624
2014-02-21 22:27:00,38.732,43.374249999999996,2.8476824024490437
2014-02-21 22:32:00,48.45,43.594249999999995,3.029375789484292
2014-02-21 22:37:00,41.428,43.67525,2.939348689317385
2014-02-21 22:42:00,42.864,43.47666666666667,2.8190837035350302
2014-02-21 22:47:00,43.85,43.507583333333336,2.818933500405906
2014-02-21 22:52:00,39.836,43.36091666666667,2.917027669998487
2014-02-21 22:57:00,50.394,43.54325,3.2121673470132177
2014-02-21 23:02:00,43.93600000000001,43.71625,3.111119150653946
2014-02-21 23:07:00,44.146,43.50066666666667,2.876332790002076
2014-02-21 23:12:00,43.708,43.50575,2.8765979491180396
2014-02-21 23:17:00,39.87,43.38975,2.9671463270434644
2014-02-21 23:22:00,47.746,43.55408333333333,3.0973330171037663
2014-02-21 23:27:00,43.004,43.724333333333334,2.9397096376383334
2014-02-21 23:32:00,41.478,43.47966666666667,2.8683232894417907
2014-02-21 23:37:00,43.994,43.52775,2.8668061497074655
2014-02-21 23:42:00,38.8,43.33866666666666,3.0251470487675864
2014-02-21 23:47:00,45.37600000000001,43.4355,3.052642091554625
2014-02-21 23:52:00,43.31,43.547583333333336,2.993584094673908
2014-02-21 23:57:00,44.812,43.44,2.8940839205404867
2014-02-22 00:02:00,43.582,43.467000000000006,2.8921801014340356
2014-02-22 00:07:00,41.276,43.28933333333333,2.890267125712015
2014-02-22 00:12:00,46.916,43.487500000000004,2.971375395188394
2014-02-22 00:17:00,42.69600000000001,43.560750000000006,2.927132433390952
2014-02-22 00:22:00,43.522,43.48858333333333,2.904837134051214
2014-02-22 00:27:00,42.794,43.657833333333336,2.728637813789346
2014-02-22 00:32:00,39.636,43.29058333333333,2.647550301967813
2014-02-22 00:37:00,47.184,43.53041666666667,2.7308862698474137
2014-02-22 00:42:00,43.004,43.53625,2.7295500704249887
2014-02-22 00:47:00,41.67,43.44541666666667,2.7548110945520783
2014-02-22 00:52:00,44.46,43.638083333333334,2.651146067461205
2014-02-22 00:57:00,41.31399999999999,43.25975,2.264863202510815
2014-02-22 01:02:00,49.562,43.494166666666665,2.6037025086641012
2014-02-22 01:07:00,42.918,43.443000000000005,2.6024017669303667
2014-02-22 01:12:00,43.662,43.44108333333333,2.602215041688323
2014-02-22 01:17:00,42.77,43.56191666666667,2.494274590313703
2014-02-22 01:22:00,40.282,43.250916666666676,2.4139299351647807
2014-02-22 01:27:00,46.168,43.38275000000001,2.4852050435922215
2014-02-22 01:32:00,38.428,43.25566666666666,2.6587630773443998
2014-02-22 01:37:00,48.99,43.46383333333333,2.9034082470909794
2014-02-22 01:42:00,43.38,43.654666666666664,2.728804462965782
2014-02-22 01:47:00,41.36600000000001,43.48758333333333,2.741560963118147
2014-02-22 01:52:00,44.154,43.52275,2.7445954362521614
2014-02-22 01:57:00,41.56800000000001,43.38758333333334,2.7581885661910843
2014-02-22 02:02:00,49.578,43.63741666666667,3.0342992589318123
2014-02-22 02:07:00,43.63800000000001,43.73583333333334,2.9923933080638703
2014-02-22 02:12:00,42.026,43.53208333333333,2.9323187132766497
2014-02-22 02:17:00,44.48,43.60641666666667,2.932814643288012
2014-02-22 02:22:00,39.196,43.42616666666667,3.0680480080518144
2014-02-22 02:27:00,47.256,43.61208333333334,3.161834606634362
2014-02-22 02:32:00,42.394,43.727000000000004,3.0595048192691157
2014-02-22 02:37:00,42.864,43.547,2.9731364203335144
2014-02-22 02:42:00,42.63,43.53141666666667,2.977083748390038
2014-02-22 02:47:00,40.43,43.479749999999996,3.021225510774903
2014-02-22 02:52:00,46.62,43.56975,3.08323208803622
2014-02-22 02:57:00,45.024,43.724333333333334,3.0581202903328433
2014-02-22 03:02:00,40.54,43.34841666666667,2.8572440342076266
2014-02-22 03:07:00,47.63,43.54475,2.9853990666169015
2014-02-22 03:12:00,39.132,43.356,3.1179253972167578
2014-02-22 03:17:00,48.59,43.5985,3.2918447451372144
2014-02-22 03:22:00,41.854,43.66400000000001,3.2381872545689347
2014-02-22 03:27:00,42.348,43.50483333333333,3.203452806591432
2014-02-22 03:32:00,44.014,43.73758333333333,3.0159964813246756
2014-02-22 03:37:00,39.684,43.34983333333333,2.907626069892658
2014-02-22 03:42:00,47.37,43.516083333333334,3.0212734705846342
2014-02-22 03:47:00,43.216,43.59316666666667,2.987442816140701
2014-02-22 03:52:00,43.076,43.54825,2.986747849650494
2014-02-22 03:57:00,45.4,43.70791666666667,2.9786996567173487
2014-02-22 04:02:00,39.078,43.27041666666667,2.8472373172217855
2014-02-22 04:07:00,49.466,43.51325,3.1158109454565177
2014-02-22 04:12:00,43.084,43.55733333333333,3.101304727770765
2014-02-22 04:17:00,42.864,43.49,3.097942374629053
2014-02-22 04:22:00,43.24,43.6585,2.961193428626312
2014-02-22 04:27:00,40.046,43.35808333333333,2.9460472843201035
2014-02-22 04:32:00,46.38399999999999,43.52433333333334,3.0013392179908323
2014-02-22 04:37:00,39.122,43.36841666666667,3.131508261645529
2014-02-22 04:42:00,49.788,43.666666666666664,3.3884511617201793
2014-02-22 04:47:00,42.042,43.73383333333334,3.33709120494862
2014-02-22 04:52:00,41.948,43.53916666666667,3.2974420081484364
2014-02-22 04:57:00,47.582,43.64575,3.387630815699784
2014-02-22 05:02:00,39.038,43.58316666666667,3.4605896414725636
2014-02-22 05:07:00,50.938,43.721000000000004,3.6872365992882723
2014-02-22 05:12:00,42.636,43.867,3.564975370364405
2014-02-22 05:17:00,41.31,43.56366666666667,3.4536142966674013
2014-02-22 05:22:00,45.04600000000001,43.696666666666665,3.446366740517532
2014-02-22 05:27:00,39.506,43.578250000000004,3.5422140613636373
2014-02-22 05:32:00,47.676,43.73083333333333,3.6393404044841215
2014-02-22 05:37:00,42.676,43.8555,3.5447032009195314
2014-02-22 05:42:00,41.478,43.60999999999999,3.494389839131664
2014-02-22 05:47:00,44.102,43.64691666666667,3.494726510624042
2014-02-22 05:52:00,38.708,43.464916666666674,3.6366108435653097
2014-02-22 05:57:00,49.178,43.62233333333333,3.8020225586169807
2014-02-22 06:02:00,43.544,43.808416666666666,3.6771785014987444
2014-02-22 06:07:00,43.826,43.57341666666667,3.4745310589647462
2014-02-22 06:12:00,44.038,43.61316666666667,3.4741455460822084
2014-02-22 06:17:00,38.522,43.43225,3.624649875145442
2014-02-22 06:22:00,48.826,43.665,3.7874588934489752
2014-02-22 06:27:00,42.048,43.748416666666664,3.72583203332896
2014-02-22 06:32:00,42.582,43.59,3.6895498016873236
2014-02-22 06:37:00,44.554,43.816333333333326,3.5681606352350608
2014-02-22 06:42:00,39.014,43.367416666666664,3.4603071730533728
2014-02-22 06:47:00,48.874,43.65208333333334,3.6236936466715917
2014-02-22 06:52:00,42.13,43.65966666666667,3.6201611622385306
2014-02-22 06:57:00,44.554,43.533500000000004,3.529140417574379
2014-02-22 07:02:00,44.43600000000001,43.75841666666667,3.3998211195485037
2014-02-22 07:07:00,41.52,43.36600000000001,3.0618290640386623
2014-02-22 07:12:00,48.524,43.611333333333334,3.2319591402210666
2014-02-22 07:17:00,42.37,43.655499999999996,3.2062834641020794
2014-02-22 07:22:00,43.262,43.58116666666667,3.1932985217915175
2014-02-22 07:27:00,43.712,43.75641666666667,3.0730781044796744
2014-02-22 07:32:00,40.376,43.45225,3.0292148107332646
2014-02-22 07:37:00,47.184,43.64008333333334,3.1174677281781773
2014-02-22 07:42:00,41.57,43.64391666666666,3.1147489523607526
2014-02-22 07:47:00,43.756,43.6295,3.1133369347961266
2014-02-22 07:52:00,43.122,43.81341666666666,2.9352469997047703
2014-02-22 07:57:00,41.714,43.50241666666667,2.7304086000430314
2014-02-22 08:02:00,46.22,43.613916666666675,2.786248622082834
2014-02-22 08:07:00,44.86,43.657000000000004,2.797641615485473
2014-02-22 08:12:00,43.098,43.61783333333333,2.7986555105384423
2014-02-22 08:17:00,42.84,43.79775,2.5876588252033277
2014-02-22 08:22:00,39.8,43.421666666666674,2.4787065116739915
2014-02-22 08:27:00,44.86,43.538833333333336,2.477411406158221
2014-02-22 08:32:00,41.478,43.49283333333333,2.5060341728242377
2014-02-22 08:37:00,41.878,43.38133333333334,2.5162774898245353
2014-02-22 08:42:00,43.68600000000001,43.576,2.3381313981004443
2014-02-22 08:47:00,40.046,43.20816666666666,2.1557063538567967
2014-02-22 08:52:00,47.09,43.41483333333333,2.281911168233922
2014-02-22 08:57:00,44.43,43.40966666666666,2.2793586944514836
2014-02-22 09:02:00,43.206,43.35841666666666,2.269083628801133
2014-02-22 09:07:00,45.522,43.52516666666667,2.275149448826009
2014-02-22 09:12:00,40.492,43.19049999999999,2.0911691965731154
2014-02-22 09:17:00,46.55,43.364666666666665,2.1915226127784777
2014-02-22 09:22:00,44.202,43.40383333333333,2.1979982131312332
2014-02-22 09:27:00,44.934,43.45475,2.2194959719643026
2014-02-22 09:32:00,42.548,43.54525,2.131019989500967
2014-02-22 09:37:00,40.586,43.27033333333333,2.0657814747571575
2014-02-22 09:42:00,45.822,43.4475,2.0957304215954276
2014-02-22 09:47:00,43.014,43.416583333333335,2.0964544378892382
2014-02-22 09:52:00,43.92,43.44983333333334,2.0979068588491594
2014-02-22 09:57:00,45.07,43.589666666666666,2.0890027299641387
2014-02-22 10:02:00,40.352,43.34516666666667,2.1110429251639165
2014-02-22 10:07:00,47.588,43.45883333333333,2.264051613843084
2014-02-22 10:12:00,42.558,43.43633333333333,2.2704676144808467
2014-02-22 10:17:00,43.802,43.476416666666665,2.267972392989576
2014-02-22 10:22:00,41.99800000000001,43.568000000000005,2.1546052599229126
2014-02-22 10:27:00,42.018,43.44958333333333,2.1586040561008493
2014-02-22 10:32:00,41.666,43.45741666666667,2.151467647033631
2014-02-22 10:37:00,38.74,43.326666666666675,2.3388204880586465
2014-02-22 10:42:00,49.788,43.58091666666667,2.68555025398282
2014-02-22 10:47:00,41.844,43.655833333333334,2.606569353978896
2014-02-22 10:52:00,41.22,43.411249999999995,2.544993093866197
2014-02-22 10:57:00,46.244,43.48683333333333,2.602843589926934
2014-02-22 11:02:00,44.672,43.54791666666667,2.613148058446526
2014-02-22 11:07:00,45.234,43.53591666666667,2.60433501345725
2014-02-22 11:12:00,40.798,43.54866666666666,2.5894917860741433
2014-02-22 11:17:00,40.822,43.31,2.564688166484361
2014-02-22 11:22:00,46.006,43.38516666666667,2.6178528816848137
2014-02-22 11:27:00,39.604,43.16308333333333,2.7053663886989576
2014-02-22 11:32:00,48.934,43.42916666666667,2.945616576286415
2014-02-22 11:37:00,41.408,43.46341666666667,2.915747915337957
2014-02-22 11:42:00,42.066,43.306916666666666,2.8842791265255014
2014-02-22 11:47:00,45.164,43.3965,2.908076265371653
2014-02-22 11:52:00,38.632,43.17616666666667,3.062892632033142
2014-02-22 11:57:00,49.38399999999999,43.355916666666666,3.2965417177857774
2014-02-22 12:02:00,42.968,43.464916666666674,3.2355842684083425
2014-02-22 12:07:00,45.188,43.364916666666666,3.1382377208800123
2014-02-22 12:12:00,43.04600000000001,43.385250000000006,3.134360752384368
2014-02-22 12:17:00,39.474,43.20491666666667,3.232314501442034
2014-02-22 12:22:00,49.694,43.52558333333334,3.4796577532439406
2014-02-22 12:27:00,41.356,43.498,3.4947192460476963
2014-02-22 12:32:00,42.048,43.51391666666667,3.486873745132347
2014-02-22 12:37:00,43.802,43.72483333333333,3.335355318620456
2014-02-22 12:42:00,39.648,43.30233333333334,3.172162321997727
2014-02-22 12:47:00,46.304,43.488166666666665,3.2133861818374267
2014-02-22 12:52:00,43.076,43.56549999999999,3.178571855956504
2014-02-22 12:57:00,45.47,43.53325,3.154045948908577
2014-02-22 13:02:00,42.952,43.46158333333333,3.1465783198879604
2014-02-22 13:07:00,41.98,43.326,3.1369772767400095
2014-02-22 13:12:00,44.694,43.48833333333334,3.1010699228922904
2014-02-22 13:17:00,43.41,43.59616666666667,3.048879532844421
2014-02-22 13:22:00,43.99,43.512166666666666,3.0070843262083726
2014-02-22 13:27:00,43.662,43.68125,2.8895714628870026
2014-02-22 13:32:00,41.976000000000006,43.391333333333336,2.6811790830459024
2014-02-22 13:37:00,44.95399999999999,43.53908333333333,2.664786342959546
2014-02-22 13:42:00,39.062,43.413916666666665,2.8039047604720175
2014-02-22 13:47:00,48.07,43.535,2.9421061370623005
2014-02-22 13:52:00,40.822,43.62625,2.814626846068445
2014-02-22 13:57:00,42.94,43.35775,2.5349547504752574
2014-02-22 14:02:00,46.146,43.490166666666674,2.5959794275776398
2014-02-22 14:07:00,40.002,43.27408333333333,2.6634692302672236
2014-02-22 14:12:00,49.178,43.529583333333335,2.9221869106168135
2014-02-22 14:17:00,40.54,43.57399999999999,2.8654126343718644
2014-02-22 14:22:00,41.614,43.23733333333333,2.5750516527816147
2014-02-22 14:27:00,44.36600000000001,43.36275,2.5526411088195173
2014-02-22 14:32:00,39.038,43.23733333333333,2.6902792269281552
2014-02-22 14:37:00,49.14,43.45974999999999,2.9473659463561135
2014-02-22 14:42:00,41.872,43.552416666666666,2.855853179709786
2014-02-22 14:47:00,42.162,43.37983333333333,2.807078376977263
2014-02-22 14:52:00,42.718,43.364916666666666,2.8097130894324582
2014-02-22 14:57:00,40.752,43.16833333333333,2.821052018796216
2014-02-22 15:02:00,49.46,43.4395,3.0984933926584977
2014-02-22 15:07:00,42.652,43.4675,3.087748652194827
2014-02-22 15:12:00,43.404,43.41375,3.0766780681090364
2014-02-22 15:17:00,42.652,43.38216666666667,3.0806063161921333
2014-02-22 15:22:00,40.234,43.22566666666666,3.1431553609691294
2014-02-22 15:27:00,46.55,43.346,3.2150466356750984
2014-02-22 15:32:00,43.7,43.417833333333334,3.2023404982398747
2014-02-22 15:37:00,44.86,43.413916666666665,3.200436898390633
2014-02-22 15:42:00,41.544,43.51733333333333,3.091960439966748
2014-02-22 15:47:00,42.028,43.26558333333333,2.9477722747964337
2014-02-22 15:52:00,44.624,43.42400000000001,2.912694912306206
2014-02-22 15:57:00,40.54,43.324000000000005,2.9706565516442063
2014-02-22 16:02:00,49.672,43.470916666666675,3.1950083338895565
2014-02-22 16:07:00,43.106,43.600249999999996,3.110180551867994
2014-02-22 16:12:00,41.292,43.27166666666667,2.9050903251193447
2014-02-22 16:17:00,45.136,43.463166666666666,2.868443354044638
2014-02-22 16:22:00,38.874,43.349,2.9968930578184723
2014-02-22 16:27:00,49.054,43.544333333333334,3.211179367076332
2014-02-22 16:32:00,41.08600000000001,43.62966666666667,3.111899163822247
2014-02-22 16:37:00,41.244,43.30066666666667,2.9151771169500083
2014-02-22 16:42:00,44.484,43.4095,2.9082703809474437
2014-02-22 16:47:00,38.404,43.252916666666664,3.074758214837503
2014-02-22 16:52:00,48.99,43.514250000000004,3.286560793264991
2014-02-22 16:57:00,43.084,43.61141666666666,3.2354193319604945
2014-02-22 17:02:00,41.972,43.29941666666667,2.9993338668657903
2014-02-22 17:07:00,46.83,43.4735,3.0802783188763407
2014-02-22 17:12:00,39.408,43.306999999999995,3.190234828483653
2014-02-22 17:17:00,45.974,43.44541666666667,3.232368924228695
2014-02-22 17:22:00,43.052,43.56283333333334,3.1610365892917294
2014-02-22 17:27:00,44.624,43.48258333333334,3.1058699812742057
2014-02-22 17:32:00,41.606,43.39533333333333,3.128824236266687
2014-02-22 17:37:00,41.198,43.24275,3.1435490224461757
2014-02-22 17:42:00,46.478,43.44833333333333,3.1886377992009827
2014-02-22 17:47:00,39.414,43.339416666666665,3.2825245045831655
2014-02-22 17:52:00,50.104,43.56775,3.555047914432878
2014-02-22 17:57:00,43.094,43.67416666666667,3.498246711993239
2014-02-22 18:02:00,41.854,43.34841666666667,3.272149139748091
2014-02-22 18:07:00,46.478,43.488916666666675,3.333113440935585
2014-02-22 18:12:00,38.944,43.391083333333334,3.4333527271860524
2014-02-22 18:17:00,46.808,43.46075,3.4868451824088043
2014-02-22 18:22:00,42.864,43.627,3.3511227969145665
2014-02-22 18:27:00,42.958,43.373,3.1466849360806792
2014-02-22 18:32:00,43.122,43.45783333333333,3.1095736554777273
2014-02-22 18:37:00,39.882,43.40108333333333,3.1636903591227665
2014-02-22 18:42:00,46.338,43.47833333333333,3.213525040886772
2014-02-22 18:47:00,42.664,43.655833333333334,3.033674936968184
2014-02-22 18:52:00,43.732,43.436749999999996,2.8135831286350275
2014-02-22 18:57:00,45.356,43.53141666666667,2.8393030056638087
2014-02-22 19:02:00,40.446,43.46783333333334,2.892334271178285
2014-02-22 19:07:00,47.324,43.488416666666666,2.9189369106587986
2014-02-22 19:12:00,44.36600000000001,43.695,2.790204480585386
2014-02-22 19:17:00,43.478,43.591,2.7477596249530736
2014-02-22 19:22:00,41.93600000000001,43.5445,2.766655632944742
2014-02-22 19:27:00,40.47,43.37141666666667,2.8254977232442635
2014-02-22 19:32:00,46.408,43.57150000000001,2.864796843848139
2014-02-22 19:37:00,42.63,43.63116666666667,2.8278881299236063
2014-02-22 19:42:00,43.322,43.49966666666666,2.7623712980709754
2014-02-22 19:47:00,43.826,43.6835,2.6218872890576828
2014-02-22 19:52:00,39.32,43.23416666666666,2.387289160582028
2014-02-22 19:57:00,49.062,43.48283333333333,2.6665430424244008
2014-02-22 20:02:00,41.62,43.473083333333335,2.6731772321515246
2014-02-22 20:07:00,44.83600000000001,43.404666666666664,2.6132674644169605
2014-02-22 20:12:00,43.404,43.5905,2.4347526791639784
2014-02-22 20:17:00,39.186,43.27291666666667,2.4932183482167414
2014-02-22 20:22:00,49.672,43.55658333333334,2.811629728802244
2014-02-22 20:27:00,41.666,43.50275,2.8358532992351946
2014-02-22 20:32:00,41.826,43.44875,2.855688499179902
2014-02-22 20:37:00,44.624,43.64633333333334,2.7606440122405047
2014-02-22 20:42:00,38.732,43.32941666666667,2.872521296953222
2014-02-22 20:47:00,46.95399999999999,43.50816666666666,2.9614163424996014
2014-02-22 20:52:00,43.146,43.48375000000001,2.961906337508741
2014-02-22 20:57:00,43.708,43.415083333333335,2.935600492850436
2014-02-22 21:02:00,42.3,43.492333333333335,2.877899213672796
2014-02-22 21:07:00,39.622,43.171416666666666,2.8614309268748594
2014-02-22 21:12:00,47.536,43.30350000000001,2.9892776064956226
2014-02-22 21:17:00,43.26,43.29441666666667,2.9890555134221555
2014-02-22 21:22:00,42.864,43.33308333333333,2.976695686519781
2014-02-22 21:27:00,44.154,43.486583333333336,2.917023943749233
2014-02-22 21:32:00,38.78,43.168749999999996,2.9992787430082966
2014-02-22 21:37:00,47.198,43.35908333333333,3.1066243376634484
2014-02-22 21:42:00,42.606,43.32925,3.110431526751431
2014-02-22 21:47:00,43.68600000000001,43.32341666666667,3.109590577225812
2014-02-22 21:52:00,43.378,43.4925,2.990486553403557
2014-02-22 21:57:00,43.182,43.2475,2.7451594235800076
2014-02-22 22:02:00,44.972,43.38716666666667,2.7440266139328084
2014-02-22 22:07:00,45.104,43.39833333333333,2.75071605960707
2014-02-22 22:12:00,43.99,43.42275,2.7533680758064474
2014-02-22 22:17:00,43.544,43.60433333333334,2.601313492076356
2014-02-22 22:22:00,40.118,43.206250000000004,2.3514268240147747
2014-02-22 22:27:00,45.298,43.35758333333334,2.3648254998895957
2014-02-22 22:32:00,42.578,43.38891666666667,2.348576181372595
2014-02-22 22:37:00,43.34,43.33541666666667,2.333796122325224
2014-02-22 22:42:00,42.69600000000001,43.50058333333334,2.1247464077159823
2014-02-22 22:47:00,40.282,43.22258333333334,2.089445150328776
2014-02-22 22:52:00,45.63,43.32608333333334,2.146236947830418
2014-02-22 22:57:00,45.234,43.38966666666667,2.1803760877560796
2014-02-22 23:02:00,42.934,43.41608333333334,2.1704179905317136
2014-02-22 23:07:00,44.624,43.624500000000005,2.0255747654518435
2014-02-22 23:12:00,39.28,43.280499999999996,2.033445416250487
2014-02-22 23:17:00,46.83,43.429249999999996,2.158604606644445
2014-02-22 23:22:00,43.058,43.437333333333335,2.156758329705522
2014-02-22 23:27:00,43.076,43.39241666666667,2.1524049222383543
2014-02-22 23:32:00,41.756,43.516416666666665,1.9514757830638272
2014-02-22 23:37:00,41.312,43.271166666666666,1.8350664403721897
2014-02-22 23:42:00,44.722,43.35933333333333,1.852468310276926
2014-02-22 23:47:00,38.31,43.135333333333335,2.117345809111701
2014-02-22 23:52:00,49.452,43.38841666666667,2.479627319765628
2014-02-22 23:57:00,43.896,43.41816666666667,2.481325726767724
2014-02-23 00:02:00,42.408,43.31133333333333,2.466669972579172
2014-02-23 00:07:00,46.268,43.359833333333334,2.5144311080445187
2014-02-23 00:12:00,39.948,43.19141666666667,2.6041532366031586
2014-02-23 00:17:00,48.85,43.4125,2.849098301293817
2014-02-23 00:22:00,41.644,43.47608333333333,2.788767374847715
2014-02-23 00:27:00,42.488,43.359,2.767859508875063
2014-02-23 00:32:00,43.706,43.406,2.7635948233825123
2014-02-23 00:37:00,39.93,43.26391666666667,2.8533368096451417
2014-02-23 00:42:00,48.462,43.50416666666667,3.040076310064438
2014-02-23 00:47:00,41.332,43.54791666666667,2.9989670963396793
2014-02-23 00:52:00,42.88800000000001,43.433666666666674,2.9682715606850296
2014-02-23 00:57:00,45.612,43.44941666666667,2.9792223367658517
2014-02-23 01:02:00,39.324,43.299,3.095248925861057
2014-02-23 01:07:00,48.732,43.47016666666667,3.2797913993406542
2014-02-23 01:12:00,43.176,43.6325,3.157519072888186
2014-02-23 01:17:00,43.312,43.48591666666667,3.0834152989497894
2014-02-23 01:22:00,44.188,43.532999999999994,3.085223915487523
2014-02-23 01:27:00,39.456,43.38216666666667,3.195071036383505
2014-02-23 01:32:00,46.918,43.59725,3.2540440024015838
2014-02-23 01:37:00,42.606,43.65116666666666,3.2251248397363708
2014-02-23 01:42:00,41.714,43.52583333333334,3.240114217883075
2014-02-23 01:47:00,43.896,43.75858333333334,3.04383759374608
2014-02-23 01:52:00,39.718,43.353,2.897203749344863
2014-02-23 01:57:00,51.38399999999999,43.665,3.329205519535379
2014-02-23 02:02:00,42.43,43.66591666666667,3.328847377444531
2014-02-23 02:07:00,44.06800000000001,43.57425,3.284067854645142
2014-02-23 02:12:00,44.95399999999999,43.782833333333336,3.2016788485536507
2014-02-23 02:17:00,39.166,43.379333333333335,3.1450352132772945
2014-02-23 02:22:00,46.924,43.599333333333334,3.2025149718507224
2014-02-23 02:27:00,41.478,43.55725,3.224315488528646
2014-02-23 02:32:00,41.996,43.486,3.2397421797582693
2014-02-23 02:37:00,43.978,43.654666666666664,3.1507110400624656
2014-02-23 02:42:00,37.276,43.188583333333334,3.234890414334646
2014-02-23 02:47:00,47.23,43.434333333333335,3.3108555398563704
2014-02-23 02:52:00,42.63,43.42358333333333,3.3131246241822594
2014-02-23 02:57:00,44.108,43.36091666666667,3.284027801564689
2014-02-23 03:02:00,42.91,43.510333333333335,3.17203890905837
2014-02-23 03:07:00,41.15,43.19441666666666,3.0024062801384894
2014-02-23 03:12:00,46.55,43.335,3.079507809346587
2014-02-23 03:17:00,44.802,43.397083333333335,3.094009132903986
2014-02-23 03:22:00,42.724,43.336083333333335,3.0921690419604326
2014-02-23 03:27:00,43.582,43.508,2.979719975171373
2014-02-23 03:32:00,39.86,43.21391666666667,2.9768306741095283
2014-02-23 03:37:00,47.348,43.4115,3.089949500079896
2014-02-23 03:42:00,43.17,43.47216666666667,3.069397386921591
2014-02-23 03:47:00,42.982,43.43408333333333,3.06958025620375
2014-02-23 03:52:00,43.036,43.572333333333326,2.967973319150444
2014-02-23 03:57:00,41.42,43.15716666666666,2.485414770156223
2014-02-23 04:02:00,47.91,43.3855,2.6612107247904393
2014-02-23 04:07:00,45.306,43.437083333333334,2.686889520821793
2014-02-23 04:12:00,42.58600000000001,43.33841666666667,2.672202282057333
2014-02-23 04:17:00,43.868,43.534333333333336,2.5210892515921075
2014-02-23 04:22:00,38.49,43.18291666666667,2.614151319872085
2014-02-23 04:27:00,47.562,43.436416666666666,2.7338811385483934
2014-02-23 04:32:00,43.004,43.47841666666667,2.7184897328363666
2014-02-23 04:37:00,41.772,43.38649999999999,2.7380871933270123
2014-02-23 04:42:00,43.592,43.64966666666667,2.409001717592331
2014-02-23 04:47:00,40.376,43.36408333333333,2.3720874299576
2014-02-23 04:52:00,45.972,43.50333333333333,2.424632193831227
2014-02-23 04:57:00,45.188,43.54833333333334,2.446268047929201
2014-02-23 05:02:00,43.218,43.56116666666666,2.4435801188219615
2014-02-23 05:07:00,45.094,43.725500000000004,2.406717501169437
2014-02-23 05:12:00,40.14,43.458416666666665,2.435147132715297
2014-02-23 05:17:00,47.84,43.585,2.5825261646893045
2014-02-23 05:22:00,41.74800000000001,43.544333333333334,2.604266644109949
2014-02-23 05:27:00,41.83,43.47133333333333,2.627615329313082
2014-02-23 05:32:00,44.47,43.66341666666667,2.518371073197778
2014-02-23 05:37:00,38.646,43.30083333333334,2.5902287236034294
2014-02-23 05:42:00,49.062,43.54633333333334,2.844070791430335
2014-02-23 05:47:00,42.37,43.520833333333336,2.852082925598985
2014-02-23 05:52:00,41.652,43.463166666666666,2.876201717342005
2014-02-23 05:57:00,45.932,43.651166666666676,2.8842954631661906
2014-02-23 06:02:00,39.244,43.290083333333335,2.8703657987861275
2014-02-23 06:07:00,51.488,43.547666666666665,3.3037957967566904
2014-02-23 06:12:00,41.096,43.48558333333333,3.336490579045367
2014-02-23 06:17:00,42.13800000000001,43.4135,3.3465422128832056
2014-02-23 06:22:00,44.53,43.665166666666664,3.1833164503688445
2014-02-23 06:27:00,39.014,43.309,3.2064751878714617
2014-02-23 06:32:00,47.442,43.49391666666667,3.314278174631861
2014-02-23 06:37:00,42.978,43.54416666666666,3.2961287393952285
2014-02-23 06:42:00,43.574,43.54341666666667,3.296119430042237
2014-02-23 06:47:00,42.88800000000001,43.64808333333334,3.2303950211629107
2014-02-23 06:52:00,39.836,43.39241666666667,3.2808934085049977
2014-02-23 06:57:00,48.356,43.52441666666667,3.417174524645262
2014-02-23 07:02:00,43.592,43.54,3.4165691410613492
2014-02-23 07:07:00,45.61,43.561499999999995,3.4283765837492983
2014-02-23 07:12:00,42.36600000000001,43.65425,3.3612414534954427
2014-02-23 07:17:00,40.214,43.3365,3.3083844080313405
2014-02-23 07:22:00,44.448,43.449000000000005,3.2979092190950055
2014-02-23 07:27:00,43.048,43.49975,3.2812414571318156
2014-02-23 07:32:00,42.958,43.436749999999996,3.276314196989024
2014-02-23 07:37:00,43.428,43.635999999999996,3.113668156901897
2014-02-23 07:42:00,39.038,43.218333333333334,3.025233108756975
2014-02-23 07:47:00,46.644,43.39641666666666,3.098044318832416
2014-02-23 07:52:00,42.724,43.44108333333333,3.0794725680060826
2014-02-23 07:57:00,44.718,43.3905,3.0465727144363974
2014-02-23 08:02:00,44.32,43.602000000000004,2.919751746445248
2014-02-23 08:07:00,41.338,43.17908333333333,2.42018640885857
2014-02-23 08:12:00,49.19,43.516333333333336,2.668496835733435
2014-02-23 08:17:00,43.56800000000001,43.57591666666667,2.6522983948573415
2014-02-23 08:22:00,43.006,43.51241666666667,2.646700586155174
2014-02-23 08:27:00,42.982,43.67775,2.471622407668181
2014-02-23 08:32:00,39.53,43.348083333333335,2.475365830085356
2014-02-23 08:37:00,46.478,43.49391666666667,2.554450743594364
2014-02-23 08:42:00,43.428,43.487833333333334,2.5544255827820743
2014-02-23 08:47:00,43.316,43.50566666666666,2.5515482540516743
2014-02-23 08:52:00,44.202,43.68758333333333,2.43134730795182
2014-02-23 08:57:00,41.444,43.39958333333333,2.257472998859619
2014-02-23 09:02:00,46.902,43.5375,2.368136618415158
2014-02-23 09:07:00,45.56399999999999,43.535583333333335,2.366404278677979
2014-02-23 09:12:00,41.762,43.510416666666664,2.382540330726167
2014-02-23 09:17:00,44.174,43.67541666666667,2.2792069924632257
2014-02-23 09:22:00,38.84,43.44174999999999,2.475567659978406
2014-02-23 09:27:00,47.378,43.622166666666665,2.6002661346514135
2014-02-23 09:32:00,43.544,43.64658333333333,2.596506983332273
2014-02-23 09:37:00,43.56800000000001,43.65241666666666,2.596151799619424
2014-02-23 09:42:00,42.924,43.81433333333334,2.4103818688381473
2014-02-23 09:47:00,40.492,43.558,2.4234592595315507
2014-02-23 09:52:00,45.816,43.68683333333334,2.459119808363261
2014-02-23 09:57:00,40.868,43.52641666666667,2.513892943600538
2014-02-23 10:02:00,49.448,43.74008333333333,2.787330184598071
2014-02-23 10:07:00,41.508,43.747166666666665,2.7811696580157004
2014-02-23 10:12:00,40.212,43.373083333333334,2.616147647686056
2014-02-23 10:17:00,45.822,43.467000000000006,2.6634789933143104
2014-02-23 10:22:00,40.156,43.34825,2.7471450041658843
2014-02-23 10:27:00,49.334,43.61291666666667,3.0042754449743576
2014-02-23 10:32:00,41.104,43.67850000000001,2.9274685458527188
2014-02-23 10:37:00,41.642,43.477,2.892624323734659
2014-02-23 10:42:00,44.062,43.50341666666667,2.8950513386853283
2014-02-23 10:47:00,38.63800000000001,43.3085,3.060944341354494
2014-02-23 10:52:00,48.324,43.480250000000005,3.2245302354189445
2014-02-23 10:57:00,43.42,43.56258333333333,3.1953724409264717
2014-02-23 11:02:00,42.756,43.389833333333335,3.1181235113260963
2014-02-23 11:07:00,46.752,43.43933333333333,3.163242181915542
2014-02-23 11:12:00,39.836,43.35908333333333,3.2313432920404828
2014-02-23 11:17:00,49.216,43.56916666666667,3.4435602868653077
2014-02-23 11:22:00,42.184,43.70850000000001,3.3089089887231236
2014-02-23 11:27:00,41.83,43.47733333333333,3.234361904230378
2014-02-23 11:32:00,43.63800000000001,43.481249999999996,3.234503056381251
2014-02-23 11:37:00,38.618,43.275000000000006,3.3831357206515325
2014-02-23 11:42:00,45.448,43.38016666666667,3.410866620296051
2014-02-23 11:47:00,42.7,43.47216666666667,3.358961015172668
2014-02-23 11:52:00,41.972,43.312000000000005,3.3338938195450276
2014-02-23 11:57:00,46.658,43.55325,3.358747479408849
2014-02-23 12:02:00,38.836,43.11108333333333,3.245594631880775
2014-02-23 12:07:00,49.788,43.45608333333333,3.498037237436628
2014-02-23 12:12:00,41.526,43.51083333333333,3.455073694132236
2014-02-23 12:17:00,41.55,43.33283333333333,3.4408432190338964
2014-02-23 12:22:00,44.264,43.504,3.3775338057073787
2014-02-23 12:27:00,39.892,43.11058333333333,3.2149169969226254
2014-02-23 12:32:00,48.334,43.411833333333334,3.354429695150976
2014-02-23 12:37:00,41.948,43.42458333333334,3.3479855321056764
2014-02-23 12:42:00,42.074,43.34175,3.356112311563279
2014-02-23 12:47:00,43.806,43.55708333333333,3.203514970570169
2014-02-23 12:52:00,38.732,43.15741666666667,3.181208546895523
2014-02-23 12:57:00,48.92,43.386583333333334,3.3920624727208537
2014-02-23 13:02:00,43.756,43.42825,3.3901211117266064
2014-02-23 13:07:00,45.084,43.35875000000001,3.3356796745648225
2014-02-23 13:12:00,42.82,43.48308333333333,3.2532587530802526
2014-02-23 13:17:00,40.53,43.12116666666666,3.0654858990218807
2014-02-23 13:22:00,45.518,43.260083333333334,3.096555364140764
2014-02-23 13:27:00,39.338,43.15625,3.1870520281971113
2014-02-23 13:32:00,48.68600000000001,43.36658333333333,3.3809067720731094
2014-02-23 13:37:00,40.774,43.45641666666666,3.276271527695612
2014-02-23 13:42:00,41.74800000000001,43.30225000000001,3.2655170341005015
2014-02-23 13:47:00,44.948,43.395916666666665,3.279700807094834
2014-02-23 13:52:00,39.152,43.278416666666665,3.381856962453216
2014-02-23 13:57:00,51.028,43.4605,3.676534012874982
2014-02-23 14:02:00,41.08,43.554,3.5811081597983665
2014-02-23 14:07:00,44.108,43.31733333333333,3.3300973568046985
2014-02-23 14:12:00,43.322,43.39216666666667,3.3082003470516144
2014-02-23 14:17:00,39.924,43.32441666666667,3.3637504937284675
2014-02-23 14:22:00,47.002,43.438500000000005,3.442510724305309
2014-02-23 14:27:00,43.49800000000001,43.588750000000005,3.3586638032823117
2014-02-23 14:32:00,44.694,43.437083333333334,3.2141428760303694
2014-02-23 14:37:00,42.136,43.44491666666667,3.2105830963924795
2014-02-23 14:42:00,40.61,43.383916666666664,3.251410689380078
2014-02-23 14:47:00,45.962,43.47375,3.2930963525164376
2014-02-23 14:52:00,43.154,43.65800000000001,3.1362288070922584
2014-02-23 14:57:00,45.734,43.52525,2.966659712172367
2014-02-23 15:02:00,42.918,43.49033333333333,2.9687565346992306
2014-02-23 15:07:00,42.294,43.37408333333334,2.958245336515387
2014-02-23 15:12:00,45.51600000000001,43.48641666666666,2.9873348878029398
2014-02-23 15:17:00,38.56800000000001,43.404666666666664,3.0966035624840558
2014-02-23 15:22:00,49.052,43.55191666666667,3.280056652700998
2014-02-23 15:27:00,40.916,43.61766666666667,3.206914793497664
2014-02-23 15:32:00,42.562,43.362500000000004,3.0245570714174677
2014-02-23 15:37:00,44.154,43.50333333333333,2.9771073598183517
2014-02-23 15:42:00,38.564,43.37066666666667,3.125952218982699
2014-02-23 15:47:00,49.056,43.54183333333333,3.322375782565881
2014-02-23 15:52:00,41.374,43.634416666666674,3.2242377180225685
2014-02-23 15:57:00,44.758,43.37316666666667,2.8288930953516216
2014-02-23 16:02:00,43.802,43.486583333333336,2.7872161257937282
2014-02-23 16:07:00,41.08,43.36041666666667,2.826125384409959
2014-02-23 16:12:00,46.452,43.490833333333335,2.895640316161566
2014-02-23 16:17:00,42.764,43.609166666666674,2.7999904917023795
2014-02-23 16:22:00,43.842,43.4775,2.706237577539618
2014-02-23 16:27:00,43.474,43.47650000000001,2.706234107293529
2014-02-23 16:32:00,39.742,43.27016666666666,2.796640774784804
2014-02-23 16:37:00,48.61,43.53991666666667,2.9881557190765373
2014-02-23 16:42:00,42.822,43.632083333333334,2.9273510494416635
2014-02-23 16:47:00,43.372,43.524166666666666,2.8851604079687987
2014-02-23 16:52:00,45.07,43.604000000000006,2.900937479655518
2014-02-23 16:57:00,45.892,43.61058333333333,2.906156013596459
2014-02-23 17:02:00,43.544,43.63666666666666,2.9024765836852366
2014-02-23 17:07:00,45.962,43.789500000000004,2.9251855831130986
2014-02-23 17:12:00,40.306,43.57241666666667,2.984214351735141
2014-02-23 17:17:00,45.234,43.85016666666667,2.802890614544563
2014-02-23 17:22:00,42.714,43.586083333333335,2.5812917884466287
2014-02-23 17:27:00,43.258,43.68366666666666,2.5194918512284064
2014-02-23 17:32:00,42.206,43.66883333333333,2.5274181991953237
2014-02-23 17:37:00,41.104,43.54175,2.578133488128425
2014-02-23 17:42:00,44.93,43.806999999999995,2.362169452376285
2014-02-23 17:47:00,38.76,43.37799999999999,2.3016029197062955
2014-02-23 17:52:00,48.45399999999999,43.673,2.4803646996921254
2014-02-23 17:57:00,41.878,43.553,2.4952128775614253
2014-02-23 18:02:00,42.052,43.48008333333333,2.5131255771781897
2014-02-23 18:07:00,45.868,43.67958333333333,2.5043435643709797
2014-02-23 18:12:00,38.886,43.36433333333333,2.613983378189275
2014-02-23 18:17:00,47.092,43.544666666666664,2.7179877893745124
2014-02-23 18:22:00,43.076,43.512750000000004,2.7188418130425256
2014-02-23 18:27:00,43.68600000000001,43.52158333333333,2.719054821659348
2014-02-23 18:32:00,42.942,43.65491666666667,2.6015794519729893
2014-02-23 18:37:00,40.892,43.333333333333336,2.434068318620224
2014-02-23 18:42:00,47.176,43.51475,2.553621252261294
2014-02-23 18:47:00,38.77,43.323,2.7313988771483917
2014-02-23 18:52:00,49.11600000000001,43.49158333333333,2.959268180930415
2014-02-23 18:57:00,43.334,43.385,2.9147850990962585
2014-02-23 19:02:00,41.948,43.3185,2.929170486525319
2014-02-23 19:07:00,46.948,43.35958333333334,2.9744241958910282
2014-02-23 19:12:00,38.874,43.29991666666667,3.0517010782537386
2014-02-23 19:17:00,46.952,43.3715,3.1184603363784755
2014-02-23 19:22:00,42.536,43.36408333333333,3.1203031892356483
2014-02-23 19:27:00,42.066,43.314416666666666,3.1315316424294304
2014-02-23 19:32:00,43.478,43.367416666666664,3.1227081044820113
2014-02-23 19:37:00,40.704,43.350750000000005,3.13635140070372
2014-02-23 19:42:00,46.712,43.425000000000004,3.1958924724797466
2014-02-23 19:47:00,43.78,43.634166666666665,3.0376588763842287
2014-02-23 19:52:00,43.642,43.433666666666674,2.859264159925141
2014-02-23 19:57:00,44.252,43.53258333333333,2.8441300942035266
2014-02-23 20:02:00,40.234,43.45683333333333,2.908754098544193
2014-02-23 20:07:00,47.84,43.53900000000001,3.006051519706702
2014-02-23 20:12:00,42.934,43.707666666666675,2.8427543695855326
2014-02-23 20:17:00,43.75,43.56841666666667,2.7501107632503583
2014-02-23 20:22:00,42.386,43.53966666666667,2.759074429975652
2014-02-23 20:27:00,40.658,43.4135,2.8206371928898593
2014-02-23 20:32:00,46.222,43.55016666666666,2.8757226640585927
2014-02-23 20:37:00,42.676,43.624500000000005,2.8266639270564657
2014-02-23 20:42:00,43.788,43.48333333333334,2.7243345684001903
2014-02-23 20:47:00,44.596,43.72608333333334,2.5393787997079786
2014-02-23 20:52:00,39.366,43.31983333333333,2.4165409642471616
2014-02-23 20:57:00,50.61,43.623,2.838040536524639
2014-02-23 21:02:00,41.666,43.611250000000005,2.845849873060865
2014-02-23 21:07:00,44.132,43.49391666666667,2.7590222262475663
2014-02-23 21:12:00,44.038,43.70908333333333,2.578523000153263
2014-02-23 21:17:00,39.378,43.393499999999996,2.627393368539249
2014-02-23 21:22:00,46.644,43.56466666666666,2.701857632568231
2014-02-23 21:27:00,42.612,43.58741666666666,2.6909667555937373
2014-02-23 21:32:00,43.602,43.59258333333333,2.6908665796125795
2014-02-23 21:37:00,42.396,43.66308333333333,2.6334483909005644
2014-02-23 21:42:00,40.492,43.40391666666667,2.626404550391919
2014-02-23 21:47:00,46.006,43.49666666666667,2.679040689219425
2014-02-23 21:52:00,42.724,43.458416666666665,2.6834252594750883
2014-02-23 21:57:00,45.32,43.502916666666664,2.7059188573051074
2014-02-23 22:02:00,42.91,43.61441666666667,2.619104458907129
2014-02-23 22:07:00,41.902,43.367,2.479313930348057
2014-02-23 22:12:00,46.724,43.52491666666666,2.569591405798626
2014-02-23 22:17:00,43.034,43.49508333333333,2.5710205707778493
2014-02-23 22:22:00,43.826,43.55508333333333,2.560794848015695
2014-02-23 22:27:00,44.338,43.708416666666665,2.488949628583054
2014-02-23 22:32:00,39.86,43.44333333333333,2.547699433959517
2014-02-23 22:37:00,46.22,43.591,2.60338836067965
2014-02-23 22:42:00,43.146,43.564249999999994,2.60457419118593
2014-02-23 22:47:00,44.24800000000001,43.549749999999996,2.59954439570051
2014-02-23 22:52:00,40.728,43.606500000000004,2.5178210904428453
2014-02-23 22:57:00,41.352,43.22075,2.067020692561836
2014-02-23 23:02:00,49.518,43.54791666666666,2.4041486953339435
2014-02-23 23:07:00,43.978,43.541500000000006,2.402727091923136
2014-02-23 23:12:00,42.606,43.481833333333334,2.4076368292269117
2014-02-23 23:17:00,43.68600000000001,43.66133333333334,2.2433611945640624
2014-02-23 23:22:00,38.61,43.32658333333333,2.3745176520107614
2014-02-23 23:27:00,47.3,43.52191666666667,2.5025497591660373
2014-02-23 23:32:00,42.816,43.48916666666667,2.506595953751394
2014-02-23 23:37:00,42.142,43.478583333333326,2.5119427076800958
2014-02-23 23:42:00,44.6,43.649750000000004,2.4384727445857353
2014-02-23 23:47:00,39.014,43.35841666666667,2.5594046168502107
2014-02-23 23:52:00,47.444,43.55508333333333,2.6867139767295964
2014-02-23 23:57:00,45.808,43.57541666666666,2.7024523149342135
2014-02-24 00:02:00,43.024,43.58016666666666,2.701331840064353
2014-02-24 00:07:00,45.128,43.71458333333334,2.6944497851932714
2014-02-24 00:12:00,39.578,43.41683333333333,2.7418526213314225
2014-02-24 00:17:00,47.302,43.59466666666666,2.8521338261588247
2014-02-24 00:22:00,43.474,43.580000000000005,2.8517975414450163
2014-02-24 00:27:00,42.944,43.52191666666667,2.8498832610213727
2014-02-24 00:32:00,43.3,43.66524999999999,2.7421725954940896
2014-02-24 00:37:00,39.694,43.39333333333334,2.800763043027551
2014-02-24 00:42:00,48.216,43.60458333333333,2.967535911165778
2014-02-24 00:47:00,42.816,43.544916666666666,2.9684326989854988
2014-02-24 00:52:00,42.288,43.60991666666666,2.92076562203151
2014-02-24 00:57:00,46.902,43.84116666666667,2.953746621064475
2014-02-24 01:02:00,38.882,43.397999999999996,2.8614348483418057
2014-02-24 01:07:00,49.226000000000006,43.616666666666674,3.0983953584237742
2014-02-24 01:12:00,43.49800000000001,43.65383333333333,3.0910861980958257
2014-02-24 01:17:00,42.352,43.59825,3.1024555947493986
2014-02-24 01:22:00,44.038,43.82441666666667,2.9152031462761734
2014-02-24 01:27:00,39.314,43.491666666666674,2.9567186081087886
2014-02-24 01:32:00,48.944,43.74700000000001,3.1538588096655316
2014-02-24 01:37:00,41.948,43.73891666666666,3.158396620145333
2014-02-24 01:42:00,43.662,43.69983333333334,3.1530770570248943
2014-02-24 01:47:00,43.732,43.896416666666674,2.9911471104297784
2014-02-24 01:52:00,40.046,43.588166666666666,2.9908558563768546
2014-02-24 01:57:00,49.35,43.735749999999996,3.186168166772912
2014-02-24 02:02:00,43.216,43.74375,3.184543995067783
2014-02-24 02:07:00,44.268,43.70791666666667,3.1731087748613325
2014-02-24 02:12:00,43.32,43.86383333333333,3.0509376415708918
2014-02-24 02:17:00,38.838,43.51116666666667,3.1245320438033866
2014-02-24 02:22:00,47.254,43.66866666666667,3.216494049584894
2014-02-24 02:27:00,42.982,43.67025,3.2161311520143365
2014-02-24 02:32:00,42.29600000000001,43.62841666666667,3.2276655168103057
2014-02-24 02:37:00,43.99800000000001,43.80775,3.1172387063191755
2014-02-24 02:42:00,38.99,43.42333333333334,3.1188521671570553
2014-02-24 02:47:00,47.37,43.61308333333333,3.217274675961046
2014-02-24 02:52:00,43.326,43.65633333333333,3.205642941231479
2014-02-24 02:57:00,44.84,43.57041666666667,3.1418696167101436
2014-02-24 03:02:00,45.63399999999999,43.85175,3.0030310086862184
2014-02-24 03:07:00,41.51600000000001,43.530499999999996,2.8092612211569423
2014-02-24 03:12:00,46.848,43.67008333333333,2.8896514295081523
2014-02-24 03:17:00,43.592,43.72175000000001,2.87611339877433
2014-02-24 03:22:00,43.052,43.68066666666667,2.8784408017668004
2014-02-24 03:27:00,43.528,43.856249999999996,2.7249277174299356
2014-02-24 03:32:00,39.836,43.47675,2.6176743619514515
2014-02-24 03:37:00,46.90600000000001,43.68333333333334,2.6865160672720134
2014-02-24 03:42:00,43.826,43.69016666666667,2.6866680134496135
2014-02-24 03:47:00,43.532,43.68183333333334,2.686842783813016
2014-02-24 03:52:00,43.372,43.82041666666667,2.5745885262912744
2014-02-24 03:57:00,42.128,43.5195,2.308494728831761
2014-02-24 04:02:00,46.952,43.67516666666666,2.410834018896201
2014-02-24 04:07:00,45.024,43.70666666666667,2.4238207471868236
2014-02-24 04:12:00,43.206,43.70191666666667,2.424722985821587
2014-02-24 04:17:00,43.404,43.89216666666667,2.1947156231883884
2014-02-24 04:22:00,39.08,43.55158333333333,2.2827991954324887
2014-02-24 04:27:00,45.846,43.67091666666667,2.3261753628738147
2014-02-24 04:32:00,42.09,43.66233333333333,2.331842389085672
2014-02-24 04:37:00,42.7,43.60825,2.3387608991683626
2014-02-24 04:42:00,44.734,43.84758333333334,2.13021541912657
2014-02-24 04:47:00,39.446,43.51741666666666,2.1741573463452966
2014-02-24 04:52:00,46.924,43.66733333333334,2.2817694633898746
2014-02-24 04:57:00,45.44600000000001,43.69258333333334,2.298601274436505
2014-02-24 05:02:00,42.606,43.56641666666667,2.2703341243597692
2014-02-24 05:07:00,46.83,43.78783333333333,2.3202487810141483
2014-02-24 05:12:00,40.094,43.50641666666667,2.342433218697714
2014-02-24 05:17:00,47.442,43.66683333333334,2.4765397962317084
2014-02-24 05:22:00,43.404,43.6815,2.473781070064456
2014-02-24 05:27:00,43.474,43.679249999999996,2.473951306153365
2014-02-24 05:32:00,44.158,43.85933333333333,2.3354574762108053
2014-02-24 05:37:00,39.958,43.56983333333333,2.3717274509204955
2014-02-24 05:42:00,50.066,43.82983333333333,2.7178096626363257
2014-02-24 05:47:00,41.808,43.758,2.74863222902507
2014-02-24 05:52:00,42.35,43.71541666666667,2.762752784683405
2014-02-24 05:57:00,46.176,43.884083333333336,2.7851023229454057
2014-02-24 06:02:00,39.366,43.568000000000005,2.8514636973652427
2014-02-24 06:07:00,48.5,43.71283333333333,3.01237077899542
2014-02-24 06:12:00,43.428,43.72208333333334,3.0110873655855537
2014-02-24 06:17:00,43.898,43.74266666666667,3.0105068570312916
2014-02-24 06:22:00,42.326,43.877916666666664,2.861133462180037
2014-02-24 06:27:00,41.268,43.68716666666666,2.876781167217715
2014-02-24 06:32:00,45.236,43.81825,2.8725126291016303
2014-02-24 06:37:00,39.346,43.67850000000001,3.007688539032364
2014-02-24 06:42:00,49.47,43.87583333333333,3.2272966162526635
2014-02-24 06:47:00,41.666,43.968333333333334,3.1250028823175944
2014-02-24 06:52:00,41.76,43.753166666666665,3.0902331369300042
2014-02-24 06:57:00,46.752,43.80758333333333,3.132547843649664
2014-02-24 07:02:00,39.098,43.66141666666667,3.2698843739253434
2014-02-24 07:07:00,49.43600000000001,43.77,3.41952343488675
2014-02-24 07:12:00,43.92,43.92941666666667,3.328675332773537
2014-02-24 07:17:00,42.15600000000001,43.70916666666667,3.2603304135927162
2014-02-24 07:22:00,45.024,43.77666666666667,3.2704916618370197
2014-02-24 07:27:00,39.226,43.59966666666667,3.399972668261924
2014-02-24 07:32:00,49.414,43.818666666666665,3.600841672945886
2014-02-24 07:37:00,42.276,43.91524999999999,3.52303346625438
2014-02-24 07:42:00,40.4,43.512499999999996,3.3369008402096534
2014-02-24 07:47:00,44.804,43.63733333333334,3.326386715297954
2014-02-24 07:52:00,39.672,43.52575000000001,3.4151792778711614
2014-02-24 07:57:00,51.658,43.75416666666667,3.765500274710006
2014-02-24 08:02:00,42.3,43.87641666666667,3.6630750673820347
2014-02-24 08:07:00,44.554,43.711999999999996,3.532763076760498
2014-02-24 08:12:00,44.582,43.760083333333334,3.5365808827991283
2014-02-24 08:17:00,38.802,43.54775,3.678089168954879
2014-02-24 08:22:00,49.13800000000001,43.831583333333334,3.839024829944199
2014-02-24 08:27:00,41.81399999999999,43.85433333333333,3.8247638707072116
2014-02-24 08:32:00,42.348,43.734,3.8248350007038554
2014-02-24 08:37:00,43.522,43.907999999999994,3.7097938534079153
2014-02-24 08:42:00,38.944,43.46941666666667,3.645295024938473
2014-02-24 08:47:00,47.112,43.696333333333335,3.6972866510064804
2014-02-24 08:52:00,43.68600000000001,43.77658333333333,3.6742613326463682
2014-02-24 08:57:00,45.51600000000001,43.72508333333334,3.639238619805607
2014-02-24 09:02:00,43.662,43.91525000000001,3.5036594937046353
2014-02-24 09:07:00,41.502,43.58466666666667,3.3301111962982146
2014-02-24 09:12:00,46.76,43.703,3.3924209644442067
2014-02-24 09:17:00,43.896,43.7755,3.3764777763097444
2014-02-24 09:22:00,44.202,43.74125,3.36741964495338
2014-02-24 09:27:00,42.112,43.86150000000001,3.248603566216617
2014-02-24 09:32:00,41.672,43.538916666666665,3.051692273458227
2014-02-24 09:37:00,46.38399999999999,43.71008333333333,3.0927079722226978
2014-02-24 09:42:00,43.716,43.84825,3.0114029844547776
2014-02-24 09:47:00,43.996,43.81458333333334,3.004762682037112
2014-02-24 09:52:00,42.432,43.92958333333333,2.8899444242688888
2014-02-24 09:57:00,42.512,43.5485,2.38552375071345
2014-02-24 10:02:00,44.108,43.62383333333333,2.3728970308129984
2014-02-24 10:07:00,45.422,43.66,2.394209754350409
2014-02-24 10:12:00,43.61600000000001,43.61975,2.3861420426761377
2014-02-24 10:17:00,42.984,43.794000000000004,2.1611113083219613
2014-02-24 10:22:00,40.212,43.42208333333334,1.9601675597559078
2014-02-24 10:27:00,47.16,43.64483333333333,2.0701520143021845
2014-02-24 10:32:00,43.56800000000001,43.695666666666675,2.0518208809583687
2014-02-24 10:37:00,43.24,43.68391666666667,2.053665268789544
2014-02-24 10:42:00,42.868,43.84741666666667,1.800492442703497
2014-02-24 10:47:00,39.86,43.54525,1.836957012348945
2014-02-24 10:52:00,46.784,43.67433333333333,1.9524927805171426
2014-02-24 10:57:00,45.024,43.65383333333333,1.934818532478883
2014-02-24 11:02:00,43.662,43.65383333333333,1.934818532478883
2014-02-24 11:07:00,44.404,43.774750000000004,1.8845191579079976
2014-02-24 11:12:00,40.846,43.528333333333336,1.8637390810731564
2014-02-24 11:17:00,45.774,43.60658333333333,1.9184677290840184
2014-02-24 11:22:00,43.49800000000001,43.57725,1.9143456425449923
2014-02-24 11:27:00,44.36600000000001,43.67116666666667,1.8945232661009073
2014-02-24 11:32:00,43.192,43.734500000000004,1.8496614261277344
2014-02-24 11:37:00,41.738,43.54091666666667,1.8028415232547725
2014-02-24 11:42:00,44.746,43.58383333333333,1.8193743708895764
2014-02-24 11:47:00,38.744,43.365,2.066688424383043
2014-02-24 11:52:00,47.01600000000001,43.556000000000004,2.185141444034083
2014-02-24 11:57:00,44.39,43.63425000000001,2.179749272578135
2014-02-24 12:02:00,41.692,43.53358333333333,2.212462171952194
2014-02-24 12:07:00,46.056,43.56,2.23960850616132
2014-02-24 12:12:00,39.226,43.37708333333333,2.407794226305996
2014-02-24 12:17:00,47.042,43.54616666666667,2.5189096962717006
2014-02-24 12:22:00,43.256,43.673,2.418356322866501
2014-02-24 12:27:00,43.414,43.51691666666667,2.3015827430681237
2014-02-24 12:32:00,42.488,43.471916666666665,2.3110789107870477
2014-02-24 12:37:00,39.844,43.33041666666667,2.426954002836615
2014-02-24 12:42:00,46.306,43.47366666666667,2.4988710958398346
2014-02-24 12:47:00,43.19,43.61241666666667,2.3790758877578306
2014-02-24 12:52:00,43.81,43.488499999999995,2.282176859358602
2014-02-24 12:57:00,44.694,43.47475,2.2735009442441076
2014-02-24 13:02:00,41.174,43.37108333333333,2.3208227161312323
2014-02-24 13:07:00,47.39,43.4955,2.454776019181468
2014-02-24 13:12:00,39.298,43.431000000000004,2.546059120185322
2014-02-24 13:17:00,49.58600000000001,43.58983333333334,2.804379303047806
2014-02-24 13:22:00,43.1,43.57325,2.8061221772962104
2014-02-24 13:27:00,42.184,43.48233333333334,2.8146555997009886
2014-02-24 13:32:00,45.022,43.55858333333333,2.831187520345995
2014-02-24 13:37:00,39.4,43.461166666666664,2.934879120044974
2014-02-24 13:42:00,48.48,43.616749999999996,3.100265055288669
2014-02-24 13:47:00,42.308,43.76525,2.9378169838223993
2014-02-24 13:52:00,42.112,43.560916666666664,2.8716870350957135
2014-02-24 13:57:00,46.948,43.6675,2.9501938182461767
2014-02-24 14:02:00,38.802,43.54708333333334,3.089999914403732
2014-02-24 14:07:00,50.63399999999999,43.73783333333333,3.3793668003066855
2014-02-24 14:12:00,41.552,43.83474999999999,3.276122831083775
2014-02-24 14:17:00,41.844,43.61816666666667,3.2263143013375277
2014-02-24 14:22:00,45.14,43.696666666666665,3.240010127019507
2014-02-24 14:27:00,39.272,43.52408333333333,3.3636758091819643
2014-02-24 14:32:00,49.47,43.815,3.566014216363262
2014-02-24 14:37:00,42.3,43.91733333333334,3.4813389061840385
2014-02-24 14:42:00,40.69,43.68333333333334,3.502479750947557
2014-02-24 14:47:00,45.916,43.79691666666667,3.5298797604435412
2014-02-24 14:52:00,38.944,43.594166666666666,3.6662101230926782
2014-02-24 14:57:00,51.042,43.858666666666664,3.9657597842868904
2014-02-24 15:02:00,41.83,43.885999999999996,3.948675551206529
2014-02-24 15:07:00,43.17,43.71016666666667,3.8792060557785475
2014-02-24 15:12:00,44.508,43.927249999999994,3.765679282217522
2014-02-24 15:17:00,39.178,43.49358333333333,3.684091250305872
2014-02-24 15:22:00,47.19,43.663999999999994,3.758929866216047
2014-02-24 15:27:00,43.708,43.7275,3.7456902655208877
2014-02-24 15:32:00,40.916,43.55641666666667,3.7776276880174318
2014-02-24 15:37:00,43.178,43.71383333333333,3.674196222857255
2014-02-24 15:42:00,40.184,43.36816666666667,3.595705405385628
2014-02-24 15:47:00,49.428,43.66483333333333,3.792753957180811
2014-02-24 15:52:00,42.23,43.66975,3.7907293923580867
2014-02-24 15:57:00,44.272,43.558249999999994,3.7289635026838743
2014-02-24 16:02:00,43.874,43.76958333333334,3.5887795178217314
2014-02-24 16:07:00,40.912,43.3645,3.3188010538119324
2014-02-24 16:12:00,47.678,43.61975,3.407725203888652
2014-02-24 16:17:00,42.88800000000001,43.663250000000005,3.3906928271116867
2014-02-24 16:22:00,42.728,43.56275,3.380750151513283
2014-02-24 16:27:00,43.432,43.73608333333333,3.255519325654618
2014-02-24 16:32:00,40.024,43.3425,3.0994201000384436
2014-02-24 16:37:00,45.926,43.49358333333333,3.134569881272434
2014-02-24 16:42:00,44.13800000000001,43.637249999999995,3.0790101635033755
2014-02-24 16:47:00,44.24800000000001,43.56775,3.043963166805757
2014-02-24 16:52:00,42.87,43.73133333333334,2.886075516000669
2014-02-24 16:57:00,41.808,43.346583333333335,2.4519514484992735
2014-02-24 17:02:00,46.37,43.53575,2.5044284473361693
2014-02-24 17:07:00,44.6,43.595333333333336,2.51234667136166
2014-02-24 17:12:00,43.356,43.547333333333334,2.505145984927359
2014-02-24 17:17:00,43.95,43.74616666666666,2.326264325081197
2014-02-24 17:22:00,39.342,43.419166666666676,2.372258429845195
2014-02-24 17:27:00,46.268,43.52583333333333,2.4423295306392316
2014-02-24 17:32:00,43.356,43.6275,2.378928677403858
2014-02-24 17:37:00,44.578,43.685833333333335,2.3845852007656796
2014-02-24 17:42:00,42.606,43.786750000000005,2.278848436305652
2014-02-24 17:47:00,41.902,43.473166666666664,1.965031334337472
2014-02-24 17:52:00,46.262,43.64116666666667,2.025551554873346
2014-02-24 17:57:00,44.882,43.666583333333335,2.0376027243600245
2014-02-24 18:02:00,44.108,43.67633333333333,2.039197597237762
2014-02-24 18:07:00,44.53,43.82708333333334,1.9580748290687011
2014-02-24 18:12:00,39.734,43.49608333333334,1.9502242884762981
2014-02-24 18:17:00,41.824,43.451750000000004,1.9765642841976543
2014-02-24 18:22:00,38.826,43.28916666666667,2.187870667560492
2014-02-24 18:27:00,38.542,43.085416666666674,2.392149732056984
2014-02-24 18:32:00,41.512,43.147416666666665,2.327770530986274
2014-02-24 18:37:00,34.766,42.68241666666666,2.8127356313533407
2014-02-24 18:42:00,43.1,42.63916666666667,2.7973188975326666
2014-02-24 18:47:00,38.826,42.413250000000005,2.8794762091621915
2014-02-24 18:52:00,37.206,42.17725,3.066452010839767
2014-02-24 18:57:00,42.982,42.226166666666664,3.0696678147243004
2014-02-24 19:02:00,35.174,41.75966666666667,3.25753012154213
2014-02-24 19:07:00,44.76600000000001,41.76658333333334,3.263992992275543
2014-02-24 19:12:00,39.766,41.617000000000004,3.27024158129039
2014-02-24 19:17:00,35.254,41.254666666666665,3.475798746696494
2014-02-24 19:22:00,42.816,41.39941666666667,3.4650031421865988
2014-02-24 19:27:00,38.916,41.09308333333333,3.338548030098722
2014-02-24 19:32:00,38.724,40.900083333333335,3.335927977492199
2014-02-24 19:37:00,40.264,40.720333333333336,3.244095943826928
2014-02-24 19:42:00,36.08,40.44841666666667,3.3509120876026106
2014-02-24 19:47:00,43.098,40.49825,3.382216012051066
2014-02-24 19:52:00,39.096,40.199666666666666,3.1602951247253848
2014-02-24 19:57:00,39.71,39.98416666666667,2.999367058834898
2014-02-24 20:02:00,41.114,39.85941666666667,2.880290473224125
2014-02-24 20:07:00,37.066,39.54841666666667,2.7542631606242254
2014-02-24 20:12:00,43.428,39.702333333333335,2.86603320267601
2014-02-24 20:17:00,39.18,39.592166666666664,2.8315416551638912
2014-02-24 20:22:00,35.938,39.471833333333336,2.9253305077735887
2014-02-24 20:27:00,42.724,39.64608333333333,2.991343538724263
2014-02-24 20:32:00,39.35,39.556,2.965148225637419
2014-02-24 20:37:00,38.192,39.69875,2.8025277914304185
2014-02-24 20:42:00,40.506,39.590666666666664,2.714281947910783
2014-02-24 20:47:00,35.774,39.463499999999996,2.8210592059506645
2014-02-24 20:52:00,43.68600000000001,39.7335,2.904466021417009
2014-02-24 20:57:00,41.502,39.67183333333333,2.8476519643639144
2014-02-24 21:02:00,35.984,39.70558333333333,2.7963646573904093
2014-02-24 21:07:00,44.642,39.70041666666667,2.786706204646486
2014-02-24 21:12:00,39.34,39.68266666666667,2.7876268645987423
2014-02-24 21:17:00,37.794,39.788500000000006,2.65735253998032
2014-02-24 21:22:00,40.688,39.69983333333334,2.5865007361243384
2014-02-24 21:27:00,34.86,39.530833333333334,2.766207632602333
2014-02-24 21:32:00,43.45,39.72775,2.872448330787555
2014-02-24 21:37:00,39.482,39.695166666666665,2.8705355910893835
2014-02-24 21:42:00,34.954,39.64825,2.9405398683561557
2014-02-24 21:47:00,50.728,39.966166666666666,3.6553129844780026
2014-02-24 21:52:00,45.892,40.24933333333333,3.8433687065507356
2014-02-24 21:57:00,68.092,41.431916666666666,6.855981951149918
2014-02-24 22:02:00,37.816,41.294500000000006,6.895568261729747
2014-02-24 22:07:00,40.446,41.43533333333334,6.83974173594979
2014-02-24 22:12:00,36.878,41.162416666666665,6.887286661521481
2014-02-24 22:17:00,37.87,41.10783333333333,6.908838168648938
2014-02-24 22:22:00,37.536,41.174416666666666,6.86440550588877
2014-02-24 22:27:00,37.564,40.95941666666667,6.894503002024747
2014-02-24 22:32:00,39.296,40.957166666666666,6.895059855128004
2014-02-24 22:37:00,36.596,40.89066666666667,6.930493593480631
2014-02-24 22:42:00,38.616,40.81191666666667,6.945775556387556
2014-02-24 22:47:00,36.478,40.84125,6.925030009352703
2014-02-24 22:52:00,37.394,40.57908333333334,6.931748985123044
2014-02-24 22:57:00,39.812,40.50866666666666,6.930549728285096
2014-02-24 23:02:00,37.96,40.591,6.886055070559873
2014-02-24 23:07:00,40.516,40.41908333333333,6.831811930492812
2014-02-24 23:12:00,38.01,40.36366666666667,6.846324324308915
2014-02-24 23:17:00,37.84,40.36558333333333,6.845580052385913
2014-02-24 23:22:00,37.886,40.24883333333333,6.863711986373321
2014-02-24 23:27:00,38.076,40.38283333333333,6.784871942443944
2014-02-24 23:32:00,38.24,40.16575,6.765791275745747
2014-02-24 23:37:00,37.3,40.07483333333334,6.789996015025246
2014-02-24 23:42:00,40.328,40.29875,6.701819631231952
2014-02-24 23:47:00,36.83,39.71966666666667,6.352834893841219
2014-02-24 23:52:00,38.458,39.40991666666667,6.21861574081281
2014-02-24 23:57:00,39.366,38.213,1.1867855012966002
2014-02-25 00:02:00,38.404,38.2375,1.184300233673508
2014-02-25 00:07:00,39.272,38.188583333333334,1.1110968304641748
2014-02-25 00:12:00,39.062,38.279583333333335,1.0882937549679828
2014-02-25 00:17:00,36.616,38.227333333333334,1.1377904852856975
2014-02-25 00:22:00,37.658,38.232416666666666,1.134836204104272
2014-02-25 00:27:00,37.77,38.241,1.1303309249953595
2014-02-25 00:32:00,38.428,38.20483333333333,1.1087881228846845
2014-02-25 00:37:00,37.934,38.26058333333334,1.0567972088251243
2014-02-25 00:42:00,37.858,38.229,1.0570401662398374
2014-02-25 00:47:00,37.672,38.278749999999995,0.9974647536547201
2014-02-25 00:52:00,37.7,38.2915,0.9875704487808501
2014-02-25 00:57:00,40.204,38.30783333333333,1.0166254351348785
2014-02-25 01:02:00,38.146,38.315583333333336,1.0145653992110237
2014-02-25 01:07:00,39.56800000000001,38.27608333333333,0.9409559393037537
2014-02-25 01:12:00,37.746,38.26508333333333,0.9457327463597189
2014-02-25 01:17:00,38.434,38.28983333333333,0.941889297781977
2014-02-25 01:22:00,37.606,38.27816666666667,0.9488174638522464
2014-02-25 01:27:00,37.832,38.268,0.9523784414050112
2014-02-25 01:32:00,37.816,38.25033333333333,0.9568425733347115
2014-02-25 01:37:00,38.408,38.2965,0.9354880149354237
2014-02-25 01:42:00,37.922,38.19625,0.8314530628081427
2014-02-25 01:47:00,38.808,38.278666666666666,0.7869811702446916
2014-02-25 01:52:00,38.116,38.26441666666667,0.7866890395374786
2014-02-25 01:57:00,40.416,38.30816666666667,0.8748694146868353
2014-02-25 02:02:00,38.31,38.30425,0.8746321089965879
2014-02-25 02:07:00,40.678,38.362833333333334,0.9826837992336205
2014-02-25 02:12:00,36.666,38.263,1.0291735815062637
2014-02-25 02:17:00,37.84,38.314,0.9727919479076222
2014-02-25 02:22:00,38.004,38.32841666666666,0.9651814840237619
2014-02-25 02:27:00,38.122,38.34308333333333,0.958981521183738
2014-02-25 02:32:00,38.192,38.33325,0.9592828503404945
2014-02-25 02:37:00,38.742,38.36691666666667,0.9588402377091483
2014-02-25 02:42:00,37.84,38.366166666666665,0.95926256398732
2014-02-25 02:47:00,37.558,38.36141666666667,0.9631238087677789
2014-02-25 02:52:00,37.794,38.36533333333333,0.9605046982514868
2014-02-25 02:57:00,40.164,38.36366666666667,0.957204565237236
2014-02-25 03:02:00,38.31,38.3705,0.9561679404977157
2014-02-25 03:07:00,40.316,38.401666666666664,1.0077000358835453
2014-02-25 03:12:00,37.768,38.40258333333333,1.0070874888239778
2014-02-25 03:17:00,40.416,38.485166666666665,1.0878051162847808
2014-02-25 03:22:00,37.91,38.49783333333333,1.0788559023205402
2014-02-25 03:27:00,38.686,38.53341666666666,1.0699873187658304
2014-02-25 03:32:00,37.046,38.501333333333335,1.1034549168969439
2014-02-25 03:37:00,38.316,38.4975,1.103952936930454
2014-02-25 03:42:00,37.904,38.49675,1.1043669542167902
2014-02-25 03:47:00,40.098,38.5505,1.1505989744480256
2014-02-25 03:52:00,36.836,38.497166666666665,1.2002109838682338
2014-02-25 03:57:00,40.798,38.513083333333334,1.2289528917520716
2014-02-25 04:02:00,37.816,38.4925,1.2366151909287044
2014-02-25 04:07:00,40.352,38.47891666666667,1.213132772283916
2014-02-25 04:12:00,38.076,38.53766666666667,1.1542310320569134
2014-02-25 04:17:00,37.936,38.541666666666664,1.151872074217952
2014-02-25 04:22:00,37.902,38.537416666666665,1.154128088614251
2014-02-25 04:27:00,37.88800000000001,38.52766666666667,1.1587691620919764
2014-02-25 04:32:00,39.06,38.56383333333333,1.1613798265210744
2014-02-25 04:37:00,36.496,38.47025,1.2345827406371415
2014-02-25 04:42:00,38.286,38.48883333333333,1.2280227892898996
2014-02-25 04:47:00,37.394,38.482,1.2338699811712885
2014-02-25 04:52:00,38.088,38.49425,1.228188813200323
2014-02-25 04:57:00,39.84,38.48075,1.2106933424967987
2014-02-25 05:02:00,38.13,38.47325,1.2123534873384592
2014-02-25 05:07:00,40.54,38.48258333333333,1.2279190568379414
2014-02-25 05:12:00,38.192,38.50025,1.2202169889002739
2014-02-25 05:17:00,37.724,38.388083333333334,1.1586328494009688
2014-02-25 05:22:00,38.004,38.392,1.1571043318488923
2014-02-25 05:27:00,38.756,38.39491666666667,1.157965529136135
2014-02-25 05:32:00,37.042,38.39475,1.158168390925945
2014-02-25 05:37:00,37.708,38.369416666666666,1.166584830463491
2014-02-25 05:42:00,39.366,38.43033333333333,1.1793268037934976
2014-02-25 05:47:00,37.784,38.33391666666667,1.1306442148530098
2014-02-25 05:52:00,39.084,38.42758333333334,1.0936676196723116
2014-02-25 05:57:00,38.944,38.35033333333333,0.9783547265768993
2014-02-25 06:02:00,38.95,38.39758333333334,0.97881027680132
2014-02-25 06:07:00,38.904,38.337250000000004,0.8940613367738884
2014-02-25 06:12:00,37.982,38.333333333333336,0.895460370626857
2014-02-25 06:17:00,37.934,38.33325,0.8954990471681866
2014-02-25 06:22:00,38.364,38.3525,0.8907788970777926
2014-02-25 06:27:00,37.254,38.32608333333334,0.9142446593239253
2014-02-25 06:32:00,38.868,38.318083333333334,0.9083645081744535
2014-02-25 06:37:00,37.16,38.34575,0.8592387556036473
2014-02-25 06:42:00,37.678,38.32041666666667,0.8699729089573492
2014-02-25 06:47:00,36.08,38.26566666666667,0.966771708436258
2014-02-25 06:52:00,37.652,38.2475,0.9743223732201783
2014-02-25 06:57:00,39.76,38.244166666666665,0.9687582220319482
2014-02-25 07:02:00,38.032,38.24008333333333,0.9694666358219313
2014-02-25 07:07:00,39.642,38.202666666666666,0.8909950796075929
2014-02-25 07:12:00,39.108,38.240833333333335,0.9099358633240026
2014-02-25 07:17:00,36.62,38.19483333333333,0.9635264788075117
2014-02-25 07:22:00,38.778,38.22708333333333,0.9697942371037893
2014-02-25 07:27:00,35.31,38.0835,1.1299548663556853
2014-02-25 07:32:00,36.81800000000001,38.07416666666666,1.13981370204223
2014-02-25 07:37:00,38.076,38.0895,1.137145816813545
2014-02-25 07:42:00,39.32,38.087583333333335,1.1349373442455808
2014-02-25 07:47:00,37.558,38.07816666666667,1.1384977006975674
2014-02-25 07:52:00,37.84,38.02633333333333,1.1188622585573647
2014-02-25 07:57:00,39.83,38.063250000000004,1.164156841742043
2014-02-25 08:02:00,39.722,38.095416666666665,1.1998423779334306
2014-02-25 08:07:00,38.146,38.06383333333333,1.1875460875881079
2014-02-25 08:12:00,37.7,38.052083333333336,1.189783974424768
2014-02-25 08:17:00,37.41,38.03025,1.196832095666844
2014-02-25 08:22:00,37.816,38.007416666666664,1.1954144966669429
2014-02-25 08:27:00,37.934,38.03575,1.184792230914636
2014-02-25 08:32:00,37.746,37.989,1.172598600656581
2014-02-25 08:37:00,37.974,38.02291666666667,1.1592742826094864
2014-02-25 08:42:00,37.672,38.022666666666666,1.15935254294864
2014-02-25 08:47:00,38.036,38.104166666666664,1.0830928205707508
2014-02-25 08:52:00,38.76,38.15033333333333,1.0865898256822801
2014-02-25 08:57:00,39.014,38.11925,1.0485452966521398
2014-02-25 09:02:00,38.076,38.12108333333333,1.0484245703487847
2014-02-25 09:07:00,39.548,38.11716666666667,1.0426554588156103
2014-02-25 09:12:00,38.218,38.08008333333333,1.021495319816342
2014-02-25 09:17:00,38.146,38.14366666666667,0.9730026438445181
2014-02-25 09:22:00,38.686,38.139833333333335,0.9705731012800748
2014-02-25 09:27:00,36.908,38.20641666666666,0.8094371590763746
2014-02-25 09:32:00,37.682,38.242416666666664,0.7628762459714827
2014-02-25 09:37:00,38.216,38.24825,0.7620832574628724
2014-02-25 09:42:00,38.708,38.22275,0.7343984968494905
2014-02-25 09:47:00,38.132,38.24666666666667,0.7210337184829021
2014-02-25 09:52:00,38.38,38.26916666666667,0.7162010688454501
2014-02-25 09:57:00,39.672,38.26258333333333,0.7018116876544657
2014-02-25 10:02:00,38.476,38.21066666666667,0.631746142375778
2014-02-25 10:07:00,39.294,38.258500000000005,0.6689995775659962
2014-02-25 10:12:00,38.826,38.305416666666666,0.6676107898076039
2014-02-25 10:17:00,37.042,38.290083333333335,0.6928204433094729
2014-02-25 10:22:00,38.968,38.33808333333334,0.6984306580175528
2014-02-25 10:27:00,36.76,38.28916666666667,0.7658232096291323
2014-02-25 10:32:00,37.816,38.29208333333334,0.7637952102424276
2014-02-25 10:37:00,38.616,38.31883333333334,0.7634129127563816
2014-02-25 10:42:00,37.37,38.30625,0.776907876023247
2014-02-25 10:47:00,38.802,38.338166666666666,0.7810461026684752
2014-02-25 10:52:00,37.206,38.27341666666667,0.8084874722310138
2014-02-25 10:57:00,40.254,38.32508333333333,0.8930693491099685
2014-02-25 11:02:00,38.076,38.32508333333333,0.8930693491099685
2014-02-25 11:07:00,40.2,38.352250000000005,0.9405421771283731
2014-02-25 11:12:00,38.092,38.347,0.9416751032075018
2014-02-25 11:17:00,38.262,38.35183333333333,0.9408959498300838
2014-02-25 11:22:00,37.536,38.30391666666667,0.9523511371372759
2014-02-25 11:27:00,38.63800000000001,38.376000000000005,0.9064670070021656
2014-02-25 11:32:00,36.826,38.340333333333334,0.9507212212739184
2014-02-25 11:37:00,38.148,38.3375,0.9512090704219737
2014-02-25 11:42:00,38.54,38.3305,0.9489795434644026
2014-02-25 11:47:00,38.65,38.35208333333333,0.9501585184303653
2014-02-25 11:52:00,38.098,38.340333333333334,0.9515409318197495
2014-02-25 11:57:00,40.704,38.38333333333333,1.0340738627506467
2014-02-25 12:02:00,38.122,38.36858333333333,1.03521868795193
2014-02-25 12:07:00,40.026,38.39908333333333,1.0737357749901077
2014-02-25 12:12:00,38.262,38.37558333333333,1.0701518753115098
2014-02-25 12:17:00,37.512,38.39516666666667,1.0487736800115228
2014-02-25 12:22:00,38.334,38.36875,1.0416783802244072
2014-02-25 12:27:00,37.676,38.40691666666667,0.9959488338820407
2014-02-25 12:32:00,38.332,38.428416666666664,0.9881770619671104
2014-02-25 12:37:00,37.816,38.39508333333333,0.9950433644330798
2014-02-25 12:42:00,37.936,38.41866666666667,0.9762210488576519
2014-02-25 12:47:00,37.964,38.38375,0.9769003887633951
2014-02-25 12:52:00,38.13800000000001,38.422583333333336,0.9460856619307759
2014-02-25 12:57:00,40.392,38.428333333333335,0.9580441428822549
2014-02-25 13:02:00,38.356,38.440000000000005,0.9552678659166871
2014-02-25 13:07:00,39.856,38.425666666666665,0.9299572064336891
2014-02-25 13:12:00,38.686,38.45041666666667,0.9285942585986061
2014-02-25 13:17:00,38.136,38.44516666666667,0.930060851991225
2014-02-25 13:22:00,37.488,38.44316666666666,0.9321501869416428
2014-02-25 13:27:00,37.696,38.40391666666667,0.9433546945401807
2014-02-25 13:32:00,37.816,38.44516666666667,0.8915814804226982
2014-02-25 13:37:00,38.286,38.450916666666664,0.8900253008947158
2014-02-25 13:42:00,38.198,38.436666666666675,0.8912739620134578
2014-02-25 13:47:00,39.868,38.48741666666667,0.9374313617390098
2014-02-25 13:52:00,37.348,38.45616666666667,0.9631260546274792
2014-02-25 13:57:00,41.362,38.483583333333335,1.036468582827886
2014-02-25 14:02:00,37.77,38.468916666666665,1.0442688274859178
2014-02-25 14:07:00,39.178,38.43358333333334,1.0028170719084275
2014-02-25 14:12:00,37.816,38.415,1.010239919847273
2014-02-25 14:17:00,38.004,38.435500000000005,0.9960110441159009
2014-02-25 14:22:00,37.562,38.40333333333333,1.0117729022848725
2014-02-25 14:27:00,38.052,38.419000000000004,1.0028930325729952
2014-02-25 14:32:00,37.63,38.38975,1.0156961737607162
2014-02-25 14:37:00,38.714,38.42716666666667,1.0101665668366142
2014-02-25 14:42:00,35.97400000000001,38.345416666666665,1.1245564890668274
2014-02-25 14:47:00,37.934,38.34416666666667,1.1250154652725044
2014-02-25 14:52:00,38.454,38.35733333333334,1.1243466379723377
2014-02-25 14:57:00,39.154,38.305749999999996,1.0530808321925258
2014-02-25 15:02:00,38.742,38.32183333333334,1.0568226237036558
2014-02-25 15:07:00,39.094,38.290083333333335,1.0195157382701754
2014-02-25 15:12:00,38.592,38.28616666666667,1.0181082058609738
2014-02-25 15:17:00,37.206,38.247416666666666,1.0415016715708794
2014-02-25 15:22:00,38.726,38.299,1.0328761026759838
2014-02-25 15:27:00,37.87,38.30625,1.0290631133731376
2014-02-25 15:32:00,37.88800000000001,38.30925,1.0276757757195927
2014-02-25 15:37:00,39.436,38.35716666666667,1.0530416262748235
2014-02-25 15:42:00,36.4,38.28225,1.1262691488507732
2014-02-25 15:47:00,38.662,38.232,1.078325916691969
2014-02-25 15:52:00,37.91,38.25541666666667,1.0643055264462662
2014-02-25 15:57:00,40.54,38.22116666666667,0.9689409578044605
2014-02-25 16:02:00,37.606,38.214333333333336,0.9728315760516825
2014-02-25 16:07:00,40.142,38.2545,1.032425468412593
2014-02-25 16:12:00,37.348,38.235,1.0454058500435257
2014-02-25 16:17:00,38.544,38.2575,1.0460288881209177
2014-02-25 16:22:00,36.714,38.22216666666667,1.084170035865015
2014-02-25 16:27:00,37.724,38.2085,1.0884671711216556
2014-02-25 16:32:00,37.9,38.21975,1.0836125270116317
2014-02-25 16:37:00,37.84,38.18333333333333,1.0809631239608535
2014-02-25 16:42:00,38.17,38.27483333333333,0.9734108416632417
2014-02-25 16:47:00,37.676,38.26408333333333,0.9787485317519882
2014-02-25 16:52:00,37.588,38.228,0.9873678667795038
2014-02-25 16:57:00,41.22,38.314083333333336,1.148521390335782
2014-02-25 17:02:00,36.824,38.23416666666667,1.1836437355701688
2014-02-25 17:07:00,40.822,38.30616666666667,1.2863233641282885
2014-02-25 17:12:00,37.24,38.249833333333335,1.3027610701114687
2014-02-25 17:17:00,37.724,38.27141666666667,1.2889331590143345
2014-02-25 17:22:00,37.746,38.230583333333335,1.2894289237008154
2014-02-25 17:27:00,39.484,38.29783333333334,1.3117017047788389
2014-02-25 17:32:00,36.744,38.250166666666665,1.3475390666814682
2014-02-25 17:37:00,37.724,38.17883333333333,1.3271961837444441
2014-02-25 17:42:00,38.004,38.245666666666665,1.2730050263460584
2014-02-25 17:47:00,38.762,38.249833333333335,1.2745896412665794
2014-02-25 17:52:00,37.958,38.25183333333333,1.2740707668106424
2014-02-25 17:57:00,39.886,38.224583333333335,1.2292073768747085
2014-02-25 18:02:00,38.474,38.26075,1.2229692750952348
2014-02-25 18:07:00,40.376,38.2705,1.2394412836649618
2014-02-25 18:12:00,37.3,38.268499999999996,1.2410322842036212
2014-02-25 18:17:00,38.146,38.251916666666666,1.2398494269265738
2014-02-25 18:22:00,37.112,38.268499999999996,1.2209019118101767
2014-02-25 18:27:00,38.266,38.29108333333333,1.215392579864332
2014-02-25 18:32:00,37.394,38.27,1.22680681304051
2014-02-25 18:37:00,38.916,38.31483333333333,1.2300660875379872
2014-02-25 18:42:00,36.76,38.25608333333333,1.2702983530643415
2014-02-25 18:47:00,39.062,38.313833333333335,1.274278915161063
2014-02-25 18:52:00,36.902,38.28525,1.2987272448526712
2014-02-25 18:57:00,39.508,38.21391666666667,1.1712899584080578
2014-02-25 19:02:00,38.756,38.29441666666666,1.1375149083275953
2014-02-25 19:07:00,38.968,38.217166666666664,1.014727192580942
2014-02-25 19:12:00,39.342,38.30475,1.017429294627438
2014-02-25 19:17:00,37.09,38.27833333333333,1.0411184064422045
2014-02-25 19:22:00,38.682,38.31733333333333,1.037836322299872
2014-02-25 19:27:00,37.214,38.22275,1.030300220071383
2014-02-25 19:32:00,37.582,38.257666666666665,0.9914750831869578
2014-02-25 19:37:00,38.246,38.27941666666667,0.984963204639455
2014-02-25 19:42:00,38.262,38.29016666666667,0.983232984317626
2014-02-25 19:47:00,38.532,38.28058333333333,0.9795481618839097
2014-02-25 19:52:00,38.192,38.29033333333333,0.9773598272309576
2014-02-25 19:57:00,39.296,38.265750000000004,0.942269473595764
2014-02-25 20:02:00,38.162,38.25275,0.9414233095833998
2014-02-25 20:07:00,39.128,38.20075,0.8489729472829355
2014-02-25 20:12:00,37.944,38.227583333333335,0.8292127181157658
2014-02-25 20:17:00,37.512,38.201166666666666,0.8419261387967997
2014-02-25 20:22:00,38.992,38.2795,0.8234386542980455
2014-02-25 20:27:00,36.582,38.20933333333333,0.893414099745504
2014-02-25 20:32:00,37.724,38.223083333333335,0.8827965404808388
2014-02-25 20:37:00,37.934,38.18216666666667,0.8719752522753126
2014-02-25 20:42:00,37.91,38.23008333333333,0.820504930259769
2014-02-25 20:47:00,37.77,38.17625,0.8058020713933141
2014-02-25 20:52:00,38.262,38.23291666666667,0.7587422038379942
2014-02-25 20:57:00,39.154,38.21816666666667,0.7359761141372664
2014-02-25 21:02:00,38.356,38.2015,0.7277501362902297
2014-02-25 21:07:00,39.456,38.22183333333333,0.7563525556291044
2014-02-25 21:12:00,38.622,38.19183333333333,0.7235585770990748
2014-02-25 21:17:00,37.474,38.20783333333333,0.7020607967403701
2014-02-25 21:22:00,38.034,38.18083333333333,0.6954617900720077
2014-02-25 21:27:00,38.462,38.23283333333333,0.6660635605312352
2014-02-25 21:32:00,36.756,38.19841666666667,0.7202885844773745
2014-02-25 21:37:00,38.05,38.19025,0.720836546026796
2014-02-25 21:42:00,37.84,38.172666666666665,0.7241495561767828
2014-02-25 21:47:00,37.91,38.146750000000004,0.7218569802951895
2014-02-25 21:52:00,38.004,38.13891666666667,0.7223644700129723
2014-02-25 21:57:00,40.234,38.178,0.8079903141913113
2014-02-25 22:02:00,38.122,38.17633333333334,0.8080660039053456
2014-02-25 22:07:00,39.484,38.19116666666667,0.829283801354694
2014-02-25 22:12:00,38.044,38.19533333333333,0.8282385009727807
2014-02-25 22:17:00,38.732,38.24616666666667,0.8218898512191959
2014-02-25 22:22:00,37.582,38.18741666666667,0.8166362564588996
2014-02-25 22:27:00,37.29,38.21691666666667,0.7674261849039593
2014-02-25 22:32:00,38.356,38.243249999999996,0.7605896596954649
2014-02-25 22:37:00,38.46,38.265166666666666,0.7588675582836382
2014-02-25 22:42:00,36.972,38.226083333333335,0.8009428094807102
2014-02-25 22:47:00,38.732,38.26616666666666,0.8011973467296774
2014-02-25 22:52:00,36.67,38.19983333333334,0.8649258157018737
2014-02-25 22:57:00,40.454,38.254,0.9624841048946173
2014-02-25 23:02:00,36.572,38.17966666666667,1.021353520821092
2014-02-25 23:07:00,40.894,38.239583333333336,1.1353062761125694
2014-02-25 23:12:00,36.644,38.15716666666667,1.1773550189219049
2014-02-25 23:17:00,38.004,38.17925,1.1689242639211042
2014-02-25 23:22:00,38.098,38.181916666666666,1.1686514679852478
2014-02-25 23:27:00,37.746,38.15208333333333,1.1703284532158849
2014-02-25 23:32:00,37.802,38.19566666666667,1.1350215729295092
2014-02-25 23:37:00,38.262,38.2045,1.1346635203216457
2014-02-25 23:42:00,38.562,38.234583333333326,1.1341504354122554
2014-02-25 23:47:00,39.21,38.28875,1.1489220373145266
2014-02-25 23:52:00,37.508,38.26808333333333,1.1586862844609749
2014-02-25 23:57:00,40.752,38.28966666666667,1.2009520378026446
2014-02-26 00:02:00,37.746,38.274,1.2056775832632394
2014-02-26 00:07:00,40.618,38.32125,1.2753652247582303
2014-02-26 00:12:00,37.75,38.309000000000005,1.279549105366555
2014-02-26 00:17:00,38.356,38.29333333333333,1.2764428380626587
2014-02-26 00:22:00,35.278,38.19733333333333,1.4117380797435428
2014-02-26 00:27:00,38.146,38.233,1.3985699528605493
2014-02-26 00:32:00,37.95,38.21608333333334,1.3994726310037
2014-02-26 00:37:00,38.31,38.20983333333333,1.3986706628757495
2014-02-26 00:42:00,38.808,38.28633333333334,1.3780823054449927
2014-02-26 00:47:00,37.912,38.25216666666667,1.3767169412165896
2014-02-26 00:52:00,36.93,38.263,1.364696112056361
2014-02-26 00:57:00,39.862,38.23833333333334,1.3282353990777387
2014-02-26 01:02:00,38.004,38.298,1.2814668225873738
2014-02-26 01:07:00,39.312,38.232083333333335,1.1786933781569435
2014-02-26 01:12:00,36.268,38.21641666666667,1.2029680655227515
2014-02-26 01:17:00,37.612,38.20008333333333,1.2086254469501205
2014-02-26 01:22:00,37.88800000000001,38.19133333333334,1.2101558170129008
2014-02-26 01:27:00,38.356,38.216750000000005,1.2067970994045845
2014-02-26 01:32:00,37.802,38.21675,1.2067970994045845
2014-02-26 01:37:00,38.056,38.20816666666666,1.207193787500828
2014-02-26 01:42:00,38.802,38.21816666666667,1.2112395256127835
2014-02-26 01:47:00,39.132,38.21491666666667,1.2085642188213983
2014-02-26 01:52:00,38.636,38.26191666666667,1.2017920646549245
2014-02-26 01:57:00,39.954,38.22866666666667,1.1393188913700878
2014-02-26 02:02:00,38.788,38.272083333333335,1.1399797830654623
2014-02-26 02:07:00,40.056,38.24866666666667,1.0945639062788501
2014-02-26 02:12:00,38.708,38.288583333333335,1.093054989534288
2014-02-26 02:17:00,35.93,38.1875,1.1940583701416079
2014-02-26 02:22:00,36.806,38.25116666666667,1.0660553728450943
2014-02-26 02:27:00,37.376,38.21908333333334,1.0808421803581971
2014-02-26 02:32:00,37.864,38.2155,1.081915089491984
2014-02-26 02:37:00,37.966,38.20116666666667,1.0828869492834512
2014-02-26 02:42:00,37.746,38.15691666666667,1.0787019541087282
2014-02-26 02:47:00,37.652,38.14608333333333,1.0825672352521425
2014-02-26 02:52:00,38.05,38.19275,1.0515619541801355
2014-02-26 02:57:00,40.0,38.1985,1.0614174689909452
2014-02-26 03:02:00,38.028,38.1995,1.0612375466575172
2014-02-26 03:07:00,39.554,38.209583333333335,1.0733481106647322
2014-02-26 03:12:00,37.864,38.27608333333334,0.9943601795463975
2014-02-26 03:17:00,39.954,38.373666666666665,1.0402164769130746
2014-02-26 03:22:00,37.794,38.369749999999996,1.0422995167462978
2014-02-26 03:27:00,36.254,38.28216666666666,1.1282737744651363
2014-02-26 03:32:00,37.254,38.25933333333334,1.1438511102060969
2014-02-26 03:37:00,37.06800000000001,38.21816666666667,1.1689897409702257
2014-02-26 03:42:00,38.968,38.22508333333333,1.1730782959405048
2014-02-26 03:47:00,37.512,38.157583333333335,1.1652063044306553
2014-02-26 03:52:00,39.33,38.186499999999995,1.1860207857996041
2014-02-26 03:57:00,38.78,38.13758333333333,1.1329760700752718
2014-02-26 04:02:00,38.896,38.14208333333333,1.1358824922643944
2014-02-26 04:07:00,38.942,38.095666666666666,1.075424068699006
2014-02-26 04:12:00,38.11,38.07075,1.0675185061021004
2014-02-26 04:17:00,37.99800000000001,38.15691666666667,0.9658290386424218
2014-02-26 04:22:00,38.92,38.245,0.9331131624373977
2014-02-26 04:27:00,36.954,38.22741666666666,0.9539438465233266
2014-02-26 04:32:00,37.964,38.23158333333333,0.9525047947694806
2014-02-26 04:37:00,37.276,38.20283333333333,0.9711013768185347
2014-02-26 04:42:00,38.686,38.242,0.9708312887959605
2014-02-26 04:47:00,37.23,38.22441666666667,0.9856896026409651
2014-02-26 04:52:00,37.504,38.20166666666667,0.996135780280232
2014-02-26 04:57:00,39.418,38.177416666666666,0.9567594725983555
2014-02-26 05:02:00,37.906,38.172333333333334,0.9579112542482104
2014-02-26 05:07:00,39.414,38.1665,0.9495211149979629
2014-02-26 05:12:00,38.462,38.19141666666666,0.9490840397423392
2014-02-26 05:17:00,37.668,38.09616666666667,0.8764308880055355
2014-02-26 05:22:00,38.458,38.12383333333333,0.8769577683886065
2014-02-26 05:27:00,37.336,38.16891666666667,0.8011917165495125
2014-02-26 05:32:00,38.504,38.221,0.779464476141215
2014-02-26 05:37:00,37.276,38.22966666666667,0.767146189043001
2014-02-26 05:42:00,39.6,38.256,0.8035746224924737
2014-02-26 05:47:00,37.254,38.24525,0.8155961943111265
2014-02-26 05:52:00,38.028,38.191,0.7829547157769778
2014-02-26 05:57:00,40.094,38.24575,0.8673287952854528
2014-02-26 06:02:00,38.122,38.2135,0.8564205082536299
2014-02-26 06:07:00,39.65,38.243,0.8939755856996137
2014-02-26 06:12:00,38.92,38.27675,0.9039701442746916
2014-02-26 06:17:00,36.808,38.22716666666667,0.9513205314845629
2014-02-26 06:22:00,37.44,38.1655,0.9524246860563758
2014-02-26 06:27:00,37.976,38.208083333333335,0.9181325999088465
2014-02-26 06:32:00,39.064,38.25391666666666,0.932757758602288
2014-02-26 06:37:00,36.808,38.23441666666667,0.958624010107459
2014-02-26 06:42:00,37.554,38.18725,0.9632762595303597
2014-02-26 06:47:00,38.83,38.25391666666666,0.9494130871995641
2014-02-26 06:52:00,36.572,38.21508333333333,0.9991765268884883
2014-02-26 06:57:00,39.912,38.23566666666667,1.0296577171534407
2014-02-26 07:02:00,38.076,38.24275,1.0278744319356168
2014-02-26 07:07:00,40.234,38.27691666666667,1.080767195970036
2014-02-26 07:12:00,37.624,38.242,1.0880399609033757
2014-02-26 07:17:00,38.616,38.2815,1.0834940661144496
2014-02-26 07:22:00,38.366,38.27766666666667,1.0830051052381473
2014-02-26 07:27:00,37.254,38.27425,1.0862295877908044
2014-02-26 07:32:00,37.536,38.233916666666666,1.0952618077597305
2014-02-26 07:37:00,38.122,38.26916666666666,1.0765456700535385
2014-02-26 07:42:00,37.794,38.19391666666667,1.0420428897405598
2014-02-26 07:47:00,38.99,38.26625,1.0341844613031452
2014-02-26 07:52:00,37.77,38.255500000000005,1.0381021563205617
2014-02-26 07:57:00,40.354,38.26633333333333,1.0592633480776095
2014-02-26 08:02:00,37.88800000000001,38.25658333333333,1.0617236976472766
2014-02-26 08:07:00,39.97,38.26991666666667,1.0818027593539425
2014-02-26 08:12:00,37.676,38.21808333333333,1.0790995407474986
2014-02-26 08:17:00,38.45,38.2865,1.0370441691155332
2014-02-26 08:22:00,37.09,38.27191666666667,1.0518211914776463
2014-02-26 08:27:00,38.686,38.3015,1.053120291242629
2014-02-26 08:32:00,37.276,38.227000000000004,1.060054797599598
2014-02-26 08:37:00,39.794,38.35141666666667,1.0614979537417706
2014-02-26 08:42:00,37.112,38.333,1.0796141017495646
2014-02-26 08:47:00,38.072,38.30141666666667,1.075522195379758
2014-02-26 08:52:00,38.238,38.37083333333334,1.0108690908527382
2014-02-26 08:57:00,40.774,38.40675,1.080896377208161
2014-02-26 09:02:00,37.494,38.3825,1.095075022246735
2014-02-26 09:07:00,40.518,38.39433333333333,1.1172618184719962
2014-02-26 09:12:00,38.004,38.41016666666667,1.108528820071176
2014-02-26 09:17:00,38.474,38.404250000000005,1.1077611283088797
2014-02-26 09:22:00,37.324,38.36083333333333,1.1295311711801181
2014-02-26 09:27:00,38.99,38.43316666666667,1.1110029807292425
2014-02-26 09:32:00,36.808,38.402833333333334,1.1459515000996197
2014-02-26 09:37:00,38.098,38.401833333333336,1.1462176615011175
2014-02-26 09:42:00,38.478,38.43033333333334,1.1389275911891286
2014-02-26 09:47:00,39.456,38.44975,1.1527718296806193
2014-02-26 09:52:00,38.316,38.4725,1.1441289453025452
2014-02-26 09:57:00,39.766,38.448,1.1078064498980125
2014-02-26 10:02:00,38.028,38.453833333333336,1.1050947496925125
2014-02-26 10:07:00,39.776,38.44575,1.0941780019726481
2014-02-26 10:12:00,37.84,38.45258333333334,1.0896645641295748
2014-02-26 10:17:00,38.14,38.43966666666667,1.0915322563568715
2014-02-26 10:22:00,38.146,38.483666666666664,1.0554487472027567
2014-02-26 10:27:00,37.794,38.4465,1.0636873110331957
2014-02-26 10:32:00,38.732,38.50716666666667,1.0351646651904345
2014-02-26 10:37:00,37.934,38.42966666666667,1.0037851262650805
2014-02-26 10:42:00,37.788,38.45783333333333,0.9742532331584526
2014-02-26 10:47:00,37.916,38.45133333333333,0.9774544876172889
2014-02-26 10:52:00,36.81,38.39183333333333,1.0328957886184784
2014-02-26 10:57:00,39.954,38.35766666666667,0.9617855978505535
2014-02-26 11:02:00,37.958,38.377,0.9482379081410132
2014-02-26 11:07:00,39.61,38.339166666666664,0.8743351097027012
2014-02-26 11:12:00,38.098,38.34308333333333,0.8729779078173142
2014-02-26 11:17:00,38.016,38.324,0.8749952546460114
2014-02-26 11:22:00,37.676,38.33866666666667,0.8603317189709618
2014-02-26 11:27:00,37.816,38.28975,0.8550474815196173
2014-02-26 11:32:00,37.746,38.328833333333336,0.8043053533640933
2014-02-26 11:37:00,39.084,38.36991666666667,0.8170825043050676
2014-02-26 11:42:00,37.004,38.3085,0.8627273739368629
2014-02-26 11:47:00,38.662,38.275416666666665,0.8314681575997461
2014-02-26 11:52:00,38.052,38.26441666666667,0.8326533762187024
2014-02-26 11:57:00,39.918,38.27075,0.8450569957629037
2014-02-26 12:02:00,38.356,38.284416666666665,0.8436114867523895
2014-02-26 12:07:00,39.742,38.283,0.8410223592131889
2014-02-26 12:12:00,37.926,38.28658333333333,0.8392341185854918
2014-02-26 12:17:00,36.314,38.2105,0.9308689255328104
2014-02-26 12:22:00,38.076,38.20758333333333,0.9311894178334116
2014-02-26 12:27:00,38.146,38.22225,0.9271554088580739
2014-02-26 12:32:00,37.864,38.186083333333336,0.9233280973539092
2014-02-26 12:37:00,37.77,38.17925,0.9258781612966627
2014-02-26 12:42:00,38.616,38.21375,0.9260919876373442
2014-02-26 12:47:00,37.142,38.1815,0.950077754255569
2014-02-26 12:52:00,38.31,38.244,0.9041606244376474
2014-02-26 12:57:00,40.304,38.258583333333334,0.9352294262431077
2014-02-26 13:02:00,38.216,38.269333333333336,0.9331045268199493
2014-02-26 13:07:00,40.046,38.2875,0.9640713035153236
2014-02-26 13:12:00,38.192,38.29141666666667,0.9634587113139111
2014-02-26 13:17:00,38.968,38.33108333333333,0.9711928978984552
2014-02-26 13:22:00,37.724,38.333083333333335,0.9698336888656912
2014-02-26 13:27:00,37.79,38.332,0.9704507245071826
2014-02-26 13:32:00,37.77,38.333,0.9698327959884511
2014-02-26 13:37:00,38.192,38.295833333333334,0.9568055395850172
2014-02-26 13:42:00,39.418,38.39641666666667,0.9418664133413867
2014-02-26 13:47:00,37.572,38.351,0.9546956719750108
2014-02-26 13:52:00,38.216,38.35783333333334,0.9530480012856034
2014-02-26 13:57:00,40.33,38.375,0.985529211179362
2014-02-26 14:02:00,38.792,38.393166666666666,0.9891754874279861
2014-02-26 14:07:00,40.162,38.410666666666664,1.0173887575842517
2014-02-26 14:12:00,38.49800000000001,38.43450000000001,1.0122280633210918
2014-02-26 14:17:00,38.076,38.50791666666667,0.9105318998149164
2014-02-26 14:22:00,37.982,38.504000000000005,0.9126702342700732
2014-02-26 14:27:00,37.874,38.49266666666667,0.9189761158213673
2014-02-26 14:32:00,37.88800000000001,38.49366666666666,0.9182750685116775
2014-02-26 14:37:00,38.072,38.50625,0.9099588738919815
2014-02-26 14:42:00,37.278,38.4505,0.9433183334705855
2014-02-26 14:47:00,38.262,38.49716666666667,0.9025960465176305
2014-02-26 14:52:00,36.938,38.440000000000005,0.9567873781344397
2014-02-26 14:57:00,39.906,38.42341666666667,0.9260300453702298
2014-02-26 15:02:00,37.37,38.38816666666667,0.9500588387580555
2014-02-26 15:07:00,41.142,38.43383333333333,1.0538791147027493
2014-02-26 15:12:00,36.832,38.37716666666667,1.102872284248351
2014-02-26 15:17:00,38.24,38.346833333333336,1.095904933463329
2014-02-26 15:22:00,36.864,38.311,1.1306641372685382
2014-02-26 15:27:00,37.88800000000001,38.315083333333334,1.1288763138116227
2014-02-26 15:32:00,37.09,38.286750000000005,1.1514596879805818
2014-02-26 15:37:00,38.076,38.28191666666667,1.1521179708872875
2014-02-26 15:42:00,38.63800000000001,38.24941666666667,1.1294555023926005
2014-02-26 15:47:00,39.108,38.31341666666667,1.1329141306988328
2014-02-26 15:52:00,38.78,38.33691666666667,1.136648923530559
2014-02-26 15:57:00,39.084,38.285000000000004,1.0680415233749279
2014-02-26 16:02:00,37.934,38.24925,1.0646875536782543
2014-02-26 16:07:00,39.548,38.22366666666667,1.0233003157591367
2014-02-26 16:12:00,37.464,38.18058333333334,1.0329692918823297
2014-02-26 16:17:00,37.786,38.1685,1.0359377604272992
2014-02-26 16:22:00,37.536,38.14991666666666,1.0434022075247564
2014-02-26 16:27:00,37.578,38.13758333333333,1.0485421729270912
2014-02-26 16:32:00,37.562,38.124,1.054013282649166
2014-02-26 16:37:00,37.676,38.1075,1.057954918083244
2014-02-26 16:42:00,37.806,38.1295,1.0453706228564608
2014-02-26 16:47:00,37.536,38.09925,1.051853818989412
2014-02-26 16:52:00,37.216,38.11083333333333,1.039973397096069
2014-02-26 16:57:00,39.178,38.0805,0.9949801396318132
2014-02-26 17:02:00,38.076,38.10991666666667,0.9834302838479588
2014-02-26 17:07:00,39.778,38.05308333333333,0.8276619724142117
2014-02-26 17:12:00,38.178,38.10916666666667,0.7858706424517572
2014-02-26 17:17:00,37.88800000000001,38.094500000000004,0.7866070783135918
2014-02-26 17:22:00,37.864,38.13616666666667,0.7439202661036397
2014-02-26 17:27:00,37.82,38.13333333333333,0.74503520002496
2014-02-26 17:32:00,38.99,38.2125,0.7301488234248501
2014-02-26 17:37:00,37.112,38.172333333333334,0.7637278519766885
2014-02-26 17:42:00,37.488,38.12441666666667,0.7692969074973124
2014-02-26 17:47:00,39.308,38.13275,0.7814027102928708
2014-02-26 17:52:00,37.442,38.077000000000005,0.7809465828200184
2014-02-26 17:57:00,40.68,38.143499999999996,0.9250760250783623
2014-02-26 18:02:00,37.252,38.11508333333334,0.9421093777853056
2014-02-26 18:07:00,40.028,38.135083333333334,0.9782529199359377
2014-02-26 18:12:00,37.934,38.15466666666667,0.9688942449885244
2014-02-26 18:17:00,37.686,38.1505,0.9707618254443254
2014-02-26 18:22:00,39.794,38.24458333333334,1.016938026271132
2014-02-26 18:27:00,35.596,38.162,1.1457431231950268
2014-02-26 18:32:00,37.722,38.16866666666667,1.1425612215231198
2014-02-26 18:37:00,38.31,38.195083333333336,1.1379953356929182
2014-02-26 18:42:00,38.666,38.230916666666666,1.1387507998060138
2014-02-26 18:47:00,36.572,38.19075,1.1805618135671847
2014-02-26 18:52:00,37.88800000000001,38.21875,1.1642950190158905
2014-02-26 18:57:00,40.61,38.278416666666665,1.2491889513731484
2014-02-26 19:02:00,37.706,38.263,1.2540692720624715
2014-02-26 19:07:00,40.376,38.28791666666667,1.2908795086288893
2014-02-26 19:12:00,37.698,38.26791666666667,1.2963632715735665
2014-02-26 19:17:00,38.146,38.278666666666666,1.2941436875628738
2014-02-26 19:22:00,37.746,38.27375,1.2960103746904228
2014-02-26 19:27:00,38.662,38.30883333333333,1.2945889952674274
2014-02-26 19:32:00,36.76,38.215916666666665,1.3232829372000998
2014-02-26 19:37:00,36.972,38.21008333333334,1.3286584903799907
2014-02-26 19:42:00,38.522,38.253166666666665,1.3209681451801074
2014-02-26 19:47:00,39.456,38.25933333333333,1.3264406332829417
2014-02-26 19:52:00,38.286,38.2945,1.314967779403901
2014-02-26 19:57:00,39.882,38.26125,1.261007852611826
2014-02-26 20:02:00,38.098,38.2965,1.243268518340472
2014-02-26 20:07:00,39.788,38.286500000000004,1.2296263483361927
2014-02-26 20:12:00,37.954,38.28733333333333,1.22938382115229
2014-02-26 20:17:00,38.002,38.30050000000001,1.2243453974164205
2014-02-26 20:22:00,37.864,38.220083333333335,1.1847267862135475
2014-02-26 20:27:00,37.652,38.30575,1.0538347882236683
2014-02-26 20:32:00,39.014,38.35958333333333,1.0557165263738302
2014-02-26 20:37:00,36.598,38.28825,1.115366083400809
2014-02-26 20:42:00,39.018,38.30291666666667,1.1228386355350153
2014-02-26 20:47:00,36.456,38.29808333333333,1.1308346250784074
2014-02-26 20:52:00,37.88800000000001,38.29808333333334,1.1308346250784074
2014-02-26 20:57:00,39.68,38.25933333333334,1.0620078877409769
2014-02-26 21:02:00,37.91,38.267833333333336,1.0581961545243577
2014-02-26 21:07:00,40.328,38.26583333333334,1.0540758023511938
2014-02-26 21:12:00,38.052,38.28058333333333,1.0482451553896939
2014-02-26 21:17:00,37.934,38.271750000000004,1.0503197546258878
2014-02-26 21:22:00,37.558,38.26391666666667,1.0551014753042807
2014-02-26 21:27:00,37.864,38.230666666666664,1.054584800502142
2014-02-26 21:32:00,37.512,38.262,1.0195797940929405
2014-02-26 21:37:00,37.77,38.29525,0.9882113508323532
2014-02-26 21:42:00,38.144,38.2795,0.9874522773283083
2014-02-26 21:47:00,38.262,38.229749999999996,0.9551503068609247
2014-02-26 21:52:00,38.012,38.218333333333334,0.9560858005283218
2014-02-26 21:57:00,39.812,38.21541666666667,0.9508825153360864
2014-02-26 22:02:00,38.286,38.22325,0.9506475253174396
2014-02-26 22:07:00,39.94,38.22958333333333,0.9619642909704686
2014-02-26 22:12:00,37.794,38.22291666666667,0.9645082512179636
2014-02-26 22:17:00,37.578,38.20525,0.9725800402966729
2014-02-26 22:22:00,37.91,38.207166666666666,0.9719234030777036
2014-02-26 22:27:00,38.2,38.23,0.9647242453499781
2014-02-26 22:32:00,37.16,38.15275,0.973406356453194
2014-02-26 22:37:00,37.982,38.21041666666667,0.9166350521562268
2014-02-26 22:42:00,37.434,38.144416666666665,0.9129775423056683
2014-02-26 22:47:00,37.746,38.198166666666665,0.844671053373245
2014-02-26 22:52:00,37.77,38.19325,0.8468954686284959
2014-02-26 22:57:00,40.094,38.2105,0.88198437332159
2014-02-26 23:02:00,37.884,38.20941666666667,0.8823853992187837
2014-02-26 23:07:00,40.256,38.20641666666666,0.8749604670163382
2014-02-26 23:12:00,37.91,38.2005,0.8765287762834963
2014-02-26 23:17:00,38.334,38.217166666666664,0.8750427401574835
2014-02-26 23:22:00,37.42,38.211416666666665,0.8800018733515956
2014-02-26 23:27:00,37.934,38.214333333333336,0.8789156692334348
2014-02-26 23:32:00,37.746,38.22408333333333,0.8720569345531954
2014-02-26 23:37:00,38.508,38.25483333333333,0.8683527467305477
2014-02-26 23:42:00,37.582,38.23141666666667,0.8789840932762948
2014-02-26 23:47:00,38.944,38.25983333333333,0.8909584319916921
2014-02-26 23:52:00,37.438,38.23591666666667,0.9054861733598107
2014-02-26 23:57:00,40.902,38.28133333333333,1.0093535885246196
2014-02-27 00:02:00,37.3,38.24025,1.029029988577675
2014-02-27 00:07:00,40.634,38.26916666666667,1.0869899270233085
2014-02-27 00:12:00,36.924,38.23291666666667,1.1176009989054638
2014-02-27 00:17:00,36.496,38.18783333333334,1.165946514795251
2014-02-27 00:22:00,38.014,38.192166666666665,1.1650619564296627
2014-02-27 00:27:00,37.816,38.17616666666667,1.167583743078981
2014-02-27 00:32:00,37.724,38.199666666666666,1.151811377472993
2014-02-27 00:37:00,37.742,38.18966666666667,1.154821223381302
2014-02-27 00:42:00,38.004,38.21341666666667,1.1444189684565649
2014-02-27 00:47:00,37.354,38.19708333333333,1.154136150384373
2014-02-27 00:52:00,38.104,38.211000000000006,1.1507712347740877
2014-02-27 00:57:00,39.858,38.201166666666666,1.1348800230277813
2014-02-27 01:02:00,37.718,38.19425,1.1374001341736613
2014-02-27 01:07:00,39.74800000000001,38.17308333333333,1.1015244739303536
2014-02-27 01:12:00,37.84,38.17016666666667,1.1023437350236103
2014-02-27 01:17:00,38.146,38.16233333333333,1.1017967407702254
2014-02-27 01:22:00,37.958,38.18475,1.0914613757634684
2014-02-27 01:27:00,38.004,38.187666666666665,1.0908555344784767
2014-02-27 01:32:00,38.164,38.205083333333334,1.0868267297874956
2014-02-27 01:37:00,38.57,38.20766666666667,1.0876514254067235
2014-02-27 01:42:00,38.708,38.254583333333336,1.0837679005763676
2014-02-27 01:47:00,39.084,38.260416666666664,1.0880084685043117
2014-02-27 01:52:00,37.084,38.245666666666665,1.101952838361008
2014-02-27 01:57:00,40.046,38.21,1.0232825271818402
2014-02-27 02:02:00,38.14,38.245,1.0050062513329248
2014-02-27 02:07:00,39.978,38.217666666666666,0.9442941079556253
2014-02-27 02:12:00,38.122,38.267583333333334,0.9037285046659707
2014-02-27 02:17:00,38.012,38.33075,0.8239811759146727
2014-02-27 02:22:00,37.816,38.3225,0.8282705397135526
2014-02-27 02:27:00,37.84,38.3235,0.8276466900067435
2014-02-27 02:32:00,38.198,38.343250000000005,0.818321891062533
2014-02-27 02:37:00,37.816,38.346333333333334,0.8160943395314956
2014-02-27 02:42:00,37.594,38.32925,0.8277795994213969
2014-02-27 02:47:00,37.594,38.33925,0.8168635269982288
2014-02-27 02:52:00,38.276,38.34641666666666,0.8154631608279564
2014-02-27 02:57:00,39.842,38.34575,0.8141791945698567
2014-02-27 03:02:00,37.844,38.351000000000006,0.8103525802690339
2014-02-27 03:07:00,39.698,38.34891666666667,0.8066607452776344
2014-02-27 03:12:00,38.252,38.366083333333336,0.7997135311378134
2014-02-27 03:17:00,37.536,38.34066666666667,0.8165291691414496
2014-02-27 03:22:00,38.49800000000001,38.36316666666667,0.8129582943833279
2014-02-27 03:27:00,37.348,38.33583333333333,0.8362535327371409
2014-02-27 03:32:00,38.024,38.330000000000005,0.8379907647104393
2014-02-27 03:37:00,40.234,38.39933333333334,0.9232151130307523
2014-02-27 03:42:00,39.154,38.41791666666667,0.9341226954451831
2014-02-27 03:47:00,38.052,38.37491666666667,0.9258441937039646
2014-02-27 03:52:00,38.988,38.45425,0.8913513556007406
2014-02-27 03:57:00,39.922,38.449083333333334,0.8820344031876766
2014-02-27 04:02:00,38.002,38.443333333333335,0.8845830590773492
2014-02-27 04:07:00,39.578,38.42666666666667,0.8577727816434736
2014-02-27 04:12:00,38.098,38.425666666666665,0.8581573113452678
2014-02-27 04:17:00,37.68,38.411833333333334,0.8677378719945334
2014-02-27 04:22:00,38.286,38.43141666666667,0.8589655009864505
2014-02-27 04:27:00,37.278,38.408,0.8831105105896385
2014-02-27 04:32:00,37.816,38.39208333333334,0.8904717809984061
2014-02-27 04:37:00,37.582,38.382333333333335,0.8983003596975431
2014-02-27 04:42:00,37.652,38.384750000000004,0.8961627981959619
2014-02-27 04:47:00,38.592,38.42633333333333,0.8808998692876457
2014-02-27 04:52:00,36.876,38.368,0.9359234454019345
2014-02-27 04:57:00,39.296,38.34525,0.9046497881121132
2014-02-27 05:02:00,38.426,38.3695,0.8984081090660502
2014-02-27 05:07:00,39.108,38.34491666666667,0.8680342568213246
2014-02-27 05:12:00,38.052,38.33658333333333,0.8699230309119322
2014-02-27 05:17:00,37.512,38.33558333333333,0.870896585318658
2014-02-27 05:22:00,38.098,38.31891666666667,0.8714804952631174
2014-02-27 05:27:00,37.484,38.32458333333333,0.8653131082811457
2014-02-27 05:32:00,38.336,38.337583333333335,0.8629413762483736
2014-02-27 05:37:00,37.37,38.21825,0.7836761337501403
2014-02-27 05:42:00,39.04,38.2135,0.7780833195582498
2014-02-27 05:47:00,37.686,38.198249999999994,0.7849427146093311
2014-02-27 05:52:00,37.864,38.15141666666667,0.7691464448491385
2014-02-27 05:57:00,40.048,38.156666666666666,0.7820787609996055
2014-02-27 06:02:00,38.052,38.158750000000005,0.7817153518418507
2014-02-27 06:07:00,39.694,38.16358333333333,0.7911734771940807
2014-02-27 06:12:00,38.192,38.1675,0.7910673582055264
2014-02-27 06:17:00,37.934,38.17808333333333,0.7859442350323517
2014-02-27 06:22:00,37.794,38.15758333333333,0.7894158498908239
2014-02-27 06:27:00,39.076,38.232499999999995,0.7876272015976362
2014-02-27 06:32:00,36.408,38.17383333333333,0.8683048786686154
2014-02-27 06:37:00,38.592,38.215916666666665,0.8628320364875651
2014-02-27 06:42:00,37.016,38.189416666666666,0.8902360173951307
2014-02-27 06:47:00,37.958,38.163000000000004,0.8871717641648177
2014-02-27 06:52:00,37.982,38.20908333333333,0.8451426386776488
2014-02-27 06:57:00,40.372,38.25391666666667,0.9296259143228409
2014-02-27 07:02:00,38.052,38.23833333333333,0.9297505353436935
2014-02-27 07:07:00,38.45,38.21091666666667,0.9125328304601106
2014-02-27 07:12:00,38.286,38.220666666666666,0.9120109966288167
2014-02-27 07:17:00,39.132,38.28816666666667,0.917215619554359
2014-02-27 07:22:00,36.996,38.24225,0.9539955906383378
2014-02-27 07:27:00,37.536,38.244416666666666,0.9522560815917142
2014-02-27 07:32:00,39.024,38.27308333333334,0.9653980443624466
2014-02-27 07:37:00,36.76,38.24766666666667,0.997697465109001
2014-02-27 07:42:00,38.086,38.20791666666667,0.9836628052811731
2014-02-27 07:47:00,38.188,38.228833333333334,0.9773995519023128
2014-02-27 07:52:00,38.436,38.25266666666666,0.975087718090984
2014-02-27 07:57:00,39.954,38.24875,0.9677237860504536
2014-02-27 08:02:00,38.24,38.25658333333333,0.9668224024979362
2014-02-27 08:07:00,41.93600000000001,38.35,1.19349046006314
2014-02-27 08:12:00,35.61,38.242416666666664,1.318208663190701
2014-02-27 08:17:00,37.746,38.23458333333334,1.3206773596933765
2014-02-27 08:22:00,38.216,38.25216666666666,1.3173615154238068
2014-02-27 08:27:00,38.85,38.24275,1.3120134957554166
2014-02-27 08:32:00,36.858,38.261500000000005,1.2876421660643749
2014-02-27 08:37:00,38.356,38.25166666666667,1.285908464748177
2014-02-27 08:42:00,37.19,38.258916666666664,1.279111373492539
2014-02-27 08:47:00,38.076,38.26383333333333,1.278130824993267
2014-02-27 08:52:00,37.418,38.24033333333333,1.2886793599474207
2014-02-27 08:57:00,38.826,38.175916666666666,1.2139656150376057
2014-02-27 09:02:00,36.958,38.13033333333333,1.2391000474284217
2014-02-27 09:07:00,40.492,38.21541666666666,1.3288607057788984
2014-02-27 09:12:00,37.24800000000001,38.17216666666667,1.3432770981148003
2014-02-27 09:17:00,38.44,38.14333333333334,1.329130957223613
2014-02-27 09:22:00,37.394,38.15991666666667,1.3166174683528602
2014-02-27 09:27:00,38.286,38.19116666666667,1.310049174871152
2014-02-27 09:32:00,37.414,38.12408333333333,1.3067656027691408
2014-02-27 09:37:00,38.948,38.21525,1.2835798869130925
2014-02-27 09:42:00,37.15,38.17625,1.301768471032691
2014-02-27 09:47:00,38.696,38.19741666666666,1.3060906792101818
2014-02-27 09:52:00,38.004,38.17941666666667,1.305636407096979
2014-02-27 09:57:00,39.86,38.1755,1.3002112537386772
2014-02-27 10:02:00,37.036,38.12533333333333,1.3206805448139831
2014-02-27 10:07:00,39.86,38.038833333333336,1.1116937202022532
2014-02-27 10:12:00,37.794,38.12983333333333,0.9865798483155483
2014-02-27 10:17:00,38.45,38.159166666666664,0.9851361268406892
2014-02-27 10:22:00,38.166,38.15708333333334,0.9850635784679415
2014-02-27 10:27:00,38.38,38.1375,0.9753128817934196
2014-02-27 10:32:00,37.982,38.184333333333335,0.9374532877256022
2014-02-27 10:37:00,38.616,38.195166666666665,0.9410188588729218
2014-02-27 10:42:00,37.442,38.205666666666666,0.9306644034693328
2014-02-27 10:47:00,37.652,38.188,0.9372340434356758
2014-02-27 10:52:00,36.678,38.15716666666667,0.9750754560178475
2014-02-27 10:57:00,39.6,38.189416666666666,1.010321253974575
2014-02-27 11:02:00,39.154,38.28091666666666,0.9932451825981772
2014-02-27 11:07:00,38.494,38.19766666666667,0.8767655314291968
2014-02-27 11:12:00,38.684,38.2575,0.8579358950416208
2014-02-27 11:17:00,36.784,38.1885,0.9077653881928273
2014-02-27 11:22:00,38.49800000000001,38.2345,0.8936162487336888
2014-02-27 11:27:00,35.376,38.11325,1.0669375618425134
2014-02-27 11:32:00,38.462,38.15691666666667,1.0584873504276613
2014-02-27 11:37:00,37.504,38.09675,1.0525889924169858
2014-02-27 11:42:00,38.848,38.167500000000004,1.0432101376545497
2014-02-27 11:47:00,38.752,38.16983333333334,1.04450544430811
2014-02-27 11:52:00,38.06800000000001,38.1725,1.0441452922391712
2014-02-27 11:57:00,40.556,38.2015,1.1011602181734637
2014-02-27 12:02:00,37.77,38.232083333333335,1.0773173573310082
2014-02-27 12:07:00,40.916,38.27608333333334,1.1647153754449915
2014-02-27 12:12:00,37.324,38.2565,1.1770593055137535
2014-02-27 12:17:00,38.44,38.256083333333336,1.1769895982945733
2014-02-27 12:22:00,37.37,38.22291666666666,1.1907730743066136
2014-02-27 12:27:00,37.7,38.194583333333334,1.194955553718711
2014-02-27 12:32:00,37.864,38.18966666666667,1.1961104597339374
2014-02-27 12:37:00,37.91,38.16025,1.1938489180509024
2014-02-27 12:42:00,38.226,38.19291666666667,1.184027023658876
2014-02-27 12:47:00,36.91,38.162,1.208205712401302
2014-02-27 12:52:00,38.642,38.243833333333335,1.169204994362173
2014-02-27 12:57:00,39.038,38.22041666666667,1.1462657676759775
2014-02-27 13:02:00,38.944,38.211666666666666,1.1396116297526706
2014-02-27 13:07:00,38.826,38.225500000000004,1.1451891432920211
2014-02-27 13:12:00,38.122,38.202083333333334,1.141144883408066
2014-02-27 13:17:00,37.88800000000001,38.248083333333334,1.1031136137898057
2014-02-27 13:22:00,37.958,38.22558333333333,1.1033016031607592
2014-02-27 13:27:00,37.206,38.301833333333335,0.9504506787595484
2014-02-27 13:32:00,38.428,38.30041666666666,0.9502268798498961
2014-02-27 13:37:00,36.858,38.273500000000006,0.9823732134151705
2014-02-27 13:42:00,38.052,38.24033333333333,0.975547234016872
2014-02-27 13:47:00,38.31,38.221916666666665,0.9696219754951867
2014-02-27 13:52:00,37.816,38.21141666666667,0.9727206988503353
2014-02-27 13:57:00,39.836,38.18141666666667,0.9060873322280039
2014-02-27 14:02:00,38.64,38.217666666666666,0.9063151705707388
2014-02-27 14:07:00,38.86,38.132,0.7177205463197867
2014-02-27 14:12:00,37.816,38.152499999999996,0.7004573040403563
2014-02-27 14:17:00,37.794,38.12558333333333,0.7013405745072455
2014-02-27 14:22:00,37.7,38.13933333333333,0.6890095390692444
2014-02-27 14:27:00,37.49,38.130583333333334,0.6961280439862091
2014-02-27 14:32:00,38.644,38.16308333333333,0.7013294156644485
2014-02-27 14:37:00,37.3,38.13766666666667,0.7216588780253179
2014-02-27 14:42:00,38.56,38.151583333333335,0.7266396700881416
2014-02-27 14:47:00,36.924,38.152166666666666,0.7256044956164801
2014-02-27 14:52:00,38.122,38.1305,0.7180665465110241
2014-02-27 14:57:00,39.342,38.143166666666666,0.7371972579319089
2014-02-27 15:02:00,40.0,38.18716666666667,0.8145312691399078
2014-02-27 15:07:00,37.84,38.14608333333333,0.8057272122626775
2014-02-27 15:12:00,37.756,38.130833333333335,0.8096569142800282
2014-02-27 15:17:00,37.8,38.12716666666667,0.8110025822441473
2014-02-27 15:22:00,37.724,38.117416666666664,0.8145237027365868
2014-02-27 15:27:00,38.004,38.150666666666666,0.7916678413421684
2014-02-27 15:32:00,39.31800000000001,38.18775,0.8253516378416114
2014-02-27 15:37:00,36.972,38.1925,0.8176582149789803
2014-02-27 15:42:00,38.216,38.199333333333335,0.8171180887823773
2014-02-27 15:47:00,38.474,38.20616666666667,0.8187678795486435
2014-02-27 15:52:00,38.188,38.221666666666664,0.814570928220692
2014-02-27 15:57:00,39.946,38.22625,0.82430055989569
2014-02-27 16:02:00,38.356,38.214416666666665,0.8201306320483701
2014-02-27 16:07:00,39.788,38.25308333333333,0.8721196525744981
2014-02-27 16:12:00,38.004,38.26091666666667,0.8688613196330521
2014-02-27 16:17:00,38.184,38.277166666666666,0.86337878566542
2014-02-27 16:22:00,38.24,38.29966666666667,0.8546760722090319
2014-02-27 16:27:00,37.666,38.307,0.8481570814321302
2014-02-27 16:32:00,38.78,38.312666666666665,0.8509562225840313
2014-02-27 16:37:00,37.418,38.31758333333334,0.845172064636213
2014-02-27 16:42:00,38.944,38.33358333333333,0.8535539980206813
2014-02-27 16:47:00,37.292,38.34891666666667,0.8301147074574013
2014-02-27 16:52:00,37.412,38.31933333333334,0.8509431425688304
2014-02-27 16:57:00,40.152,38.35308333333333,0.9074541510361498
2014-02-27 17:02:00,38.076,38.27291666666667,0.8379602520757384
2014-02-27 17:07:00,39.672,38.349250000000005,0.8792352037305586
2014-02-27 17:12:00,38.262,38.37033333333333,0.8704135282414799
2014-02-27 17:17:00,37.308,38.34983333333333,0.8900034033484764
2014-02-27 17:22:00,39.23,38.41258333333334,0.8970231889143806
2014-02-27 17:27:00,36.534,38.351333333333336,0.9730959408741687
2014-02-27 17:32:00,38.958,38.33633333333333,0.9602368669138708
2014-02-27 17:37:00,37.536,38.359833333333334,0.9318783120164624
2014-02-27 17:42:00,37.838,38.34408333333333,0.9375918235229483
2014-02-27 17:47:00,38.85,38.35975,0.9429829289805199
2014-02-27 17:52:00,37.84,38.34525,0.9483987076628204
2014-02-27 17:57:00,40.234,38.35725,0.9710841655194435
2014-02-27 18:02:00,38.288,38.354416666666665,0.9711871675910926
2014-02-27 18:07:00,40.164,38.37008333333333,0.9979815244729032
2014-02-27 18:12:00,38.662,38.3975,0.996524438497416
2014-02-27 18:17:00,37.784,38.380833333333335,1.0035704809059405
2014-02-27 18:22:00,37.694,38.35808333333333,1.013045769886491
2014-02-27 18:27:00,38.128,38.37733333333333,1.0036690371993833
2014-02-27 18:32:00,38.078,38.348083333333335,1.0016510681468358
2014-02-27 18:37:00,38.356,38.387166666666666,0.98188725407299
2014-02-27 18:42:00,37.472,38.325833333333335,0.9915193289648987
2014-02-27 18:47:00,38.192,38.36333333333334,0.9674460626096036
2014-02-27 18:52:00,37.724,38.37633333333333,0.9561369133666486
2014-02-27 18:57:00,39.954,38.36808333333334,0.9408820060327524
2014-02-27 19:02:00,38.404,38.381750000000004,0.9388348583777663
2014-02-27 19:07:00,40.118,38.40033333333333,0.9694010103365022
2014-02-27 19:12:00,37.956,38.38758333333333,0.973304006159766
2014-02-27 19:17:00,38.64,38.443083333333334,0.9466798695246275
2014-02-27 19:22:00,37.214,38.35908333333334,0.9631183013107457
2014-02-27 19:27:00,37.77,38.410583333333335,0.8916804807278194
2014-02-27 19:32:00,37.49800000000001,38.34975000000001,0.9024481317148579
2014-02-27 19:37:00,38.098,38.37316666666667,0.8875839049952686
2014-02-27 19:42:00,39.062,38.42416666666667,0.8906564099474942
2014-02-27 19:47:00,37.554,38.37016666666667,0.9029193072269369
2014-02-27 19:52:00,39.484,38.43866666666667,0.9230853117423495
2014-02-27 19:57:00,38.85,38.38100000000001,0.8460689662509941
2014-02-27 20:02:00,38.146,38.375083333333336,0.8472433004431371
2014-02-27 20:07:00,39.672,38.35458333333333,0.8070766310621628
2014-02-27 20:12:00,37.77,38.31741666666667,0.8128225602759866
2014-02-27 20:17:00,39.086,38.37166666666667,0.8190982670078993
2014-02-27 20:22:00,36.926,38.339666666666666,0.8606708539514012
2014-02-27 20:27:00,38.386,38.35041666666667,0.8595226135415281
2014-02-27 20:32:00,37.644,38.33233333333334,0.8700046310059905
2014-02-27 20:37:00,38.122,38.322583333333334,0.8710384565301805
2014-02-27 20:42:00,37.676,38.33108333333333,0.8633385107006557
2014-02-27 20:47:00,38.146,38.329166666666666,0.863711690356699
2014-02-27 20:52:00,37.588,38.3235,0.8682887217675246
2014-02-27 20:57:00,39.53,38.30583333333333,0.8374366512927374
2014-02-27 21:02:00,38.17,38.296083333333335,0.8376062121710447
2014-02-27 21:07:00,39.578,38.273583333333335,0.7925801518473131
2014-02-27 21:12:00,38.098,38.279500000000006,0.790633922875094
2014-02-27 21:17:00,38.69,38.28158333333334,0.7916903169623047
2014-02-27 21:22:00,36.842,38.266083333333334,0.8167457119396927
2014-02-27 21:27:00,38.56800000000001,38.29933333333334,0.8119009720444089
2014-02-27 21:32:00,36.712,38.26658333333334,0.8600546957670814
2014-02-27 21:37:00,38.852,38.298,0.867369035347193
2014-02-27 21:42:00,37.378,38.227833333333336,0.870984234204471
2014-02-27 21:47:00,37.654,38.232000000000006,0.8678541251901496
2014-02-27 21:52:00,37.182,38.13608333333333,0.8505017402367842
2014-02-27 21:57:00,41.052,38.22783333333333,1.0305756798435146
2014-02-27 22:02:00,37.558,38.20333333333333,1.0395558694932985
2014-02-27 22:07:00,40.118,38.221916666666665,1.0704780694167981
2014-02-27 22:12:00,37.934,38.22875,1.067988407770094
2014-02-27 22:17:00,37.782,38.174416666666666,1.0555781402368072
2014-02-27 22:22:00,37.724,38.20766666666666,1.0267178041098877
2014-02-27 22:27:00,37.75,38.18116666666666,1.0301169062686908
2014-02-27 22:32:00,38.85,38.23141666666667,1.0321869529295395
2014-02-27 22:37:00,36.924,38.1815,1.066118396231618
2014-02-27 22:42:00,38.386,38.211083333333335,1.0613215681476373
2014-02-27 22:47:00,37.418,38.18075,1.0735949867864711
2014-02-27 22:52:00,39.014,38.240166666666674,1.0788110874104448
2014-02-27 22:57:00,39.508,38.23925,1.0776762137766596
2014-02-27 23:02:00,38.662,38.259750000000004,1.0809760987588124
2014-02-27 23:07:00,39.718,38.26558333333333,1.0887489396660985
2014-02-27 23:12:00,38.004,38.26166666666666,1.0895468011448262
2014-02-27 23:17:00,37.558,38.2145,1.0946880834287305
2014-02-27 23:22:00,37.864,38.257083333333334,1.0582479333344634
2014-02-27 23:27:00,37.37,38.207166666666666,1.071120651129568
2014-02-27 23:32:00,37.794,38.25225,1.0273285427668577
2014-02-27 23:37:00,39.014,38.259,1.0319622507424333
2014-02-27 23:42:00,37.192,38.25125,1.0395368220263739
2014-02-27 23:47:00,38.49800000000001,38.28641666666666,1.0327073711819919
2014-02-27 23:52:00,38.256,38.33116666666667,1.0056853889015893
2014-02-27 23:57:00,39.934,38.28458333333334,0.8938517490480337
2014-02-28 00:02:00,38.286,38.31491666666667,0.8803736319795836
2014-02-28 00:07:00,40.822,38.344249999999995,0.9518867876604882
2014-02-28 00:12:00,37.076,38.3085,0.9835497821228518
2014-02-28 00:17:00,38.658,38.345,0.979407274169697
2014-02-28 00:22:00,37.018,38.315583333333336,1.009024665388901
2014-02-28 00:27:00,37.724,38.3145,1.009672051794432
2014-02-28 00:32:00,37.736,38.26808333333333,1.0095900983406754
2014-02-28 00:37:00,37.91,38.30916666666667,0.971874373107098
2014-02-28 00:42:00,38.826,38.3275,0.9775204212260263
2014-02-28 00:47:00,36.972,38.30891666666667,0.9995534618964965
2014-02-28 00:52:00,38.506,38.28775,0.9892994996465256
2014-02-28 00:57:00,39.038,38.268166666666666,0.9685280479733208
2014-02-28 01:02:00,37.512,38.22025,0.9766101643154996
2014-02-28 01:07:00,39.408,38.20733333333333,0.9578086704954343
2014-02-28 01:12:00,38.314,38.22025,0.9570373328781941
2014-02-28 01:17:00,37.698,38.226083333333335,0.9532444331210281
2014-02-28 01:22:00,37.954,38.22983333333333,0.9519342170675744
2014-02-28 01:27:00,38.244,38.26625,0.9341625056473771
2014-02-28 01:32:00,37.77,38.26525,0.9347027079102623
2014-02-28 01:37:00,37.906,38.21908333333334,0.9234074853816375
2014-02-28 01:42:00,38.686,38.28133333333333,0.9012498889429629
2014-02-28 01:47:00,37.794,38.252,0.9053387547600237
2014-02-28 01:52:00,38.71,38.270916666666665,0.910156217679456
2014-02-28 01:57:00,39.126,38.237249999999996,0.8594982990604594
2014-02-28 02:02:00,38.602,38.250416666666666,0.8626920412127838
2014-02-28 02:07:00,38.72,38.16283333333333,0.6769763766141524
2014-02-28 02:12:00,38.24,38.211333333333336,0.6361953942862313
2014-02-28 02:17:00,37.066,38.145,0.6697111642186773
2014-02-28 02:22:00,37.63,38.1705,0.6357224579005631
2014-02-28 02:27:00,37.508,38.161500000000004,0.6437961465104796
2014-02-28 02:32:00,38.08,38.17583333333334,0.637711647163832
2014-02-28 02:37:00,38.04,38.18125,0.6359050551232516
2014-02-28 02:42:00,38.686,38.17541666666666,0.6303513110664483
2014-02-28 02:47:00,36.526,38.15683333333333,0.6725344449996732
2014-02-28 02:52:00,37.746,38.125166666666665,0.6732710331351325
2014-02-28 02:57:00,39.906,38.16133333333333,0.7440333481701468
2014-02-28 03:02:00,38.052,38.18383333333333,0.7316045300616087
2014-02-28 03:07:00,39.812,38.20066666666667,0.7648865029007296
2014-02-28 03:12:00,37.86,38.18175,0.7675710560513771
2014-02-28 03:17:00,37.788,38.1855,0.7653214726653164
2014-02-28 03:22:00,37.574,38.169666666666664,0.7741984166908823
2014-02-28 03:27:00,38.85,38.194916666666664,0.7865123850804424
2014-02-28 03:32:00,39.296,38.2585,0.8119392245412742
2014-02-28 03:37:00,37.63,38.247,0.8190722216927437
2014-02-28 03:42:00,38.114,38.223166666666664,0.8140494412223912
2014-02-28 03:47:00,39.328,38.287083333333335,0.838735690174128
2014-02-28 03:52:00,37.532,38.238,0.847334849883415
2014-02-28 03:57:00,40.598,38.29933333333333,0.9601682219765499
2014-02-28 04:02:00,37.706,38.262,0.965293737678257
2014-02-28 04:07:00,40.114,38.320083333333336,1.033575218300493
2014-02-28 04:12:00,36.944,38.266083333333334,1.0711147349202035
2014-02-28 04:17:00,39.326,38.36025,1.0603117363595098
2014-02-28 04:22:00,36.856,38.327999999999996,1.0947015475743709
2014-02-28 04:27:00,37.7,38.336,1.0891359159806975
2014-02-28 04:32:00,37.582,38.31525,1.0989251369054187
2014-02-28 04:37:00,37.786,38.30466666666666,1.102907093989276
2014-02-28 04:42:00,37.84,38.269416666666665,1.1037086066560577
2014-02-28 04:47:00,38.168,38.33783333333333,1.0399919592781335
2014-02-28 04:52:00,37.464,38.32608333333334,1.0485273281950585
2014-02-28 04:57:00,40.024,38.331,1.056504161600471
2014-02-28 05:02:00,37.672,38.31516666666666,1.0636901995320656
2014-02-28 05:07:00,40.234,38.33275,1.0926043577661357
2014-02-28 05:12:00,37.582,38.32116666666666,1.0992873449046534
2014-02-28 05:17:00,38.648,38.357,1.0951610562521323
2014-02-28 05:22:00,37.536,38.35541666666666,1.0963691030605427
2014-02-28 05:27:00,38.686,38.34858333333333,1.0936602253015555
2014-02-28 05:32:00,37.7,38.28208333333333,1.0820081940008202
2014-02-28 05:37:00,37.88800000000001,38.292833333333334,1.0765156218368723
2014-02-28 05:42:00,38.44,38.30641666666667,1.0762176891752009
2014-02-28 05:47:00,38.74,38.28191666666667,1.0584972907351307
2014-02-28 05:52:00,37.958,38.29966666666667,1.0489034716095085
2014-02-28 05:57:00,40.02,38.27558333333334,0.9993009694466882
2014-02-28 06:02:00,38.948,38.327333333333335,1.0006802324104762
2014-02-28 06:07:00,38.864,38.27525,0.9339497821901526
2014-02-28 06:12:00,37.91,38.31550000000001,0.8940462491689282
2014-02-28 06:17:00,37.816,38.252583333333334,0.872719782542737
2014-02-28 06:22:00,37.842,38.29366666666667,0.8260787764665026
2014-02-28 06:27:00,37.844,38.29966666666667,0.8220926990297133
2014-02-28 06:32:00,38.142,38.323,0.808675352714432
2014-02-28 06:37:00,37.84,38.325250000000004,0.8071900401209243
2014-02-28 06:42:00,38.16,38.33858333333334,0.8014485752944056
2014-02-28 06:47:00,37.676,38.318083333333334,0.8122215331062304
2014-02-28 06:52:00,39.436,38.40025,0.8217540756640089
2014-02-28 06:57:00,38.028,38.317083333333336,0.7479665138212787
2014-02-28 07:02:00,37.986,38.33016666666667,0.7388832741065917
2014-02-28 07:07:00,39.62,38.30458333333333,0.6782392752514484
2014-02-28 07:12:00,38.146,38.32808333333333,0.6616830921926345
2014-02-28 07:17:00,38.17,38.308166666666665,0.6588226433291245
2014-02-28 07:22:00,36.792,38.277166666666666,0.7120864424001739
2014-02-28 07:27:00,38.616,38.27425,0.7104806242200878
2014-02-28 07:32:00,36.882,38.24016666666667,0.7573041240035282
2014-02-28 07:37:00,38.028,38.246,0.7550092426736282
2014-02-28 07:42:00,38.686,38.25625,0.759414491280014
2014-02-28 07:47:00,39.746,38.29816666666667,0.8131396835282332
2014-02-28 07:52:00,37.16,38.26491666666667,0.843406339568332
2014-02-28 07:57:00,40.752,38.29541666666666,0.9194428330185977
2014-02-28 08:02:00,37.394,38.230666666666664,0.9261818145612973
2014-02-28 08:07:00,40.478,38.29791666666667,1.0272493417597246
2014-02-28 08:12:00,37.766,38.291916666666665,1.030030388605179
2014-02-28 08:17:00,38.314,38.312666666666665,1.025030165692975
2014-02-28 08:22:00,37.764,38.30941666666667,1.026709641722846
2014-02-28 08:27:00,37.934,38.31316666666667,1.0250989206424455
2014-02-28 08:32:00,37.742,38.2965,1.0312361935838859
2014-02-28 08:37:00,38.428,38.321000000000005,1.0268948551235015
2014-02-28 08:42:00,37.77,38.30475,1.0326231371992007
2014-02-28 08:47:00,37.91,38.3145,1.0275204853563478
2014-02-28 08:52:00,37.958,38.252916666666664,1.0013397945047615
2014-02-28 08:57:00,40.4,38.35175,1.0912023384684952
2014-02-28 09:02:00,37.606,38.33591666666667,1.0994657167550494
2014-02-28 09:07:00,40.586,38.37616666666667,1.1642892090540429
2014-02-28 09:12:00,37.816,38.36241666666667,1.1690644314700478
2014-02-28 09:17:00,38.732,38.38583333333333,1.1706701041516647
2014-02-28 09:22:00,37.256,38.405166666666666,1.1467918072938115
2014-02-28 09:27:00,38.63800000000001,38.406083333333335,1.1469764379777845
2014-02-28 09:32:00,36.596,38.39416666666667,1.1648460867419126
2014-02-28 09:37:00,38.192,38.400999999999996,1.1630843552348855
2014-02-28 09:42:00,38.428,38.39025,1.1615269279481524
2014-02-28 09:47:00,38.524,38.33933333333333,1.1257449964811312
2014-02-28 09:52:00,38.38,38.390166666666666,1.097363467457793
2014-02-28 09:57:00,40.362,38.373916666666666,1.0632248695310196
2014-02-28 10:02:00,38.028,38.400333333333336,1.045548687518596
2014-02-28 10:07:00,39.554,38.36183333333333,0.9807191534643668
2014-02-28 10:12:00,38.086,38.375166666666665,0.9744213741978373
2014-02-28 10:17:00,37.864,38.35641666666667,0.9799632609207723
2014-02-28 10:22:00,37.694,38.353500000000004,0.9819053793079526
2014-02-28 10:27:00,38.052,38.35841666666667,0.9800070947691918
2014-02-28 10:32:00,38.004,38.36933333333333,0.9742846056232604
2014-02-28 10:37:00,38.052,38.35366666666666,0.9763211636001774
2014-02-28 10:42:00,37.798,38.35483333333333,0.9756098501506613
2014-02-28 10:47:00,37.672,38.34491666666667,0.9815196698587821
2014-02-28 10:52:00,38.264,38.35766666666667,0.9782571310721961
2014-02-28 10:57:00,40.312,38.354,0.9704026954338073
2014-02-28 11:02:00,37.558,38.352,0.9720594005829688
2014-02-28 11:07:00,40.684,38.35608333333334,0.9820067261204364
2014-02-28 11:12:00,37.558,38.345333333333336,0.9895591757543821
2014-02-28 11:17:00,38.24,38.32483333333334,0.9862914141490042
2014-02-28 11:22:00,37.632,38.3405,0.9714500591343627
2014-02-28 11:27:00,37.746,38.303333333333335,0.97662287085902
2014-02-28 11:32:00,38.004,38.362,0.909592168526273
2014-02-28 11:37:00,39.718,38.425583333333336,0.9496461545446403
2014-02-28 11:42:00,37.7,38.395250000000004,0.9611230410310878
2014-02-28 11:47:00,39.27,38.42633333333334,0.9773932796931074
2014-02-28 11:52:00,37.582,38.39308333333334,0.9924949640295586
2014-02-28 11:57:00,39.93,38.37508333333333,0.9585715784516775
2014-02-28 12:02:00,38.77,38.406,0.9588562026665673
2014-02-28 12:07:00,38.868,38.37741666666667,0.9330234125715414
2014-02-28 12:12:00,38.972,38.41433333333333,0.938503650206071
2014-02-28 12:17:00,36.56800000000001,38.36033333333334,1.0063763090232036
2014-02-28 12:22:00,38.198,38.38133333333334,0.9970829919091333
2014-02-28 12:27:00,38.114,38.383916666666664,0.9962726148947642
2014-02-28 12:32:00,37.856,38.37775,0.9991802400842196
2014-02-28 12:37:00,37.884,38.37075,1.0021456654516125
2014-02-28 12:42:00,37.704,38.36683333333334,1.0046619880067997
2014-02-28 12:47:00,37.858,38.374583333333334,0.9997744926895916
2014-02-28 12:52:00,37.914,38.36,1.0040013857607686
2014-02-28 12:57:00,39.66,38.33283333333333,0.956588488448787
2014-02-28 13:02:00,38.286,38.363166666666665,0.9423873322890214
2014-02-28 13:07:00,39.712,38.32266666666667,0.8551602273805808
2014-02-28 13:12:00,39.108,38.38725,0.8534280362422623
2014-02-28 13:17:00,37.056,38.337916666666665,0.8954945156376352
2014-02-28 13:22:00,38.708,38.382749999999994,0.8854952556772583
2014-02-28 13:27:00,36.714,38.33975,0.9410734504443772
2014-02-28 13:32:00,38.666,38.36733333333333,0.9405061850189071
2014-02-28 13:37:00,37.206,38.26266666666667,0.9232778406391821
2014-02-28 13:42:00,38.334,38.28908333333333,0.915516291341121
2014-02-28 13:47:00,39.554,38.300916666666666,0.9304596300696016
2014-02-28 13:52:00,37.09,38.28041666666667,0.9521545324284519
2014-02-28 13:57:00,39.878,38.27825,0.9482889511027028
2014-02-28 14:02:00,38.474,38.26591666666667,0.943528157533641
2014-02-28 14:07:00,40.352,38.32775,1.0294177860624518
2014-02-28 14:12:00,37.912,38.28358333333333,1.0232959500799998
2014-02-28 14:17:00,38.458,38.36233333333333,0.9560437804545232
2014-02-28 14:22:00,37.718,38.34233333333333,0.9646133114261698
