timestamp,value,forecast_ma24,residual,forecast_anomaly
2014-02-14 16:27:00,52.58600000000001,46.32566666666667,6.260333333333342,False
2014-02-14 16:32:00,45.802,46.356500000000004,-0.5545000000000044,False
2014-02-14 16:37:00,43.122,46.41041666666666,-3.288416666666663,False
2014-02-14 16:42:00,50.774,46.48866666666667,4.285333333333334,False
2014-02-14 16:47:00,46.262,46.58058333333333,-0.3185833333333292,False
2014-02-14 16:52:00,43.052,46.561749999999996,-3.509749999999997,False
2014-02-14 16:57:00,50.718,46.48116666666667,4.236833333333337,False
2014-02-14 17:02:00,45.798,46.54825,-0.7502500000000012,False
2014-02-14 17:07:00,46.55,46.770250000000004,-0.22025000000000716,False
2014-02-14 17:12:00,48.122,46.48466666666667,1.6373333333333306,False
2014-02-14 17:17:00,40.23,46.598083333333335,-6.368083333333338,False
2014-02-14 17:22:00,52.606,46.473666666666674,6.132333333333328,False
2014-02-14 17:27:00,44.652,46.59391666666667,-1.9419166666666712,False
2014-02-14 17:32:00,42.84,46.52233333333333,-3.6823333333333252,False
2014-02-14 17:37:00,49.272,46.484166666666674,2.7878333333333245,False
2014-02-14 17:42:00,47.09,46.55458333333333,0.53541666666667,False
2014-02-14 17:47:00,45.452,46.81924999999999,-1.3672499999999914,False
2014-02-14 17:52:00,46.996,46.57908333333333,0.4169166666666726,False
2014-02-14 17:57:00,43.194,46.607499999999995,-3.413499999999992,False
2014-02-14 18:02:00,52.94,46.53225,6.40775,False
2014-02-14 18:07:00,47.212,46.64541666666667,0.5665833333333339,False
2014-02-14 18:12:00,43.144,46.608583333333335,-3.464583333333337,False
2014-02-14 18:17:00,50.658,46.59191666666667,4.0660833333333315,False
2014-02-14 18:22:00,46.292,46.667249999999996,-0.3752499999999941,False
2014-02-14 18:27:00,45.164,46.890166666666666,-1.7261666666666642,False
2014-02-14 18:32:00,47.88800000000001,46.58091666666667,1.3070833333333454,False
2014-02-14 18:37:00,41.852,46.667833333333334,-4.815833333333337,False
2014-02-14 18:42:00,53.17,46.614916666666666,6.555083333333336,False
2014-02-14 18:47:00,44.632,46.71475000000001,-2.0827500000000114,False
2014-02-14 18:52:00,43.282,46.646833333333326,-3.36483333333333,False
2014-02-14 18:57:00,53.192,46.65641666666667,6.535583333333328,False
2014-02-14 19:02:00,45.51600000000001,46.7595,-1.2434999999999903,False
2014-02-14 19:07:00,47.23,46.747749999999996,0.4822500000000005,False
2014-02-14 19:12:00,46.408,46.77608333333333,-0.3680833333333311,False
2014-02-14 19:17:00,40.118,46.70466666666667,-6.586666666666666,False
2014-02-14 19:22:00,52.536,46.699999999999996,5.836000000000006,False
2014-02-14 19:27:00,45.56399999999999,46.69708333333333,-1.1330833333333388,False
2014-02-14 19:32:00,43.908,46.735083333333336,-2.8270833333333343,False
2014-02-14 19:37:00,48.058,46.779583333333335,1.278416666666665,False
2014-02-14 19:42:00,45.4,46.729000000000006,-1.3290000000000077,False
2014-02-14 19:47:00,45.56399999999999,46.65858333333333,-1.0945833333333397,False
2014-02-14 19:52:00,53.23,46.663250000000005,6.566749999999992,False
2014-02-14 19:57:00,46.972,46.923,0.04899999999999949,False
2014-02-14 20:02:00,52.816,47.08041666666667,5.735583333333331,False
2014-02-14 20:07:00,49.062,47.075250000000004,1.9867499999999936,False
2014-02-14 20:12:00,46.22,47.15233333333333,-0.9323333333333323,False
2014-02-14 20:17:00,50.258,47.280499999999996,2.9775000000000063,False
2014-02-14 20:22:00,47.16,47.26383333333334,-0.10383333333334122,False
2014-02-14 20:27:00,45.258,47.300000000000004,-2.0420000000000016,False
2014-02-14 20:32:00,49.108,47.30391666666666,1.8040833333333381,False
2014-02-14 20:37:00,40.774,47.35475,-6.580750000000002,False
2014-02-14 20:42:00,52.5,47.30983333333333,5.19016666666667,False
2014-02-14 20:47:00,45.316,47.28191666666666,-1.9659166666666579,False
2014-02-14 20:52:00,41.878,47.31041666666667,-5.4324166666666684,False
2014-02-14 20:57:00,51.456,47.25191666666666,4.204083333333344,False
2014-02-14 21:02:00,46.902,47.17958333333333,-0.2775833333333324,False
2014-02-14 21:07:00,46.41,47.23733333333334,-0.8273333333333426,False
2014-02-14 21:12:00,47.3,47.20316666666667,0.09683333333332911,False
2014-02-14 21:17:00,40.4,47.240333333333325,-6.8403333333333265,False
2014-02-14 21:22:00,52.058,47.25208333333333,4.805916666666668,False
2014-02-14 21:27:00,47.84,47.232166666666664,0.607833333333339,False
2014-02-14 21:32:00,42.774,47.327,-4.552999999999997,False
2014-02-14 21:37:00,50.494,47.27975,3.21425,False
2014-02-14 21:42:00,45.364,47.381249999999994,-2.017249999999997,False
2014-02-14 21:47:00,43.192,47.37975,-4.187750000000001,False
2014-02-14 21:52:00,48.356,47.28091666666666,1.075083333333339,False
2014-02-14 21:57:00,47.958,47.07783333333333,0.8801666666666677,False
2014-02-14 22:02:00,44.026,47.11891666666667,-3.0929166666666674,False
2014-02-14 22:07:00,49.46,46.75266666666666,2.707333333333338,False
2014-02-14 22:12:00,47.11,46.76925,0.3407499999999999,False
2014-02-14 22:17:00,44.218,46.806333333333335,-2.588333333333331,False
2014-02-14 22:22:00,47.154,46.55466666666666,0.599333333333341,False
2014-02-14 22:27:00,41.726000000000006,46.55441666666666,-4.828416666666655,False
2014-02-14 22:32:00,53.662,46.407250000000005,7.254749999999994,False
2014-02-14 22:37:00,46.808,46.597,0.21099999999999852,False
2014-02-14 22:42:00,44.834,46.84841666666667,-2.014416666666669,False
2014-02-14 22:47:00,49.554,46.529,3.0249999999999986,False
2014-02-14 22:52:00,45.822,46.70558333333333,-0.883583333333327,False
2014-02-14 22:57:00,46.768,46.869916666666676,-0.10191666666667487,False
2014-02-14 23:02:00,50.71,46.67458333333334,4.035416666666663,False
2014-02-14 23:07:00,43.662,46.83324999999999,-3.1712499999999935,False
2014-02-14 23:12:00,53.544,46.71875,6.825249999999997,False
2014-02-14 23:17:00,46.478,46.97891666666667,-0.5009166666666687,False
2014-02-14 23:22:00,43.052,47.23216666666667,-4.180166666666672,False
2014-02-14 23:27:00,49.038,46.85691666666667,2.1810833333333264,False
2014-02-14 23:32:00,46.238,46.90683333333334,-0.6688333333333389,False
2014-02-14 23:37:00,44.90600000000001,47.05116666666667,-2.145166666666654,False
2014-02-14 23:42:00,48.51,46.818333333333335,1.6916666666666629,False
2014-02-14 23:47:00,40.834,46.94941666666667,-6.115416666666668,False
2014-02-14 23:52:00,52.364,46.85116666666667,5.512833333333326,False
2014-02-14 23:57:00,47.206,47.01816666666667,0.1878333333333302,False
2014-02-15 00:02:00,43.31,46.98683333333333,-3.6768333333333274,False
2014-02-15 00:07:00,53.028,46.957,6.070999999999998,False
2014-02-15 00:12:00,46.644,47.10566666666667,-0.4616666666666731,False
2014-02-15 00:17:00,46.124,47.08625,-0.9622499999999974,False
2014-02-15 00:22:00,47.802,47.165666666666674,0.6363333333333259,False
2014-02-15 00:27:00,41.356,47.19266666666667,-5.836666666666666,False
2014-02-15 00:32:00,52.184,47.177249999999994,5.006750000000004,False
2014-02-15 00:37:00,45.774,47.11566666666667,-1.3416666666666686,False
2014-02-15 00:42:00,42.792,47.072583333333334,-4.2805833333333325,False
2014-02-15 00:47:00,49.036,46.98749999999999,2.0485000000000113,False
2014-02-15 00:52:00,45.63399999999999,46.965916666666665,-1.3319166666666717,False
2014-02-15 00:57:00,46.292,46.95808333333333,-0.6660833333333258,False
2014-02-15 01:02:00,46.738,46.938250000000004,-0.20025000000000404,False
2014-02-15 01:07:00,43.076,46.77275,-3.6967500000000015,False
2014-02-15 01:12:00,51.71,46.748333333333335,4.961666666666666,False
2014-02-15 01:17:00,44.56399999999999,46.67191666666667,-2.107916666666675,False
2014-02-15 01:22:00,42.88800000000001,46.592166666666664,-3.7041666666666515,False
2014-02-15 01:27:00,48.874,46.58533333333333,2.2886666666666713,False
2014-02-15 01:32:00,45.658,46.5785,-0.920499999999997,False
2014-02-15 01:37:00,44.052,46.554333333333325,-2.5023333333333255,False
2014-02-15 01:42:00,47.684,46.518750000000004,1.1652499999999932,False
2014-02-15 01:47:00,40.316,46.48433333333333,-6.1683333333333294,False
2014-02-15 01:52:00,52.438,46.46275,5.975250000000003,False
2014-02-15 01:57:00,46.948,46.46583333333333,0.4821666666666715,False
2014-02-15 02:02:00,43.13,46.455083333333334,-3.325083333333332,False
2014-02-15 02:07:00,51.83,46.44758333333334,5.382416666666657,False
2014-02-15 02:12:00,46.272,46.39766666666667,-0.1256666666666746,False
2014-02-15 02:17:00,46.15,46.38216666666667,-0.23216666666667152,False
2014-02-15 02:22:00,48.098,46.383250000000004,1.7147499999999951,False
2014-02-15 02:27:00,40.868,46.39558333333334,-5.5275833333333395,False
2014-02-15 02:32:00,52.63,46.375249999999994,6.2547500000000085,False
2014-02-15 02:37:00,45.328,46.39383333333333,-1.0658333333333303,False
2014-02-15 02:42:00,43.86,46.37525,-2.5152500000000018,False
2014-02-15 02:47:00,49.19,46.41974999999999,2.7702500000000043,False
2014-02-15 02:52:00,40.032,46.42616666666667,-6.3941666666666706,False
2014-02-15 02:57:00,52.91,46.19275,6.71725,False
2014-02-15 03:02:00,46.916,46.4685,0.447499999999998,False
2014-02-15 03:07:00,43.408,46.47591666666667,-3.067916666666669,False
2014-02-15 03:12:00,50.222,46.48975000000001,3.7322499999999934,False
2014-02-15 03:17:00,45.886,46.42775,-0.5417500000000004,False
2014-02-15 03:22:00,43.94,46.48283333333333,-2.542833333333334,False
2014-02-15 03:27:00,48.166,46.52666666666667,1.639333333333326,False
2014-02-15 03:32:00,40.822,46.497166666666665,-5.675166666666662,False
2014-02-15 03:37:00,54.24800000000001,46.29566666666667,7.952333333333343,False
2014-02-15 03:42:00,46.878,46.720499999999994,0.15750000000000597,False
2014-02-15 03:47:00,41.85,46.68691666666667,-4.836916666666667,False
2014-02-15 03:52:00,51.548,46.75083333333333,4.797166666666669,False
2014-02-15 03:57:00,47.73,46.713750000000005,1.0162499999999923,False
2014-02-15 04:02:00,45.212,46.74633333333333,-1.534333333333329,False
2014-02-15 04:07:00,50.658,46.83308333333334,3.8249166666666596,False
2014-02-15 04:12:00,39.87,46.78424999999999,-6.914249999999996,False
2014-02-15 04:17:00,50.728,46.517500000000005,4.210499999999996,False
2014-02-15 04:22:00,46.15,46.70825,-0.558250000000001,False
2014-02-15 04:27:00,43.12600000000001,46.62708333333333,-3.5010833333333196,False
2014-02-15 04:32:00,49.672,46.72116666666667,2.9508333333333283,False
2014-02-15 04:37:00,46.644,46.59791666666666,0.046083333333335474,False
2014-02-15 04:42:00,44.994,46.65275,-1.6587499999999977,False
2014-02-15 04:47:00,47.432,46.70000000000001,0.7319999999999922,False
2014-02-15 04:52:00,40.212,46.626749999999994,-6.414749999999991,False
2014-02-15 04:57:00,53.88800000000001,46.63425000000001,7.253750000000004,False
2014-02-15 05:02:00,43.24800000000001,46.675000000000004,-3.4269999999999925,False
2014-02-15 05:07:00,44.36600000000001,46.52216666666667,-2.156166666666664,False
2014-02-15 05:12:00,49.12600000000001,46.562083333333334,2.563916666666678,False
2014-02-15 05:17:00,45.48,46.516416666666665,-1.0364166666666677,False
2014-02-15 05:22:00,44.754,46.499500000000005,-1.745500000000007,False
2014-02-15 05:27:00,46.69,46.53341666666666,0.1565833333333373,False
2014-02-15 05:32:00,41.76,46.471916666666665,-4.711916666666667,False
2014-02-15 05:37:00,52.368,46.511,5.856999999999999,False
2014-02-15 05:42:00,44.882,46.43266666666667,-1.5506666666666717,False
2014-02-15 05:47:00,42.23,46.3495,-4.119500000000002,False
2014-02-15 05:52:00,49.624,46.36533333333333,3.25866666666667,False
2014-02-15 05:57:00,47.63,46.28516666666667,1.3448333333333338,False
2014-02-15 06:02:00,44.786,46.281,-1.4949999999999974,False
2014-02-15 06:07:00,49.354,46.26325,3.09075,False
2014-02-15 06:12:00,40.702,46.208916666666674,-5.506916666666676,False
2014-02-15 06:17:00,51.666,46.24358333333333,5.422416666666663,False
2014-02-15 06:22:00,45.0,46.282666666666664,-1.282666666666664,False
2014-02-15 06:27:00,43.61600000000001,46.23475,-2.6187499999999915,False
2014-02-15 06:32:00,50.822,46.25516666666667,4.566833333333335,False
2014-02-15 06:37:00,44.414,46.30308333333334,-1.889083333333339,False
2014-02-15 06:42:00,44.232,46.21016666666667,-1.9781666666666737,False
2014-02-15 06:47:00,48.236,46.17841666666667,2.0575833333333264,False
2014-02-15 06:52:00,41.08,46.211916666666674,-5.131916666666676,False
2014-02-15 06:57:00,53.92,46.24808333333334,7.671916666666661,False
2014-02-15 07:02:00,46.22,46.24941666666667,-0.029416666666669755,False
2014-02-15 07:07:00,43.522,46.37324999999999,-2.851249999999993,False
2014-02-15 07:12:00,49.74,46.33808333333334,3.401916666666665,False
2014-02-15 07:17:00,43.592,46.36366666666667,-2.7716666666666683,False
2014-02-15 07:22:00,41.808,46.285,-4.476999999999997,False
2014-02-15 07:27:00,49.36600000000001,46.16225,3.2037500000000065,False
2014-02-15 07:32:00,45.492,46.27375,-0.7817500000000024,False
2014-02-15 07:37:00,44.29600000000001,46.42925,-2.1332499999999968,False
2014-02-15 07:42:00,49.706,46.09291666666667,3.6130833333333356,False
2014-02-15 07:47:00,40.868,46.29391666666667,-5.425916666666666,False
2014-02-15 07:52:00,51.808,46.23716666666667,5.570833333333333,False
2014-02-15 07:57:00,48.562,46.32816666666667,2.2338333333333296,False
2014-02-15 08:02:00,41.902,46.36700000000001,-4.4650000000000105,False
2014-02-15 08:07:00,53.708,46.246833333333335,7.461166666666664,False
2014-02-15 08:12:00,46.55,46.42825,0.12174999999999869,False
2014-02-15 08:17:00,41.338,46.67191666666667,-5.333916666666667,False
2014-02-15 08:22:00,48.36600000000001,46.24158333333333,2.1244166666666757,False
2014-02-15 08:27:00,41.878,46.38183333333333,-4.503833333333333,False
2014-02-15 08:32:00,52.342,46.30941666666667,6.032583333333328,False
2014-02-15 08:37:00,46.502,46.372749999999996,0.12925000000000608,False
2014-02-15 08:42:00,42.276,46.45975000000001,-4.183750000000003,False
2014-02-15 08:47:00,50.104,46.37825,3.725749999999998,False
2014-02-15 08:52:00,45.728,46.45608333333333,-0.7280833333333305,False
2014-02-15 08:57:00,45.494,46.649750000000004,-1.1557500000000047,False
2014-02-15 09:02:00,48.666,46.29866666666666,2.3673333333333346,False
2014-02-15 09:07:00,48.17,46.40058333333334,1.7694166666666646,False
2014-02-15 09:12:00,44.672,46.594249999999995,-1.9222499999999982,False
2014-02-15 09:17:00,45.54,46.38308333333333,-0.8430833333333325,False
2014-02-15 09:22:00,40.892,46.46425,-5.572249999999997,False
2014-02-15 09:27:00,50.024,46.42608333333334,3.597916666666663,False
2014-02-15 09:32:00,45.37600000000001,46.4535,-1.0774999999999864,False
2014-02-15 09:37:00,42.746,46.44866666666667,-3.7026666666666657,False
2014-02-15 09:42:00,48.076,46.384083333333336,1.691916666666664,False
2014-02-15 09:47:00,46.69,46.31616666666667,0.37383333333333013,False
2014-02-15 09:52:00,44.132,46.55875,-2.4267500000000055,False
2014-02-15 09:57:00,49.898,46.23891666666666,3.659083333333342,False
2014-02-15 10:02:00,40.798,46.29458333333333,-5.4965833333333265,False
2014-02-15 10:07:00,53.216,46.248583333333336,6.967416666666665,False
2014-02-15 10:12:00,45.298,46.22808333333333,-0.9300833333333287,False
2014-02-15 10:17:00,41.76,46.175916666666666,-4.415916666666668,False
2014-02-15 10:22:00,48.662,46.1935,2.468499999999999,False
2014-02-15 10:27:00,45.536,46.20583333333334,-0.6698333333333366,False
2014-02-15 10:32:00,45.044,46.35825,-1.3142500000000013,False
2014-02-15 10:37:00,48.06800000000001,46.054166666666674,2.013833333333338,False
2014-02-15 10:42:00,41.77,46.11941666666667,-4.34941666666667,False
2014-02-15 10:47:00,51.738,46.098333333333336,5.639666666666663,False
2014-02-15 10:52:00,47.558,46.16641666666667,1.3915833333333296,False
2014-02-15 10:57:00,43.122,46.24266666666667,-3.120666666666672,False
2014-02-15 11:02:00,50.234,46.14383333333333,4.0901666666666685,False
2014-02-15 11:07:00,47.474,46.209166666666675,1.2648333333333213,False
2014-02-15 11:12:00,43.17,46.18016666666667,-3.01016666666667,False
2014-02-15 11:17:00,47.418,46.117583333333336,1.3004166666666634,False
2014-02-15 11:22:00,39.86,46.19583333333333,-6.335833333333333,False
2014-02-15 11:27:00,51.456,46.15283333333333,5.303166666666677,False
2014-02-15 11:32:00,44.32,46.212500000000006,-1.8925000000000054,False
2014-02-15 11:37:00,42.206,46.168499999999995,-3.9624999999999915,False
2014-02-15 11:42:00,49.272,46.14600000000001,3.1259999999999906,False
2014-02-15 11:47:00,46.066,46.19583333333333,-0.12983333333333036,False
2014-02-15 11:52:00,45.164,46.16983333333334,-1.0058333333333351,False
2014-02-15 11:57:00,49.432,46.21283333333333,3.2191666666666734,False
2014-02-15 12:02:00,40.306,46.19341666666667,-5.887416666666674,False
2014-02-15 12:07:00,53.17,46.17291666666667,6.997083333333329,False
2014-02-15 12:12:00,45.416,46.171,-0.7550000000000026,False
2014-02-15 12:17:00,42.05,46.17591666666667,-4.125916666666676,False
2014-02-15 12:22:00,50.45,46.18800000000001,4.261999999999993,False
2014-02-15 12:27:00,47.042,46.26250000000001,0.7794999999999916,False
2014-02-15 12:32:00,44.508,46.325250000000004,-1.8172500000000014,False
2014-02-15 12:37:00,47.958,46.30291666666667,1.6550833333333301,False
2014-02-15 12:42:00,41.526,46.298333333333325,-4.7723333333333215,False
2014-02-15 12:47:00,52.746,46.28816666666666,6.45783333333334,False
2014-02-15 12:52:00,45.4,46.33016666666666,-0.9301666666666648,False
2014-02-15 12:57:00,44.038,46.240249999999996,-2.2022499999999994,False
2014-02-15 13:02:00,50.422,46.278416666666665,4.143583333333332,False
2014-02-15 13:07:00,47.746,46.286249999999995,1.4597500000000068,False
2014-02-15 13:12:00,43.662,46.297583333333336,-2.6355833333333365,False
2014-02-15 13:17:00,48.544,46.318083333333334,2.225916666666663,False
2014-02-15 13:22:00,40.54,46.365,-5.825000000000003,False
2014-02-15 13:27:00,51.808,46.39333333333334,5.414666666666662,False
2014-02-15 13:32:00,46.15,46.407999999999994,-0.25799999999999557,False
2014-02-15 13:37:00,42.042,46.48425,-4.442250000000001,False
2014-02-15 13:42:00,48.69,46.47741666666666,2.2125833333333347,False
2014-02-15 13:47:00,45.95399999999999,46.45316666666667,-0.49916666666667453,False
2014-02-15 13:52:00,45.328,46.448499999999996,-1.1204999999999927,False
2014-02-15 13:57:00,48.544,46.45533333333333,2.0886666666666684,False
2014-02-15 14:02:00,40.892,46.41833333333333,-5.526333333333326,False
2014-02-15 14:07:00,55.154,46.44275,8.711250000000007,True
2014-02-15 14:12:00,43.996,46.52541666666667,-2.5294166666666698,False
2014-02-15 14:17:00,43.052,46.466249999999995,-3.4142499999999956,False
2014-02-15 14:22:00,48.268,46.508,1.759999999999998,False
2014-02-15 14:27:00,44.83600000000001,46.41708333333333,-1.5810833333333179,False
2014-02-15 14:32:00,45.2,46.32516666666667,-1.125166666666665,False
2014-02-15 14:37:00,47.3,46.35399999999999,0.9460000000000051,False
2014-02-15 14:42:00,40.07,46.32658333333334,-6.256583333333339,False
2014-02-15 14:47:00,51.844,46.26591666666667,5.578083333333332,False
2014-02-15 14:52:00,47.432,46.22833333333333,1.2036666666666704,False
2014-02-15 14:57:00,43.92,46.31300000000001,-2.393000000000008,False
2014-02-15 15:02:00,50.994,46.308083333333336,4.685916666666664,False
2014-02-15 15:07:00,48.136,46.33191666666667,1.804083333333331,False
2014-02-15 15:12:00,44.772,46.348166666666664,-1.5761666666666656,False
2014-02-15 15:17:00,49.014,46.394416666666665,2.6195833333333383,False
2014-02-15 15:22:00,40.658,46.41400000000001,-5.756000000000007,False
2014-02-15 15:27:00,51.578,46.41891666666667,5.159083333333335,False
2014-02-15 15:32:00,47.3,46.409333333333336,0.8906666666666609,False
2014-02-15 15:37:00,41.79,46.457249999999995,-4.667249999999996,False
2014-02-15 15:42:00,52.348,46.44675,5.901249999999997,False
2014-02-15 15:47:00,44.83600000000001,46.59916666666667,-1.7631666666666561,False
2014-02-15 15:52:00,44.718,46.55258333333334,-1.8345833333333346,False
2014-02-15 15:57:00,49.76600000000001,46.527166666666666,3.2388333333333463,False
2014-02-15 16:02:00,40.4,46.57808333333333,-6.178083333333333,False
2014-02-15 16:07:00,53.404,46.55758333333333,6.84641666666667,False
2014-02-15 16:12:00,45.024,46.48466666666667,-1.4606666666666683,False
2014-02-15 16:17:00,42.254,46.5275,-4.273500000000006,False
2014-02-15 16:22:00,49.496,46.49425,3.0017500000000013,False
2014-02-15 16:27:00,46.198,46.54541666666666,-0.3474166666666605,False
2014-02-15 16:32:00,44.414,46.60216666666667,-2.1881666666666675,False
2014-02-15 16:37:00,45.58600000000001,46.569416666666676,-0.9834166666666633,False
2014-02-15 16:42:00,45.958,46.498,-0.5399999999999991,False
2014-02-15 16:47:00,44.554,46.74333333333333,-2.1893333333333302,False
2014-02-15 16:52:00,47.184,46.43958333333333,0.7444166666666661,False
2014-02-15 16:57:00,43.092,46.429249999999996,-3.3372499999999974,False
2014-02-15 17:02:00,53.58600000000001,46.39475000000001,7.191250000000004,False
2014-02-15 17:07:00,47.288,46.50275,0.7852499999999978,False
2014-02-15 17:12:00,43.162,46.46741666666667,-3.305416666666673,False
2014-02-15 17:17:00,49.108,46.40033333333334,2.707666666666654,False
2014-02-15 17:22:00,46.304,46.40425,-0.10024999999999551,False
2014-02-15 17:27:00,43.356,46.6395,-3.2834999999999965,False
2014-02-15 17:32:00,48.076,46.29691666666667,1.7790833333333325,False
2014-02-15 17:37:00,39.554,46.32925,-6.77525,False
2014-02-15 17:42:00,52.418,46.23608333333334,6.181916666666659,False
2014-02-15 17:47:00,46.26,46.239,0.021000000000000796,False
2014-02-15 17:52:00,42.152,46.298333333333325,-4.146333333333324,False
2014-02-15 17:57:00,52.37,46.19141666666667,6.178583333333329,False
2014-02-15 18:02:00,45.47,46.29991666666667,-0.8299166666666693,False
2014-02-15 18:07:00,46.12600000000001,46.51116666666667,-0.385166666666656,False
2014-02-15 18:12:00,46.22,46.20791666666667,0.012083333333329449,False
2014-02-15 18:17:00,40.234,46.25775000000001,-6.023750000000007,False
2014-02-15 18:22:00,52.38399999999999,46.17358333333333,6.21041666666666,False
2014-02-15 18:27:00,45.36,46.29391666666667,-0.9339166666666685,False
2014-02-15 18:32:00,43.378,46.25899999999999,-2.880999999999993,False
2014-02-15 18:37:00,48.802,46.215833333333336,2.5861666666666636,False
2014-02-15 18:42:00,40.492,46.34983333333333,-5.857833333333332,False
2014-02-15 18:47:00,53.17,46.122083333333336,7.047916666666666,False
2014-02-15 18:52:00,46.12600000000001,46.48108333333334,-0.35508333333332587,False
2014-02-15 18:57:00,43.51,46.437000000000005,-2.9270000000000067,False
2014-02-15 19:02:00,50.396,46.45441666666667,3.941583333333334,False
2014-02-15 19:07:00,48.216,46.32149999999999,1.8945000000000078,False
2014-02-15 19:12:00,44.882,46.360166666666665,-1.4781666666666666,False
2014-02-15 19:17:00,47.404,46.43183333333332,0.9721666666666806,False
2014-02-15 19:22:00,41.1,46.360833333333325,-5.2608333333333235,False
2014-02-15 19:27:00,52.98,46.144000000000005,6.835999999999991,False
2014-02-15 19:32:00,43.474,46.54500000000001,-3.071000000000012,False
2014-02-15 19:37:00,41.106,46.35325,-5.247250000000001,False
2014-02-15 19:42:00,48.334,46.41791666666666,1.91608333333334,False
2014-02-15 19:47:00,46.478,46.24775,0.23024999999999807,False
2014-02-15 19:52:00,43.544,46.25683333333334,-2.712833333333343,False
2014-02-15 19:57:00,50.494,46.31483333333333,4.179166666666667,False
2014-02-15 20:02:00,41.228,46.23666666666666,-5.008666666666656,False
2014-02-15 20:07:00,54.264,46.05991666666666,8.204083333333344,True
2014-02-15 20:12:00,45.798,46.399,-0.6009999999999991,False
2014-02-15 20:17:00,42.324,46.38141666666667,-4.0574166666666684,False
2014-02-15 20:22:00,50.986,46.4685,4.517499999999998,False
2014-02-15 20:27:00,46.604,46.41025,0.19375000000000142,False
2014-02-15 20:32:00,45.706,46.46208333333334,-0.7560833333333363,False
2014-02-15 20:37:00,48.286,46.55908333333333,1.7269166666666749,False
2014-02-15 20:42:00,40.652,46.53758333333334,-5.8855833333333365,False
2014-02-15 20:47:00,53.522,46.544250000000005,6.977749999999993,False
2014-02-15 20:52:00,45.392,46.55891666666667,-1.1669166666666655,False
2014-02-15 20:57:00,45.102,46.528333333333336,-1.4263333333333392,False
2014-02-15 21:02:00,49.754,46.59466666666666,3.159333333333336,False
2014-02-15 21:07:00,48.944,46.56791666666667,2.3760833333333338,False
2014-02-15 21:12:00,44.672,46.59825,-1.9262500000000031,False
2014-02-15 21:17:00,47.066,46.58950000000001,0.4764999999999944,False
2014-02-15 21:22:00,41.174,46.575416666666676,-5.401416666666677,False
2014-02-15 21:27:00,52.09,46.5785,5.511500000000005,False
2014-02-15 21:32:00,45.258,46.54141666666666,-1.2834166666666604,False
2014-02-15 21:37:00,42.764,46.61575,-3.8517499999999956,False
2014-02-15 21:42:00,48.216,46.68483333333334,1.531166666666664,False
2014-02-15 21:47:00,46.726000000000006,46.679916666666664,0.04608333333334258,False
2014-02-15 21:52:00,44.292,46.69024999999999,-2.3982499999999902,False
2014-02-15 21:57:00,49.484,46.72141666666667,2.762583333333332,False
2014-02-15 22:02:00,40.492,46.67933333333334,-6.187333333333342,False
2014-02-15 22:07:00,54.722,46.648666666666664,8.073333333333338,True
2014-02-15 22:12:00,45.58600000000001,46.66774999999999,-1.0817499999999782,False
2014-02-15 22:17:00,41.82,46.65891666666666,-4.8389166666666625,False
2014-02-15 22:22:00,48.896,46.637916666666676,2.2580833333333246,False
2014-02-15 22:27:00,46.344,46.55083333333334,-0.20683333333333564,False
2014-02-15 22:32:00,45.07,46.54,-1.4699999999999989,False
2014-02-15 22:37:00,45.972,46.5135,-0.5414999999999992,False
2014-02-15 22:42:00,40.164,46.41708333333333,-6.253083333333329,False
2014-02-15 22:47:00,51.572,46.39675,5.1752500000000055,False
2014-02-15 22:52:00,44.812,46.31550000000001,-1.5035000000000096,False
2014-02-15 22:57:00,46.198,46.291333333333334,-0.09333333333333371,False
2014-02-15 23:02:00,48.802,46.33700000000001,2.464999999999989,False
2014-02-15 23:07:00,48.724,46.297333333333334,2.4266666666666623,False
2014-02-15 23:12:00,45.282,46.28816666666666,-1.0061666666666653,False
2014-02-15 23:17:00,46.94,46.313583333333334,0.626416666666664,False
2014-02-15 23:22:00,40.884,46.30833333333333,-5.42433333333333,False
2014-02-15 23:27:00,53.298,46.29624999999999,7.001750000000008,False
2014-02-15 23:32:00,44.852,46.346583333333335,-1.4945833333333383,False
2014-02-15 23:37:00,43.778,46.32966666666667,-2.5516666666666694,False
2014-02-15 23:42:00,47.974,46.37191666666667,1.6020833333333258,False
2014-02-15 23:47:00,46.79,46.36183333333333,0.42816666666666947,False
2014-02-15 23:52:00,44.742,46.3645,-1.6225000000000023,False
2014-02-15 23:57:00,49.146,46.38325,2.762750000000004,False
2014-02-16 00:02:00,41.06399999999999,46.36916666666667,-5.305166666666679,False
2014-02-16 00:07:00,52.73,46.393,6.336999999999996,False
2014-02-16 00:12:00,46.996,46.31,0.6859999999999999,False
2014-02-16 00:17:00,42.99800000000001,46.368750000000006,-3.370749999999994,False
2014-02-16 00:22:00,49.798,46.417833333333334,3.3801666666666677,False
2014-02-16 00:27:00,40.658,46.45541666666667,-5.79741666666667,False
2014-02-16 00:32:00,52.044,46.2185,5.825499999999998,False
2014-02-16 00:37:00,46.714,46.509083333333336,0.2049166666666622,False
2014-02-16 00:42:00,41.456,46.54,-5.083999999999996,False
2014-02-16 00:47:00,52.418,46.59383333333333,5.82416666666667,False
2014-02-16 00:52:00,44.994,46.629083333333334,-1.635083333333334,False
2014-02-16 00:57:00,45.728,46.63666666666666,-0.9086666666666616,False
2014-02-16 01:02:00,48.802,46.61708333333333,2.184916666666666,False
2014-02-16 01:07:00,51.408,46.61708333333333,4.790916666666668,False
2014-02-16 01:12:00,48.678,46.72891666666667,1.949083333333327,False
2014-02-16 01:17:00,47.394,46.870416666666664,0.5235833333333346,False
2014-02-16 01:22:00,41.11,46.88933333333333,-5.779333333333334,False
2014-02-16 01:27:00,53.23,46.89875000000001,6.33124999999999,False
2014-02-16 01:32:00,49.418,46.89591666666667,2.5220833333333275,False
2014-02-16 01:37:00,43.518,47.086166666666664,-3.568166666666663,False
2014-02-16 01:42:00,49.24800000000001,47.07533333333333,2.1726666666666787,False
2014-02-16 01:47:00,45.846,47.12841666666667,-1.282416666666677,False
2014-02-16 01:52:00,47.066,47.08908333333334,-0.02308333333333934,False
2014-02-16 01:57:00,47.752,47.18591666666668,0.5660833333333244,False
2014-02-16 02:02:00,42.066,47.127833333333335,-5.0618333333333325,False
2014-02-16 02:07:00,51.708,47.16958333333334,4.538416666666656,False
2014-02-16 02:12:00,45.976000000000006,47.127,-1.1509999999999962,False
2014-02-16 02:17:00,43.474,47.0845,-3.610500000000002,False
2014-02-16 02:22:00,46.58,47.10433333333333,-0.5243333333333311,False
2014-02-16 02:27:00,38.522,46.97024999999999,-8.448249999999994,True
2014-02-16 02:32:00,52.794,46.88125,5.9127499999999955,False
2014-02-16 02:37:00,44.43600000000001,46.912499999999994,-2.4764999999999873,False
2014-02-16 02:42:00,41.854,46.81758333333334,-4.9635833333333395,False
2014-02-16 02:47:00,51.056,46.83416666666667,4.221833333333329,False
2014-02-16 02:52:00,46.11,46.77741666666666,-0.6674166666666608,False
2014-02-16 02:57:00,46.15,46.82391666666667,-0.6739166666666705,False
2014-02-16 03:02:00,50.54,46.841499999999996,3.698500000000003,False
2014-02-16 03:07:00,48.122,46.913916666666665,1.2080833333333345,False
2014-02-16 03:12:00,44.108,46.776999999999994,-2.668999999999997,False
2014-02-16 03:17:00,47.492,46.58658333333333,0.9054166666666674,False
2014-02-16 03:22:00,41.808,46.590666666666664,-4.782666666666664,False
2014-02-16 03:27:00,56.22,46.61975,9.600249999999996,True
2014-02-16 03:32:00,45.306,46.74433333333332,-1.4383333333333255,False
2014-02-16 03:37:00,43.404,46.573,-3.168999999999997,False
2014-02-16 03:42:00,50.352,46.56825,3.7837499999999977,False
2014-02-16 03:47:00,47.48,46.61425,0.8657499999999985,False
2014-02-16 03:52:00,44.674,46.68233333333333,-2.008333333333333,False
2014-02-16 03:57:00,49.672,46.58266666666666,3.089333333333336,False
2014-02-16 04:02:00,40.694,46.66266666666667,-5.968666666666664,False
2014-02-16 04:07:00,54.212,46.6055,7.606500000000004,False
2014-02-16 04:12:00,46.38399999999999,46.709833333333336,-0.3258333333333425,False
2014-02-16 04:17:00,41.292,46.72683333333333,-5.43483333333333,False
2014-02-16 04:22:00,52.806,46.63591666666667,6.170083333333331,False
2014-02-16 04:27:00,46.154,46.89533333333333,-0.7413333333333298,False
2014-02-16 04:32:00,42.456,47.21333333333333,-4.757333333333328,False
2014-02-16 04:37:00,49.46,46.78258333333334,2.677416666666659,False
2014-02-16 04:42:00,46.12600000000001,46.99191666666666,-0.8659166666666493,False
2014-02-16 04:47:00,45.61,47.16991666666667,-1.5599166666666733,False
2014-02-16 04:52:00,46.878,46.943000000000005,-0.06500000000000483,False
2014-02-16 04:57:00,42.746,46.974999999999994,-4.228999999999992,False
2014-02-16 05:02:00,53.028,46.83316666666667,6.194833333333328,False
2014-02-16 05:07:00,47.63,46.93683333333334,0.6931666666666629,False
2014-02-16 05:12:00,41.11600000000001,46.916333333333334,-5.800333333333327,False
2014-02-16 05:17:00,49.32,46.791666666666664,2.528333333333336,False
2014-02-16 05:22:00,46.478,46.86783333333333,-0.38983333333332837,False
2014-02-16 05:27:00,45.56399999999999,47.06241666666666,-1.4984166666666638,False
2014-02-16 05:32:00,47.256,46.61841666666667,0.6375833333333318,False
2014-02-16 05:37:00,40.488,46.69966666666667,-6.211666666666673,False
2014-02-16 05:42:00,52.652,46.57816666666667,6.073833333333333,False
2014-02-16 05:47:00,44.718,46.674,-1.955999999999996,False
2014-02-16 05:52:00,42.97,46.55891666666667,-3.5889166666666696,False
2014-02-16 05:57:00,51.854,46.48791666666667,5.366083333333329,False
2014-02-16 06:02:00,46.076,46.578833333333336,-0.502833333333335,False
2014-02-16 06:07:00,45.904,46.803083333333326,-0.8990833333333228,False
2014-02-16 06:12:00,47.276,46.45691666666667,0.8190833333333316,False
2014-02-16 06:17:00,41.714,46.49408333333333,-4.78008333333333,False
2014-02-16 06:22:00,52.972,46.51166666666668,6.460333333333324,False
2014-02-16 06:27:00,44.984,46.51858333333334,-1.5345833333333374,False
2014-02-16 06:32:00,43.29,46.469833333333334,-3.1798333333333346,False
2014-02-16 06:37:00,49.694,46.50458333333333,3.1894166666666734,False
2014-02-16 06:42:00,45.234,46.51433333333333,-1.2803333333333313,False
2014-02-16 06:47:00,45.56399999999999,46.47716666666667,-0.913166666666676,False
2014-02-16 06:52:00,46.3,46.475249999999996,-0.17524999999999835,False
2014-02-16 06:57:00,43.56800000000001,46.451166666666666,-2.8831666666666536,False
2014-02-16 07:02:00,52.724,46.48541666666667,6.238583333333324,False
2014-02-16 07:07:00,46.784,46.47275,0.31125000000000114,False
2014-02-16 07:12:00,42.23,46.4375,-4.207500000000003,False
2014-02-16 07:17:00,50.448,46.483916666666666,3.9640833333333347,False
2014-02-16 07:22:00,46.432,46.53091666666666,-0.09891666666666055,False
2014-02-16 07:27:00,43.826,46.529,-2.703000000000003,False
2014-02-16 07:32:00,49.508,46.456583333333334,3.051416666666668,False
2014-02-16 07:37:00,45.488,46.55041666666667,-1.062416666666671,False
2014-02-16 07:42:00,45.908,46.75875,-0.8507499999999979,False
2014-02-16 07:47:00,45.68,46.47775000000001,-0.7977500000000077,False
2014-02-16 07:52:00,40.094,46.51783333333333,-6.423833333333327,False
2014-02-16 07:57:00,54.828,46.397999999999996,8.430000000000007,True
2014-02-16 08:02:00,45.212,46.52191666666666,-1.309916666666659,False
2014-02-16 08:07:00,44.444,46.48591666666666,-2.0419166666666584,False
2014-02-16 08:12:00,47.676,46.42508333333333,1.2509166666666687,False
2014-02-16 08:17:00,39.742,46.441750000000006,-6.699750000000009,False
2014-02-16 08:22:00,50.678,46.359583333333326,4.318416666666671,False
2014-02-16 08:27:00,46.292,46.264,0.027999999999998693,False
2014-02-16 08:32:00,42.044,46.3185,-4.274500000000003,False
2014-02-16 08:37:00,52.066,46.26658333333334,5.799416666666666,False
2014-02-16 08:42:00,45.258,46.36541666666667,-1.1074166666666656,False
2014-02-16 08:47:00,43.45399999999999,46.36641666666666,-2.9124166666666653,False
2014-02-16 08:52:00,48.166,46.2785,1.8874999999999957,False
2014-02-16 08:57:00,41.854,46.35625000000001,-4.502250000000011,False
2014-02-16 09:02:00,49.504,46.284833333333324,3.2191666666666734,False
2014-02-16 09:07:00,47.596,46.150666666666666,1.4453333333333305,False
2014-02-16 09:12:00,40.592,46.18450000000001,-5.592500000000008,False
2014-02-16 09:17:00,50.274,46.11625,4.15775,False
2014-02-16 09:22:00,45.83,46.109,-0.27900000000000347,False
2014-02-16 09:27:00,42.788,46.08391666666666,-3.2959166666666633,False
2014-02-16 09:32:00,47.86600000000001,46.04066666666666,1.8253333333333472,False
2014-02-16 09:37:00,41.714,45.972249999999995,-4.258249999999997,False
2014-02-16 09:42:00,52.324,45.815000000000005,6.508999999999993,False
2014-02-16 09:47:00,46.666,46.08233333333333,0.5836666666666659,False
2014-02-16 09:52:00,42.512,46.123416666666664,-3.6114166666666634,False
2014-02-16 09:57:00,51.69,46.22416666666667,5.465833333333329,False
2014-02-16 10:02:00,46.846,46.09341666666666,0.7525833333333338,False
2014-02-16 10:07:00,45.026,46.1615,-1.1354999999999933,False
2014-02-16 10:12:00,48.166,46.18574999999999,1.9802500000000052,False
2014-02-16 10:17:00,40.234,46.20616666666666,-5.972166666666659,False
2014-02-16 10:22:00,52.066,46.22666666666667,5.839333333333336,False
2014-02-16 10:27:00,46.01,46.2845,-0.2745000000000033,False
2014-02-16 10:32:00,41.62,46.27275,-4.652750000000005,False
2014-02-16 10:37:00,49.932,46.255083333333324,3.6769166666666777,False
2014-02-16 10:42:00,45.492,46.16616666666667,-0.6741666666666717,False
2014-02-16 10:47:00,43.31,46.175916666666666,-2.8659166666666636,False
2014-02-16 10:52:00,48.874,46.169916666666666,2.7040833333333367,False
2014-02-16 10:57:00,48.56800000000001,46.19941666666666,2.368583333333355,False
2014-02-16 11:02:00,44.918,46.479166666666664,-1.561166666666665,False
2014-02-16 11:07:00,48.676,46.28808333333333,2.387916666666669,False
2014-02-16 11:12:00,39.678,46.33308333333333,-6.65508333333333,False
2014-02-16 11:17:00,52.206,46.29500000000001,5.910999999999994,False
2014-02-16 11:22:00,44.47,46.375499999999995,-1.9054999999999964,False
2014-02-16 11:27:00,42.512,46.31883333333334,-3.806833333333337,False
2014-02-16 11:32:00,48.508,46.30733333333333,2.2006666666666703,False
2014-02-16 11:37:00,45.37600000000001,46.33408333333333,-0.9580833333333203,False
2014-02-16 11:42:00,46.032,46.48666666666666,-0.454666666666661,False
2014-02-16 11:47:00,47.394,46.224500000000006,1.1694999999999922,False
2014-02-16 11:52:00,39.738,46.254833333333345,-6.516833333333345,False
2014-02-16 11:57:00,53.544,46.13925,7.40475,False
2014-02-16 12:02:00,45.752,46.2165,-0.464500000000001,False
2014-02-16 12:07:00,44.672,46.17091666666667,-1.4989166666666733,False
2014-02-16 12:12:00,48.802,46.15616666666667,2.6458333333333286,False
2014-02-16 12:17:00,39.812,46.18266666666667,-6.370666666666672,False
2014-02-16 12:22:00,50.13,46.165083333333335,3.9649166666666673,False
2014-02-16 12:27:00,46.838,46.08441666666666,0.7535833333333386,False
2014-02-16 12:32:00,40.908,46.11891666666667,-5.2109166666666695,False
2014-02-16 12:37:00,51.808,46.08925,5.71875,False
2014-02-16 12:42:00,42.12,46.16741666666667,-4.04741666666667,False
2014-02-16 12:47:00,42.136,46.02691666666667,-3.8909166666666692,False
2014-02-16 12:52:00,48.45,45.97800000000001,2.471999999999994,False
2014-02-16 12:57:00,48.06,45.96033333333333,2.0996666666666712,False
2014-02-16 13:02:00,43.756,45.93916666666667,-2.183166666666672,False
2014-02-16 13:07:00,49.542,45.89075,3.6512500000000045,False
2014-02-16 13:12:00,39.976,45.92683333333334,-5.9508333333333425,False
2014-02-16 13:17:00,52.512,45.939249999999994,6.572750000000006,False
2014-02-16 13:22:00,44.504,45.952,-1.4480000000000004,False
2014-02-16 13:27:00,42.606,45.95341666666667,-3.3474166666666676,False
2014-02-16 13:32:00,48.65600000000001,45.95733333333334,2.698666666666675,False
2014-02-16 13:37:00,46.05,45.9635,0.0864999999999938,False
2014-02-16 13:42:00,45.022,45.99158333333333,-0.9695833333333326,False
2014-02-16 13:47:00,48.754,45.9495,2.8044999999999973,False
2014-02-16 13:52:00,39.772,46.006166666666665,-6.234166666666667,False
2014-02-16 13:57:00,54.918,46.007583333333336,8.910416666666663,True
2014-02-16 14:02:00,45.962,46.06483333333333,-0.10283333333332934,False
2014-02-16 14:07:00,44.61600000000001,46.07358333333334,-1.4575833333333321,False
2014-02-16 14:12:00,48.756,46.07125,2.684750000000001,False
2014-02-16 14:17:00,46.666,46.06933333333334,0.5966666666666569,False
2014-02-16 14:22:00,43.652,46.35491666666667,-2.702916666666667,False
2014-02-16 14:27:00,46.9,46.08500000000001,0.8149999999999906,False
2014-02-16 14:32:00,39.718,46.08758333333333,-6.369583333333324,False
2014-02-16 14:37:00,52.182,46.038000000000004,6.143999999999998,False
2014-02-16 14:42:00,45.47,46.053583333333336,-0.5835833333333369,False
2014-02-16 14:47:00,41.972,46.19316666666668,-4.221166666666676,False
2014-02-16 14:52:00,46.972,46.18633333333333,0.7856666666666712,False
2014-02-16 14:57:00,46.292,46.124750000000006,0.16724999999999568,False
2014-02-16 15:02:00,42.71,46.05108333333333,-3.34108333333333,False
2014-02-16 15:07:00,50.394,46.0075,4.386499999999998,False
2014-02-16 15:12:00,40.47,46.043,-5.573,False
2014-02-16 15:17:00,51.13399999999999,46.063583333333334,5.0704166666666595,False
2014-02-16 15:22:00,44.812,46.00616666666667,-1.1941666666666748,False
2014-02-16 15:27:00,41.58,46.019,-4.439,False
2014-02-16 15:32:00,50.094,45.97625,4.117750000000001,False
2014-02-16 15:37:00,46.056,46.03616666666667,0.019833333333330927,False
2014-02-16 15:42:00,43.452,46.03641666666667,-2.5844166666666695,False
2014-02-16 15:47:00,48.474,45.971,2.503,False
2014-02-16 15:52:00,40.634,45.95933333333334,-5.32533333333334,False
2014-02-16 15:57:00,53.334,45.99525,7.3387500000000045,False
2014-02-16 16:02:00,46.032,45.929249999999996,0.10275000000000034,False
2014-02-16 16:07:00,43.334,45.93216666666667,-2.598166666666664,False
2014-02-16 16:12:00,49.448,45.87875,3.569250000000004,False
2014-02-16 16:17:00,46.69,45.90758333333333,0.7824166666666699,False
2014-02-16 16:22:00,44.39,45.90858333333333,-1.518583333333332,False
2014-02-16 16:27:00,45.292,45.93933333333333,-0.6473333333333287,False
2014-02-16 16:32:00,40.282,45.87233333333334,-5.590333333333341,False
2014-02-16 16:37:00,50.75,45.895833333333336,4.854166666666664,False
2014-02-16 16:42:00,48.122,45.836166666666664,2.2858333333333363,False
2014-02-16 16:47:00,41.362,45.946666666666665,-4.584666666666664,False
2014-02-16 16:52:00,50.988,45.92124999999999,5.066750000000006,False
2014-02-16 16:57:00,46.31399999999999,46.08858333333333,0.2254166666666606,False
2014-02-16 17:02:00,43.192,46.08950000000001,-2.897500000000008,False
2014-02-16 17:07:00,50.798,46.10958333333334,4.688416666666662,False
2014-02-16 17:12:00,45.858,46.12641666666667,-0.2684166666666741,False
2014-02-16 17:17:00,44.95399999999999,46.35091666666667,-1.3969166666666766,False
2014-02-16 17:22:00,46.408,46.09341666666666,0.31458333333333854,False
2014-02-16 17:27:00,40.234,46.15991666666667,-5.925916666666666,False
2014-02-16 17:32:00,52.51600000000001,46.103833333333334,6.412166666666678,False
2014-02-16 17:37:00,44.342,46.20475,-1.8627499999999984,False
2014-02-16 17:42:00,42.958,46.13333333333333,-3.1753333333333345,False
2014-02-16 17:47:00,47.934,46.112750000000005,1.821249999999992,False
2014-02-16 17:52:00,45.986,46.09025,-0.1042500000000004,False
2014-02-16 17:57:00,47.354,46.313250000000004,1.0407499999999956,False
2014-02-16 18:02:00,48.216,46.064083333333336,2.151916666666665,False
2014-02-16 18:07:00,42.74,46.15508333333333,-3.415083333333328,False
2014-02-16 18:12:00,51.096,46.13033333333334,4.965666666666657,False
2014-02-16 18:17:00,45.63399999999999,46.199000000000005,-0.5650000000000119,False
2014-02-16 18:22:00,42.23,46.154999999999994,-3.924999999999997,False
2014-02-16 18:27:00,50.47,46.065,4.405000000000001,False
2014-02-16 18:32:00,44.04,46.28074999999999,-2.2407499999999914,False
2014-02-16 18:37:00,44.02,46.43733333333333,-2.4173333333333247,False
2014-02-16 18:42:00,48.004,46.15691666666666,1.8470833333333374,False
2014-02-16 18:47:00,40.774,46.151999999999994,-5.377999999999993,False
2014-02-16 18:52:00,52.0,46.1275,5.872500000000002,False
2014-02-16 18:57:00,48.356,46.169666666666664,2.1863333333333372,False
2014-02-16 19:02:00,41.01,46.254749999999994,-5.244749999999996,False
2014-02-16 19:07:00,53.38,46.16383333333332,7.21616666666668,False
2014-02-16 19:12:00,44.132,46.27141666666666,-2.139416666666662,False
2014-02-16 19:17:00,42.972,46.1995,-3.227499999999999,False
2014-02-16 19:22:00,47.88800000000001,46.11691666666667,1.771083333333344,False
2014-02-16 19:27:00,39.918,46.178583333333336,-6.2605833333333365,False
2014-02-16 19:32:00,50.868,46.165416666666665,4.702583333333337,False
2014-02-16 19:37:00,46.574,46.09675000000001,0.47724999999999085,False
2014-02-16 19:42:00,41.46,46.189750000000004,-4.729750000000003,False
2014-02-16 19:47:00,51.808,46.127333333333326,5.680666666666674,False
2014-02-16 19:52:00,44.24800000000001,46.28874999999999,-2.0407499999999814,False
2014-02-16 19:57:00,45.282,46.21633333333333,-0.9343333333333348,False
2014-02-16 20:02:00,49.484,46.13,3.353999999999999,False
2014-02-16 20:07:00,48.826,46.18283333333333,2.643166666666673,False
2014-02-16 20:12:00,43.462,46.436416666666666,-2.974416666666663,False
2014-02-16 20:17:00,48.38,46.11833333333333,2.2616666666666703,False
2014-02-16 20:22:00,45.822,46.23275000000001,-0.4107500000000073,False
2014-02-16 20:27:00,46.22,46.38241666666667,-0.16241666666667243,False
2014-02-16 20:32:00,47.31,46.205333333333336,1.1046666666666667,False
2014-02-16 20:37:00,40.37,46.34158333333334,-5.971583333333342,False
2014-02-16 20:42:00,50.164,46.18950000000001,3.974499999999992,False
2014-02-16 20:47:00,45.54,46.279500000000006,-0.7395000000000067,False
2014-02-16 20:52:00,42.276,46.47808333333334,-4.202083333333334,False
2014-02-16 20:57:00,51.38800000000001,46.07291666666668,5.315083333333334,False
2014-02-16 21:02:00,46.808,46.199250000000006,0.6087499999999935,False
2014-02-16 21:07:00,44.566,46.44083333333334,-1.874833333333335,False
2014-02-16 21:12:00,48.17,46.07358333333334,2.096416666666663,False
2014-02-16 21:17:00,39.954,46.24183333333334,-6.287833333333339,False
2014-02-16 21:22:00,50.61,46.116083333333336,4.493916666666664,False
2014-02-16 21:27:00,45.15600000000001,46.2295,-1.0734999999999886,False
2014-02-16 21:32:00,41.502,46.44774999999999,-4.94574999999999,False
2014-02-16 21:37:00,48.754,46.057500000000005,2.6964999999999932,False
2014-02-16 21:42:00,45.188,46.14833333333333,-0.960333333333331,False
2014-02-16 21:47:00,43.92,46.30366666666668,-2.3836666666666773,False
2014-02-16 21:52:00,47.254,45.974999999999994,1.2790000000000035,False
2014-02-16 21:57:00,42.652,46.10025000000001,-3.4482500000000087,False
2014-02-16 22:02:00,50.302,45.99066666666667,4.31133333333333,False
2014-02-16 22:07:00,48.872,46.024750000000004,2.8472499999999954,False
2014-02-16 22:12:00,40.27,46.02666666666667,-5.756666666666668,False
2014-02-16 22:17:00,51.76,45.89366666666667,5.86633333333333,False
2014-02-16 22:22:00,44.414,46.03450000000001,-1.620500000000007,False
2014-02-16 22:27:00,44.092,45.975833333333334,-1.8838333333333352,False
2014-02-16 22:32:00,49.218,45.887166666666666,3.330833333333338,False
2014-02-16 22:37:00,39.694,45.96666666666667,-6.272666666666666,False
2014-02-16 22:42:00,51.104,45.9385,5.1655000000000015,False
2014-02-16 22:47:00,45.98,45.977666666666664,0.0023333333333326323,False
2014-02-16 22:52:00,42.332,45.996,-3.6640000000000015,False
2014-02-16 22:57:00,52.91,45.998333333333335,6.911666666666662,False
2014-02-16 23:02:00,43.968,46.061749999999996,-2.093749999999993,False
2014-02-16 23:07:00,45.14,45.94341666666667,-0.8034166666666707,False
2014-02-16 23:12:00,48.51600000000001,45.96733333333333,2.5486666666666835,False
2014-02-16 23:17:00,45.826,45.98175,-0.1557499999999976,False
2014-02-16 23:22:00,45.158,46.226416666666665,-1.0684166666666641,False
2014-02-16 23:27:00,48.012,45.999249999999996,2.012750000000004,False
2014-02-16 23:32:00,39.86,46.11825000000001,-6.258250000000011,False
2014-02-16 23:37:00,51.67,46.04983333333333,5.62016666666667,False
2014-02-16 23:42:00,46.444,46.17133333333334,0.27266666666666595,False
2014-02-16 23:47:00,43.678,46.22366666666667,-2.545666666666669,False
2014-02-16 23:52:00,49.622,46.21358333333334,3.4084166666666604,False
2014-02-16 23:57:00,47.652,46.31225,1.3397500000000022,False
2014-02-17 00:02:00,44.062,46.52058333333333,-2.45858333333333,False
2014-02-17 00:07:00,50.54,46.26058333333333,4.27941666666667,False
2014-02-17 00:12:00,41.31,46.330083333333334,-5.020083333333332,False
2014-02-17 00:17:00,51.448,46.373416666666664,5.0745833333333366,False
2014-02-17 00:22:00,46.066,46.36041666666666,-0.2944166666666561,False
2014-02-17 00:27:00,41.56399999999999,46.429249999999996,-4.865250000000003,False
2014-02-17 00:32:00,51.386,46.32391666666667,5.062083333333334,False
2014-02-17 00:37:00,44.668,46.41425,-1.7462500000000034,False
2014-02-17 00:42:00,43.662,46.621500000000005,-2.9595000000000056,False
2014-02-17 00:47:00,49.272,46.311416666666666,2.9605833333333322,False
2014-02-17 00:52:00,45.024,46.44858333333334,-1.424583333333338,False
2014-02-17 00:57:00,45.822,46.56074999999999,-0.7387499999999889,False
2014-02-17 01:02:00,47.05,46.265416666666674,0.7845833333333232,False
2014-02-17 01:07:00,41.708,46.39383333333333,-4.685833333333335,False
2014-02-17 01:12:00,51.996,46.25083333333334,5.7451666666666625,False
2014-02-17 01:17:00,45.962,46.395833333333336,-0.4338333333333324,False
2014-02-17 01:22:00,42.464,46.4015,-3.9375,False
2014-02-17 01:27:00,48.352,46.28925,2.062749999999994,False
2014-02-17 01:32:00,46.194,46.303416666666664,-0.10941666666666094,False
2014-02-17 01:37:00,45.282,46.56733333333333,-1.2853333333333339,False
2014-02-17 01:42:00,46.174,46.30116666666667,-0.12716666666666754,False
2014-02-17 01:47:00,39.95,46.28991666666667,-6.339916666666667,False
2014-02-17 01:52:00,52.38399999999999,46.134583333333325,6.249416666666669,False
2014-02-17 01:57:00,46.778,46.24966666666666,0.528333333333336,False
2014-02-17 02:02:00,43.78,46.213249999999995,-2.433249999999994,False
2014-02-17 02:07:00,49.812,46.2015,3.6104999999999947,False
2014-02-17 02:12:00,46.22,46.171166666666664,0.048833333333334394,False
2014-02-17 02:17:00,46.432,46.375750000000004,0.05624999999999858,False
2014-02-17 02:22:00,47.23,46.16675000000001,1.0632499999999894,False
2014-02-17 02:27:00,40.54,46.215250000000005,-5.6752500000000055,False
2014-02-17 02:32:00,52.582,46.172583333333336,6.409416666666665,False
2014-02-17 02:37:00,45.258,46.22241666666667,-0.9644166666666649,False
2014-02-17 02:42:00,42.65,46.24699999999999,-3.596999999999994,False
2014-02-17 02:47:00,49.93,46.20483333333334,3.7251666666666594,False
2014-02-17 02:52:00,39.648,46.23224999999999,-6.58424999999999,False
2014-02-17 02:57:00,53.804,46.008250000000004,7.795749999999998,False
2014-02-17 03:02:00,46.62,46.34083333333333,0.27916666666666856,False
2014-02-17 03:07:00,43.486,46.322916666666664,-2.836916666666667,False
2014-02-17 03:12:00,52.88800000000001,46.39699999999999,6.491000000000021,False
2014-02-17 03:17:00,43.85,46.43416666666667,-2.5841666666666683,False
2014-02-17 03:22:00,43.51,46.34616666666667,-2.8361666666666707,False
2014-02-17 03:27:00,48.372,46.38975,1.9822500000000005,False
2014-02-17 03:32:00,40.352,46.39058333333333,-6.038583333333335,False
2014-02-17 03:37:00,51.13800000000001,46.14716666666667,4.990833333333342,False
2014-02-17 03:42:00,45.07,46.39116666666666,-1.321166666666663,False
2014-02-17 03:47:00,42.668,46.345166666666664,-3.6771666666666647,False
2014-02-17 03:52:00,50.868,46.45841666666667,4.40958333333333,False
2014-02-17 03:57:00,48.58600000000001,46.395250000000004,2.1907500000000084,False
2014-02-17 04:02:00,44.062,46.47058333333334,-2.4085833333333397,False
2014-02-17 04:07:00,49.372,46.48233333333334,2.8896666666666633,False
2014-02-17 04:12:00,40.132,46.464,-6.332000000000001,False
2014-02-17 04:17:00,52.982,46.21033333333333,6.771666666666668,False
2014-02-17 04:22:00,47.006,46.48325,0.522750000000002,False
2014-02-17 04:27:00,43.544,46.47391666666667,-2.9299166666666707,False
2014-02-17 04:32:00,49.39,46.59908333333333,2.790916666666668,False
2014-02-17 04:37:00,48.708,46.46608333333334,2.2419166666666612,False
2014-02-17 04:42:00,43.756,46.609833333333334,-2.853833333333334,False
2014-02-17 04:47:00,47.84,46.65591666666666,1.1840833333333407,False
2014-02-17 04:52:00,40.846,46.56883333333334,-5.722833333333341,False
2014-02-17 04:57:00,53.17,46.61875,6.551250000000003,False
2014-02-17 05:02:00,46.894,46.592333333333336,0.3016666666666623,False
2014-02-17 05:07:00,43.82,46.60375,-2.7837499999999977,False
2014-02-17 05:12:00,49.872,46.61766666666667,3.254333333333328,False
2014-02-17 05:17:00,45.07,46.492,-1.421999999999997,False
2014-02-17 05:22:00,44.468,46.542833333333334,-2.0748333333333306,False
2014-02-17 05:27:00,47.136,46.582750000000004,0.5532499999999985,False
2014-02-17 05:32:00,40.962,46.53125,-5.569249999999997,False
2014-02-17 05:37:00,52.99,46.556666666666665,6.433333333333337,False
2014-02-17 05:42:00,44.788,46.633833333333335,-1.8458333333333385,False
2014-02-17 05:47:00,42.442,46.622083333333336,-4.180083333333336,False
2014-02-17 05:52:00,50.07,46.61266666666666,3.457333333333338,False
2014-02-17 05:57:00,47.664,46.57941666666667,1.0845833333333346,False
2014-02-17 06:02:00,44.414,46.541,-2.1269999999999953,False
2014-02-17 06:07:00,49.214,46.55566666666667,2.6583333333333314,False
2014-02-17 06:12:00,39.958,46.549083333333336,-6.591083333333337,False
2014-02-17 06:17:00,51.482,46.54183333333333,4.94016666666667,False
2014-02-17 06:22:00,46.432,46.47933333333333,-0.04733333333332723,False
2014-02-17 06:27:00,43.662,46.45541666666666,-2.7934166666666584,False
2014-02-17 06:32:00,47.768,46.46033333333333,1.3076666666666696,False
2014-02-17 06:37:00,46.174,46.39275,-0.21875,False
2014-02-17 06:42:00,45.188,46.28716666666667,-1.0991666666666688,False
2014-02-17 06:47:00,47.414,46.346833333333336,1.0671666666666653,False
2014-02-17 06:52:00,40.842,46.32908333333334,-5.487083333333338,False
2014-02-17 06:57:00,54.0,46.328916666666665,7.6710833333333355,False
2014-02-17 07:02:00,44.83600000000001,46.363499999999995,-1.527499999999982,False
2014-02-17 07:07:00,44.038,46.27775,-2.239750000000001,False
2014-02-17 07:12:00,48.356,46.286833333333334,2.0691666666666677,False
2014-02-17 07:17:00,39.882,46.22366666666667,-6.341666666666669,False
2014-02-17 07:22:00,50.492,46.0075,4.484499999999997,False
2014-02-17 07:27:00,45.258,46.2585,-1.0004999999999953,False
2014-02-17 07:32:00,42.23,46.18025,-3.950250000000004,False
2014-02-17 07:37:00,50.896,46.23308333333333,4.662916666666668,False
2014-02-17 07:42:00,44.712,46.145833333333336,-1.4338333333333324,False
2014-02-17 07:47:00,43.24,46.14266666666666,-2.9026666666666614,False
2014-02-17 07:52:00,48.452,46.175916666666666,2.2760833333333323,False
2014-02-17 07:57:00,44.09,46.1085,-2.018499999999996,False
2014-02-17 08:02:00,50.56399999999999,45.95958333333334,4.604416666666651,False
2014-02-17 08:07:00,48.428,46.215833333333336,2.2121666666666613,False
2014-02-17 08:12:00,40.094,46.183083333333336,-6.089083333333335,False
2014-02-17 08:17:00,52.59,46.18875,6.4012500000000045,False
2014-02-17 08:22:00,44.53,46.23491666666667,-1.7049166666666693,False
2014-02-17 08:27:00,43.592,46.15566666666667,-2.56366666666667,False
2014-02-17 08:32:00,48.856,46.15275,2.703250000000004,False
2014-02-17 08:37:00,41.002,46.19808333333333,-5.196083333333327,False
2014-02-17 08:42:00,50.938,45.98258333333334,4.955416666666665,False
2014-02-17 08:47:00,46.69,46.22216666666666,0.46783333333333843,False
2014-02-17 08:52:00,41.198,46.192,-4.994,False
2014-02-17 08:57:00,52.91,46.20683333333334,6.703166666666654,False
2014-02-17 09:02:00,46.784,46.16141666666667,0.6225833333333313,False
2014-02-17 09:07:00,45.164,46.242583333333336,-1.0785833333333343,False
2014-02-17 09:12:00,48.428,46.289500000000004,2.1384999999999934,False
2014-02-17 09:17:00,46.38399999999999,46.2925,0.09149999999999636,False
2014-02-17 09:22:00,44.154,46.56341666666666,-2.409416666666658,False
2014-02-17 09:27:00,46.478,46.29933333333333,0.17866666666667186,False
2014-02-17 09:32:00,40.3,46.35016666666667,-6.050166666666669,False
2014-02-17 09:37:00,51.69,46.269749999999995,5.420250000000003,False
2014-02-17 09:42:00,44.918,46.30283333333333,-1.384833333333333,False
2014-02-17 09:47:00,42.782,46.311416666666666,-3.5294166666666698,False
2014-02-17 09:52:00,48.756,46.29233333333334,2.4636666666666613,False
2014-02-17 09:57:00,48.252,46.305,1.9470000000000027,False
2014-02-17 10:02:00,43.584,46.478416666666675,-2.8944166666666717,False
2014-02-17 10:07:00,49.812,46.18758333333333,3.6244166666666686,False
2014-02-17 10:12:00,40.208,46.24525,-6.03725,False
2014-02-17 10:17:00,51.688,46.25,5.438000000000002,False
2014-02-17 10:22:00,44.87600000000001,46.21241666666666,-1.3364166666666506,False
2014-02-17 10:27:00,42.7,46.22683333333333,-3.526833333333329,False
2014-02-17 10:32:00,49.174,46.189666666666675,2.984333333333325,False
2014-02-17 10:37:00,46.924,46.20291666666666,0.7210833333333397,False
2014-02-17 10:42:00,45.37600000000001,46.449666666666666,-1.0736666666666537,False
2014-02-17 10:47:00,46.854,46.21791666666667,0.6360833333333318,False
2014-02-17 10:52:00,40.752,46.22475,-5.472749999999998,False
2014-02-17 10:57:00,54.6,46.20616666666666,8.39383333333334,True
2014-02-17 11:02:00,43.874,46.27658333333334,-2.4025833333333395,False
2014-02-17 11:07:00,44.93,46.15533333333334,-1.2253333333333387,False
2014-02-17 11:12:00,48.708,46.14558333333333,2.562416666666671,False
2014-02-17 11:17:00,45.268,46.157250000000005,-0.8892500000000041,False
2014-02-17 11:22:00,42.948,46.11075,-3.1627500000000026,False
2014-02-17 11:27:00,47.736,46.0605,1.6754999999999995,False
2014-02-17 11:32:00,46.55,46.11291666666667,0.4370833333333266,False
2014-02-17 11:37:00,45.492,46.373333333333335,-0.8813333333333375,False
2014-02-17 11:42:00,47.84,46.11508333333333,1.7249166666666724,False
2014-02-17 11:47:00,39.882,46.236833333333344,-6.354833333333346,False
2014-02-17 11:52:00,51.104,46.11599999999999,4.988000000000007,False
2014-02-17 11:57:00,45.64,46.21383333333333,-0.573833333333333,False
2014-02-17 12:02:00,42.834,46.105,-3.2709999999999937,False
2014-02-17 12:07:00,50.764,46.07375,4.690250000000006,False
2014-02-17 12:12:00,46.518,46.113416666666666,0.40458333333333485,False
2014-02-17 12:17:00,44.644,46.37633333333334,-1.7323333333333437,False
2014-02-17 12:22:00,48.326,46.08283333333333,2.243166666666667,False
2014-02-17 12:27:00,40.316,46.22658333333334,-5.910583333333335,False
2014-02-17 12:32:00,51.466,46.127250000000004,5.338749999999997,False
2014-02-17 12:37:00,45.558,46.22275,-0.664749999999998,False
2014-02-17 12:42:00,42.76,46.16583333333333,-3.4058333333333337,False
2014-02-17 12:47:00,49.648,46.05683333333334,3.591166666666666,False
2014-02-17 12:52:00,45.916,46.17325,-0.2572500000000062,False
2014-02-17 12:57:00,46.854,46.38841666666667,0.4655833333333277,False
2014-02-17 13:02:00,46.572,46.065666666666665,0.5063333333333375,False
2014-02-17 13:07:00,42.652,46.178083333333326,-3.5260833333333252,False
2014-02-17 13:12:00,52.536,46.08316666666667,6.452833333333331,False
2014-02-17 13:17:00,44.252,46.24266666666667,-1.9906666666666695,False
2014-02-17 13:22:00,42.184,46.20033333333333,-4.0163333333333355,False
2014-02-17 13:27:00,48.098,46.1685,1.9294999999999973,False
2014-02-17 13:32:00,45.38,46.18358333333333,-0.8035833333333287,False
2014-02-17 13:37:00,44.578,46.13483333333334,-1.556833333333337,False
2014-02-17 13:42:00,46.826,46.09675000000001,0.7292499999999933,False
2014-02-17 13:47:00,39.672,46.0545,-6.3825,False
2014-02-17 13:52:00,51.69,46.045750000000005,5.644249999999992,False
2014-02-17 13:57:00,46.83,46.070166666666665,0.7598333333333329,False
2014-02-17 14:02:00,43.098,46.11975,-3.0217500000000044,False
2014-02-17 14:07:00,49.882,46.13075,3.751249999999999,False
2014-02-17 14:12:00,39.836,46.094,-6.258000000000003,False
2014-02-17 14:17:00,51.198,45.815583333333336,5.382416666666664,False
2014-02-17 14:22:00,46.08,46.08866666666666,-0.008666666666663048,False
2014-02-17 14:27:00,41.808,45.995083333333326,-4.187083333333327,False
2014-02-17 14:32:00,49.43600000000001,46.05724999999999,3.378750000000018,False
2014-02-17 14:37:00,46.644,45.97266666666667,0.6713333333333296,False
2014-02-17 14:42:00,42.7,46.01791666666667,-3.317916666666669,False
2014-02-17 14:47:00,49.16,46.015416666666674,3.1445833333333226,False
2014-02-17 14:52:00,39.766,45.995083333333326,-6.229083333333328,False
2014-02-17 14:57:00,53.49800000000001,45.73883333333333,7.75916666666668,False
2014-02-17 15:02:00,45.778,46.01566666666667,-0.23766666666666936,False
2014-02-17 15:07:00,43.816,45.98258333333334,-2.1665833333333353,False
2014-02-17 15:12:00,52.282,46.031083333333335,6.250916666666662,False
2014-02-17 15:17:00,44.056,46.0205,-1.964500000000001,False
2014-02-17 15:22:00,43.08600000000001,46.01233333333334,-2.926333333333325,False
2014-02-17 15:27:00,47.674,46.04991666666667,1.6240833333333313,False
2014-02-17 15:32:00,40.408,46.032250000000005,-5.6242500000000035,False
2014-02-17 15:37:00,51.69,45.82508333333333,5.864916666666666,False
2014-02-17 15:42:00,44.976000000000006,46.12141666666667,-1.1454166666666623,False
2014-02-17 15:47:00,42.306,46.04433333333333,-3.7383333333333297,False
2014-02-17 15:52:00,51.944,46.154083333333325,5.789916666666677,False
2014-02-17 15:57:00,46.978,46.16466666666667,0.8133333333333326,False
2014-02-17 16:02:00,43.544,46.17083333333333,-2.6268333333333302,False
2014-02-17 16:07:00,51.854,46.189416666666666,5.664583333333333,False
2014-02-17 16:12:00,47.21,46.27158333333333,0.9384166666666687,False
2014-02-17 16:17:00,45.61,46.57883333333333,-0.968833333333329,False
2014-02-17 16:22:00,46.502,46.346000000000004,0.1559999999999988,False
2014-02-17 16:27:00,41.362,46.36358333333334,-5.001583333333336,False
2014-02-17 16:32:00,50.88,46.345000000000006,4.534999999999997,False
2014-02-17 16:37:00,45.63800000000001,46.405166666666666,-0.7671666666666539,False
2014-02-17 16:42:00,43.732,46.36325,-2.6312500000000014,False
2014-02-17 16:47:00,47.774,46.40625,1.367750000000001,False
2014-02-17 16:52:00,40.376,46.3485,-5.972500000000004,False
2014-02-17 16:57:00,54.084,46.373916666666666,7.710083333333337,False
2014-02-17 17:02:00,46.108,46.39833333333333,-0.29033333333333644,False
2014-02-17 17:07:00,43.028,46.41208333333333,-3.3840833333333293,False
2014-02-17 17:12:00,52.934,46.37924999999999,6.554750000000006,False
2014-02-17 17:17:00,43.882,46.406416666666665,-2.524416666666667,False
2014-02-17 17:22:00,44.162,46.399166666666666,-2.237166666666667,False
2014-02-17 17:27:00,50.492,46.443999999999996,4.048000000000002,False
2014-02-17 17:32:00,39.86,46.561416666666666,-6.701416666666667,False
2014-02-17 17:37:00,54.536,46.53858333333334,7.997416666666659,False
2014-02-17 17:42:00,46.056,46.65716666666666,-0.6011666666666642,False
2014-02-17 17:47:00,43.122,46.70216666666667,-3.5801666666666705,False
2014-02-17 17:52:00,49.108,46.73616666666667,2.3718333333333277,False
2014-02-17 17:57:00,48.56800000000001,46.618,1.95000000000001,False
2014-02-17 18:02:00,43.35,46.68425,-3.3342499999999973,False
2014-02-17 18:07:00,51.864,46.67616666666667,5.18783333333333,False
2014-02-17 18:12:00,40.122,46.676583333333326,-6.554583333333326,False
2014-02-17 18:17:00,51.69,46.38125,5.308749999999996,False
2014-02-17 18:22:00,46.174,46.63458333333333,-0.46058333333333223,False
2014-02-17 18:27:00,42.84,46.620916666666666,-3.7809166666666627,False
2014-02-17 18:32:00,50.426,46.6825,3.7435000000000045,False
2014-02-17 18:37:00,45.70399999999999,46.66358333333334,-0.9595833333333488,False
2014-02-17 18:42:00,44.108,46.666333333333334,-2.558333333333337,False
2014-02-17 18:47:00,47.676,46.681999999999995,0.9940000000000069,False
2014-02-17 18:52:00,40.178,46.67791666666667,-6.499916666666671,False
2014-02-17 18:57:00,56.408,46.66966666666667,9.73833333333333,True
2014-02-17 19:02:00,45.118,46.7665,-1.6484999999999985,False
2014-02-17 19:07:00,45.174,46.72525000000001,-1.5512500000000102,False
2014-02-17 19:12:00,49.272,46.814666666666675,2.457333333333324,False
2014-02-17 19:17:00,45.58600000000001,46.662083333333335,-1.0760833333333224,False
2014-02-17 19:22:00,45.692,46.73308333333333,-1.041083333333333,False
2014-02-17 19:27:00,47.35,46.79683333333333,0.5531666666666695,False
2014-02-17 19:32:00,40.188,46.66591666666667,-6.477916666666665,False
2014-02-17 19:37:00,53.63399999999999,46.67958333333333,6.95441666666666,False
2014-02-17 19:42:00,45.212,46.642,-1.4299999999999997,False
2014-02-17 19:47:00,43.31,46.606833333333334,-3.296833333333332,False
2014-02-17 19:52:00,49.084,46.614666666666665,2.4693333333333385,False
2014-02-17 19:57:00,47.382,46.61366666666667,0.7683333333333309,False
2014-02-17 20:02:00,44.108,46.56425000000001,-2.4562500000000114,False
2014-02-17 20:07:00,49.202,46.59583333333333,2.6061666666666667,False
2014-02-17 20:12:00,39.812,46.48491666666667,-6.672916666666673,False
2014-02-17 20:17:00,51.44600000000001,46.472,4.974000000000011,False
2014-02-17 20:22:00,45.68,46.46183333333334,-0.7818333333333385,False
2014-02-17 20:27:00,44.13,46.44125,-2.311249999999994,False
2014-02-17 20:32:00,48.664,46.495000000000005,2.168999999999997,False
2014-02-17 20:37:00,40.34,46.42158333333333,-6.081583333333327,False
2014-02-17 20:42:00,51.31399999999999,46.19808333333333,5.115916666666664,False
2014-02-17 20:47:00,46.01,46.498333333333335,-0.48833333333333684,False
2014-02-17 20:52:00,42.276,46.42891666666667,-4.15291666666667,False
2014-02-17 20:57:00,51.83,46.516333333333336,5.313666666666663,False
2014-02-17 21:02:00,46.902,46.325583333333334,0.5764166666666668,False
2014-02-17 21:07:00,46.432,46.39991666666666,0.03208333333333968,False
2014-02-17 21:12:00,47.54,46.452333333333335,1.0876666666666637,False
2014-02-17 21:17:00,40.582,46.38016666666667,-5.798166666666667,False
2014-02-17 21:22:00,52.676,46.17166666666666,6.504333333333342,False
2014-02-17 21:27:00,45.494,46.46266666666667,-0.968666666666671,False
2014-02-17 21:32:00,43.61600000000001,46.385333333333335,-2.7693333333333285,False
2014-02-17 21:37:00,50.328,46.528166666666664,3.799833333333339,False
2014-02-17 21:42:00,46.502,46.39041666666666,0.1115833333333427,False
2014-02-17 21:47:00,43.732,46.44416666666667,-2.7121666666666684,False
2014-02-17 21:52:00,48.63800000000001,46.46175,2.1762500000000102,False
2014-02-17 21:57:00,48.31,46.44316666666666,1.8668333333333393,False
2014-02-17 22:02:00,45.422,46.48183333333333,-1.05983333333333,False
2014-02-17 22:07:00,49.36600000000001,46.53658333333333,2.829416666666674,False
2014-02-17 22:12:00,40.37,46.543416666666666,-6.173416666666668,False
2014-02-17 22:17:00,52.474,46.56666666666667,5.907333333333327,False
2014-02-17 22:22:00,44.668,46.6095,-1.9414999999999978,False
2014-02-17 22:27:00,43.098,46.567333333333345,-3.4693333333333456,False
2014-02-17 22:32:00,48.896,46.52433333333334,2.3716666666666626,False
2014-02-17 22:37:00,40.492,46.534,-6.042000000000002,False
2014-02-17 22:42:00,51.408,46.540333333333336,4.867666666666665,False
2014-02-17 22:47:00,45.37600000000001,46.54425,-1.1682499999999862,False
2014-02-17 22:52:00,45.082,46.517833333333336,-1.4358333333333348,False
2014-02-17 22:57:00,50.69,46.63475,4.055250000000001,False
2014-02-17 23:02:00,46.666,46.587250000000004,0.07874999999999233,False
2014-02-17 23:07:00,48.216,46.577416666666664,1.6385833333333366,False
2014-02-17 23:12:00,45.986,46.65175,-0.6657500000000027,False
2014-02-17 23:17:00,41.29600000000001,46.586999999999996,-5.29099999999999,False
2014-02-17 23:22:00,53.78,46.61675,7.163249999999998,False
2014-02-17 23:27:00,45.798,46.662749999999996,-0.8647499999999937,False
2014-02-17 23:32:00,42.536,46.67541666666667,-4.139416666666669,False
2014-02-17 23:37:00,49.038,46.63041666666667,2.407583333333328,False
2014-02-17 23:42:00,45.868,46.576666666666675,-0.708666666666673,False
2014-02-17 23:47:00,43.92,46.55025,-2.6302499999999966,False
2014-02-17 23:52:00,46.578,46.558083333333336,0.019916666666667027,False
2014-02-17 23:57:00,42.14,46.47225,-4.332250000000002,False
2014-02-18 00:02:00,54.084,46.21516666666667,7.868833333333335,False
2014-02-18 00:07:00,46.596,46.57608333333334,0.01991666666665992,False
2014-02-18 00:12:00,43.226000000000006,46.46066666666667,-3.234666666666662,False
2014-02-18 00:17:00,48.798,46.57966666666667,2.2183333333333337,False
2014-02-18 00:22:00,46.588,46.426500000000004,0.16149999999999665,False
2014-02-18 00:27:00,44.22,46.506499999999996,-2.2864999999999966,False
2014-02-18 00:32:00,47.762,46.55325,1.208750000000002,False
2014-02-18 00:37:00,40.446,46.506,-6.060000000000002,False
2014-02-18 00:42:00,52.348,46.504083333333334,5.843916666666665,False
2014-02-18 00:47:00,46.38399999999999,46.54325000000001,-0.15925000000001432,False
2014-02-18 00:52:00,43.896,46.585249999999995,-2.689249999999994,False
2014-02-18 00:57:00,50.952,46.535833333333336,4.416166666666662,False
2014-02-18 01:02:00,45.492,46.54675,-1.0547500000000056,False
2014-02-18 01:07:00,46.902,46.49783333333334,0.40416666666666146,False
2014-02-18 01:12:00,49.23,46.443083333333334,2.786916666666663,False
2014-02-18 01:17:00,40.61,46.578250000000004,-5.968250000000005,False
2014-02-18 01:22:00,52.582,46.54966666666667,6.032333333333334,False
2014-02-18 01:27:00,45.328,46.499750000000006,-1.171750000000003,False
2014-02-18 01:32:00,42.38800000000001,46.48016666666667,-4.092166666666657,False
2014-02-18 01:37:00,48.938,46.474,2.4640000000000057,False
2014-02-18 01:42:00,39.554,46.469833333333334,-6.915833333333332,False
2014-02-18 01:47:00,51.83,46.20675,5.623249999999999,False
2014-02-18 01:52:00,45.51600000000001,46.53633333333334,-1.0203333333333262,False
2014-02-18 01:57:00,44.90600000000001,46.49208333333333,-1.5860833333333204,False
2014-02-18 02:02:00,49.672,46.607333333333344,3.0646666666666533,False
2014-02-18 02:07:00,47.676,46.4235,1.2525000000000048,False
2014-02-18 02:12:00,45.68600000000001,46.468500000000006,-0.7824999999999989,False
2014-02-18 02:17:00,46.62,46.571,0.04899999999999949,False
2014-02-18 02:22:00,41.056,46.480250000000005,-5.424250000000008,False
2014-02-18 02:27:00,54.53,46.24975,8.280250000000002,True
2014-02-18 02:32:00,49.976000000000006,46.67933333333334,3.296666666666667,False
2014-02-18 02:37:00,43.85,46.77158333333333,-2.9215833333333308,False
2014-02-18 02:42:00,49.008,46.91341666666667,2.0945833333333326,False
2014-02-18 02:47:00,45.792,46.774249999999995,-0.9822499999999934,False
2014-02-18 02:52:00,44.83,46.74958333333334,-1.9195833333333425,False
2014-02-18 02:57:00,49.88399999999999,46.7885,3.095499999999994,False
2014-02-18 03:02:00,40.274,46.744,-6.469999999999999,False
2014-02-18 03:07:00,54.986,46.52658333333333,8.45941666666667,True
2014-02-18 03:12:00,45.2,46.863416666666666,-1.663416666666663,False
2014-02-18 03:17:00,42.19600000000001,46.6955,-4.4994999999999905,False
2014-02-18 03:22:00,50.37,46.761583333333334,3.6084166666666633,False
2014-02-18 03:27:00,46.738,46.66941666666667,0.06858333333332922,False
2014-02-18 03:32:00,45.988,46.72816666666666,-0.74016666666666,False
2014-02-18 03:37:00,47.332,46.878166666666665,0.45383333333333553,False
2014-02-18 03:42:00,40.216,46.81125,-6.59525,False
2014-02-18 03:47:00,51.38399999999999,46.83883333333333,4.54516666666666,False
2014-02-18 03:52:00,44.32,46.820249999999994,-2.500249999999994,False
2014-02-18 03:57:00,44.234,46.77041666666667,-2.5364166666666677,False
2014-02-18 04:02:00,49.484,46.742416666666664,2.741583333333338,False
2014-02-18 04:07:00,47.09,46.73458333333334,0.35541666666666316,False
2014-02-18 04:12:00,44.46,46.71016666666666,-2.250166666666658,False
2014-02-18 04:17:00,46.854,46.659083333333335,0.19491666666666418,False
2014-02-18 04:22:00,41.43,46.66883333333333,-5.238833333333332,False
2014-02-18 04:27:00,51.902,46.68441666666667,5.21758333333333,False
2014-02-18 04:32:00,46.55,46.574916666666674,-0.02491666666667669,False
2014-02-18 04:37:00,41.43600000000001,46.43216666666667,-4.99616666666666,False
2014-02-18 04:42:00,50.47,46.331583333333334,4.138416666666664,False
2014-02-18 04:47:00,45.69600000000001,46.392500000000005,-0.6964999999999932,False
2014-02-18 04:52:00,44.89,46.38849999999999,-1.4984999999999928,False
2014-02-18 04:57:00,48.89,46.391,2.4990000000000023,False
2014-02-18 05:02:00,40.548,46.349583333333335,-5.801583333333333,False
2014-02-18 05:07:00,53.452,46.36100000000001,7.090999999999987,False
2014-02-18 05:12:00,46.432,46.29708333333334,0.1349166666666619,False
2014-02-18 05:17:00,41.878,46.34841666666667,-4.470416666666672,False
2014-02-18 05:22:00,50.56,46.33516666666667,4.224833333333329,False
2014-02-18 05:27:00,46.774,46.34308333333333,0.4309166666666684,False
2014-02-18 05:32:00,45.058,46.34458333333334,-1.2865833333333399,False
2014-02-18 05:37:00,47.394,46.30583333333334,1.088166666666659,False
2014-02-18 05:42:00,41.992,46.308416666666666,-4.316416666666669,False
2014-02-18 05:47:00,51.724,46.38241666666667,5.341583333333325,False
2014-02-18 05:52:00,44.624,46.39658333333333,-1.7725833333333298,False
2014-02-18 05:57:00,44.93,46.40925000000001,-1.4792500000000075,False
2014-02-18 06:02:00,49.53,46.438250000000004,3.0917499999999976,False
2014-02-18 06:07:00,48.192,46.44016666666667,1.7518333333333302,False
2014-02-18 06:12:00,45.47,46.48608333333334,-1.0160833333333414,False
2014-02-18 06:17:00,47.88800000000001,46.52816666666667,1.3598333333333414,False
2014-02-18 06:22:00,40.708,46.57125,-5.863250000000001,False
2014-02-18 06:27:00,52.44,46.54116666666667,5.898833333333329,False
2014-02-18 06:32:00,45.558,46.56358333333333,-1.0055833333333268,False
2014-02-18 06:37:00,41.902,46.52224999999999,-4.6202499999999915,False
2014-02-18 06:42:00,49.014,46.541666666666664,2.4723333333333386,False
2014-02-18 06:47:00,46.966,46.481,0.48499999999999943,False
2014-02-18 06:52:00,44.426,46.53391666666667,-2.107916666666668,False
2014-02-18 06:57:00,49.414,46.51458333333333,2.8994166666666743,False
2014-02-18 07:02:00,40.132,46.53641666666667,-6.40441666666667,False
2014-02-18 07:07:00,53.38,46.51908333333333,6.860916666666675,False
2014-02-18 07:12:00,45.306,46.516083333333334,-1.210083333333337,False
2014-02-18 07:17:00,41.902,46.46916666666667,-4.567166666666672,False
2014-02-18 07:22:00,48.428,46.470166666666664,1.9578333333333333,False
2014-02-18 07:27:00,45.892,46.38133333333334,-0.4893333333333345,False
2014-02-18 07:32:00,45.70399999999999,46.34458333333333,-0.6405833333333391,False
2014-02-18 07:37:00,46.522,46.3715,0.15050000000000097,False
2014-02-18 07:42:00,41.302,46.33516666666666,-5.033166666666659,False
2014-02-18 07:47:00,52.598,46.30641666666667,6.291583333333328,False
2014-02-18 07:52:00,45.37600000000001,46.34283333333334,-0.9668333333333266,False
2014-02-18 07:57:00,44.36600000000001,46.37416666666667,-2.0081666666666607,False
2014-02-18 08:02:00,49.882,46.35066666666666,3.531333333333336,False
2014-02-18 08:07:00,47.338,46.36533333333333,0.9726666666666688,False
2014-02-18 08:12:00,43.4,46.32975,-2.9297499999999985,False
2014-02-18 08:17:00,47.558,46.24349999999999,1.3145000000000095,False
2014-02-18 08:22:00,40.634,46.22975,-5.5957500000000024,False
2014-02-18 08:27:00,51.996,46.22666666666666,5.769333333333343,False
2014-02-18 08:32:00,45.24,46.20816666666667,-0.9681666666666686,False
2014-02-18 08:37:00,41.902,46.19491666666667,-4.29291666666667,False
2014-02-18 08:42:00,50.0,46.19491666666667,3.8050833333333287,False
2014-02-18 08:47:00,45.258,46.236,-0.9779999999999944,False
2014-02-18 08:52:00,44.29600000000001,46.16483333333334,-1.8688333333333347,False
2014-02-18 08:57:00,50.43,46.159416666666665,4.2705833333333345,False
2014-02-18 09:02:00,39.788,46.20175,-6.41375,False
2014-02-18 09:07:00,53.146,46.18741666666667,6.95858333333333,False
2014-02-18 09:12:00,45.916,46.17766666666666,-0.26166666666666316,False
2014-02-18 09:17:00,41.31399999999999,46.20308333333333,-4.889083333333339,False
2014-02-18 09:22:00,52.23,46.178583333333336,6.051416666666661,False
2014-02-18 09:27:00,44.94,46.336999999999996,-1.3969999999999985,False
2014-02-18 09:32:00,43.334,46.297333333333334,-2.963333333333331,False
2014-02-18 09:37:00,49.09,46.19858333333334,2.8914166666666645,False
2014-02-18 09:42:00,45.39,46.30558333333334,-0.9155833333333376,False
2014-02-18 09:47:00,43.756,46.47591666666667,-2.71991666666667,False
2014-02-18 09:52:00,48.708,46.107499999999995,2.600500000000004,False
2014-02-18 09:57:00,42.394,46.24633333333333,-3.852333333333334,False
2014-02-18 10:02:00,53.146,46.16416666666667,6.981833333333334,False
2014-02-18 10:07:00,46.854,46.30016666666666,0.553833333333337,False
2014-02-18 10:12:00,44.154,46.28,-2.1259999999999977,False
2014-02-18 10:17:00,48.468,46.31141666666667,2.15658333333333,False
2014-02-18 10:22:00,40.978,46.349333333333334,-5.371333333333332,False
2014-02-18 10:27:00,53.474,46.36366666666667,7.11033333333333,False
2014-02-18 10:32:00,45.452,46.42525,-0.9732500000000002,False
2014-02-18 10:37:00,43.098,46.43408333333333,-3.3360833333333275,False
2014-02-18 10:42:00,49.578,46.483916666666666,3.0940833333333373,False
2014-02-18 10:47:00,40.516,46.46633333333333,-5.950333333333333,False
2014-02-18 10:52:00,52.838,46.26874999999999,6.569250000000011,False
2014-02-18 10:57:00,47.718,46.62466666666668,1.0933333333333266,False
2014-02-18 11:02:00,42.39,46.51166666666666,-4.121666666666663,False
2014-02-18 11:07:00,51.554,46.62008333333333,4.9339166666666685,False
2014-02-18 11:12:00,47.724,46.55375,1.1702499999999958,False
2014-02-18 11:17:00,43.802,46.629083333333334,-2.8270833333333343,False
2014-02-18 11:22:00,49.43,46.73275,2.697249999999997,False
2014-02-18 11:27:00,40.938,46.616083333333336,-5.678083333333333,False
2014-02-18 11:32:00,53.17,46.44933333333333,6.7206666666666734,False
2014-02-18 11:37:00,45.6,46.85916666666666,-1.2591666666666583,False
2014-02-18 11:42:00,43.428,46.713750000000005,-3.2857500000000073,False
2014-02-18 11:47:00,49.46,46.632,2.828000000000003,False
2014-02-18 11:52:00,44.29600000000001,46.86966666666667,-2.5736666666666608,False
2014-02-18 11:57:00,45.774,46.685833333333335,-0.9118333333333339,False
2014-02-18 12:02:00,49.174,46.82666666666666,2.3473333333333386,False
2014-02-18 12:07:00,48.61,46.66116666666667,1.948833333333333,False
2014-02-18 12:12:00,45.244,46.73433333333333,-1.4903333333333322,False
2014-02-18 12:17:00,46.456,46.77975,-0.3237499999999969,False
2014-02-18 12:22:00,40.706,46.695916666666676,-5.989916666666673,False
2014-02-18 12:27:00,52.212,46.684583333333336,5.527416666666667,False
2014-02-18 12:32:00,44.36600000000001,46.632000000000005,-2.2659999999999982,False
2014-02-18 12:37:00,43.45,46.58675,-3.1367499999999993,False
2014-02-18 12:42:00,47.7,46.601416666666665,1.0985833333333375,False
2014-02-18 12:47:00,40.784,46.52316666666667,-5.739166666666669,False
2014-02-18 12:52:00,53.286,46.534333333333336,6.751666666666665,False
2014-02-18 12:57:00,46.558,46.553,0.005000000000002558,False
2014-02-18 13:02:00,44.118,46.50466666666667,-2.3866666666666703,False
2014-02-18 13:07:00,51.032,46.57666666666666,4.455333333333336,False
2014-02-18 13:12:00,41.456,46.55491666666668,-5.098916666666675,False
2014-02-18 13:17:00,51.996,46.293749999999996,5.7022500000000065,False
2014-02-18 13:22:00,46.738,46.63516666666667,0.10283333333332934,False
2014-02-18 13:27:00,42.608,46.522999999999996,-3.914999999999999,False
2014-02-18 13:32:00,48.944,46.592583333333344,2.3514166666666583,False
2014-02-18 13:37:00,46.786,46.416500000000006,0.36949999999999505,False
2014-02-18 13:42:00,44.93,46.465916666666665,-1.5359166666666653,False
2014-02-18 13:47:00,47.816,46.5285,1.2875000000000014,False
2014-02-18 13:52:00,40.826,46.46,-5.634,False
2014-02-18 13:57:00,53.992,46.315416666666664,7.676583333333333,False
2014-02-18 14:02:00,47.536,46.657833333333336,0.8781666666666652,False
2014-02-18 14:07:00,44.554,46.58958333333334,-2.035583333333335,False
2014-02-18 14:12:00,49.82,46.42058333333333,3.399416666666667,False
2014-02-18 14:17:00,45.56399999999999,46.611250000000005,-1.0472500000000124,False
2014-02-18 14:22:00,43.894,46.574083333333334,-2.680083333333336,False
2014-02-18 14:27:00,49.31,46.706916666666665,2.6030833333333376,False
2014-02-18 14:32:00,41.492,46.586000000000006,-5.094000000000008,False
2014-02-18 14:37:00,51.924,46.46625,5.457749999999997,False
2014-02-18 14:42:00,46.886,46.81933333333333,0.06666666666666998,False
2014-02-18 14:47:00,42.536,46.78541666666666,-4.2494166666666615,False
2014-02-18 14:52:00,50.32,46.85841666666667,3.46158333333333,False
2014-02-18 14:57:00,48.77,46.734833333333334,2.035166666666669,False
2014-02-18 15:02:00,43.142,46.827,-3.684999999999995,False
2014-02-18 15:07:00,51.598,46.78633333333334,4.81166666666666,False
2014-02-18 15:12:00,46.558,46.80991666666666,-0.25191666666665924,False
2014-02-18 15:17:00,45.428,47.0225,-1.5945000000000036,False
2014-02-18 15:22:00,47.688,46.74883333333333,0.9391666666666723,False
2014-02-18 15:27:00,40.958,46.78841666666667,-5.830416666666672,False
2014-02-18 15:32:00,52.324,46.71966666666666,5.6043333333333365,False
2014-02-18 15:37:00,45.892,46.8605,-0.9684999999999988,False
2014-02-18 15:42:00,43.304,46.823249999999994,-3.5192499999999924,False
2014-02-18 15:47:00,47.738,46.755500000000005,0.9824999999999946,False
2014-02-18 15:52:00,46.214,46.752250000000004,-0.538250000000005,False
2014-02-18 15:57:00,47.74,46.97675,0.7632499999999993,False
2014-02-18 16:02:00,48.722,46.71625,2.005749999999999,False
2014-02-18 16:07:00,43.78,46.76566666666667,-2.985666666666667,False
2014-02-18 16:12:00,52.348,46.73341666666666,5.614583333333336,False
2014-02-18 16:17:00,46.078,46.83875,-0.7607499999999945,False
2014-02-18 16:22:00,41.848,46.860166666666665,-5.0121666666666655,False
2014-02-18 16:27:00,50.206,46.77491666666666,3.4310833333333406,False
2014-02-18 16:32:00,46.502,46.81225,-0.31024999999999636,False
2014-02-18 16:37:00,44.342,47.020999999999994,-2.678999999999995,False
2014-02-18 16:42:00,50.11,46.705083333333334,3.404916666666665,False
2014-02-18 16:47:00,40.634,46.839416666666665,-6.205416666666665,False
2014-02-18 16:52:00,52.112,46.76016666666666,5.351833333333339,False
2014-02-18 16:57:00,46.76,46.834833333333336,-0.07483333333333775,False
2014-02-18 17:02:00,42.982,46.751083333333334,-3.7690833333333345,False
2014-02-18 17:07:00,51.596,46.744416666666666,4.8515833333333305,False
2014-02-18 17:12:00,46.996,46.74433333333334,0.25166666666666515,False
2014-02-18 17:17:00,44.718,46.76258333333334,-2.0445833333333354,False
2014-02-18 17:22:00,47.81,46.733,1.0770000000000053,False
2014-02-18 17:27:00,40.868,46.73808333333334,-5.870083333333341,False
2014-02-18 17:32:00,52.676,46.73433333333333,5.94166666666667,False
2014-02-18 17:37:00,47.348,46.748999999999995,0.5990000000000038,False
2014-02-18 17:42:00,43.806,46.809666666666665,-3.0036666666666676,False
2014-02-18 17:47:00,49.226000000000006,46.83058333333333,2.3954166666666765,False
2014-02-18 17:52:00,41.83,46.892583333333334,-5.062583333333336,False
2014-02-18 17:57:00,54.036,46.709916666666665,7.326083333333337,False
2014-02-18 18:02:00,46.524,46.97225,-0.4482500000000016,False
2014-02-18 18:07:00,43.146,46.88066666666666,-3.734666666666662,False
2014-02-18 18:12:00,52.81,46.85425000000001,5.955749999999995,False
2014-02-18 18:17:00,46.426,46.87350000000001,-0.4475000000000051,False
2014-02-18 18:22:00,43.074,46.888,-3.814,False
2014-02-18 18:27:00,49.43600000000001,46.939083333333336,2.496916666666671,False
2014-02-18 18:32:00,45.728,46.907000000000004,-1.179000000000002,False
2014-02-18 18:37:00,44.284,46.874750000000006,-2.590750000000007,False
2014-02-18 18:42:00,48.372,46.87233333333333,1.4996666666666698,False
2014-02-18 18:47:00,39.93,46.79991666666667,-6.8699166666666684,False
2014-02-18 18:52:00,52.846,46.77058333333334,6.075416666666655,False
2014-02-18 18:57:00,47.794,46.80116666666667,0.9928333333333299,False
2014-02-18 19:02:00,43.076,46.844249999999995,-3.7682499999999948,False
2014-02-18 19:07:00,50.728,46.848166666666664,3.8798333333333375,False
2014-02-18 19:12:00,41.032,46.812000000000005,-5.780000000000008,False
2014-02-18 19:17:00,52.602,46.5635,6.038499999999999,False
2014-02-18 19:22:00,48.474,46.892,1.5819999999999936,False
2014-02-18 19:27:00,41.44600000000001,46.919666666666664,-5.473666666666652,False
2014-02-18 19:32:00,49.29600000000001,46.94375,2.352250000000005,False
2014-02-18 19:37:00,45.648,46.80291666666667,-1.154916666666665,False
2014-02-18 19:42:00,45.892,46.73208333333334,-0.8400833333333395,False
2014-02-18 19:47:00,47.348,46.81900000000001,0.5289999999999893,False
2014-02-18 19:52:00,40.56,46.74075,-6.180749999999996,False
2014-02-18 19:57:00,55.846,46.68783333333334,9.15816666666666,True
2014-02-18 20:02:00,45.04600000000001,46.76325,-1.7172499999999928,False
2014-02-18 20:07:00,45.37600000000001,46.701666666666675,-1.3256666666666632,False
2014-02-18 20:12:00,48.934,46.79458333333333,2.139416666666669,False
2014-02-18 20:17:00,46.854,46.63308333333333,0.22091666666666754,False
2014-02-18 20:22:00,45.986,46.65091666666667,-0.6649166666666702,False
2014-02-18 20:27:00,47.184,46.77224999999999,0.41175000000000495,False
2014-02-18 20:32:00,40.78,46.67841666666667,-5.8984166666666695,False
2014-02-18 20:37:00,50.834,46.47225,4.361750000000001,False
2014-02-18 20:42:00,46.16,46.74516666666667,-0.585166666666673,False
2014-02-18 20:47:00,43.058,46.653,-3.594999999999999,False
2014-02-18 20:52:00,49.43600000000001,46.78333333333333,2.6526666666666756,False
2014-02-18 20:57:00,49.672,46.64124999999999,3.0307500000000047,False
2014-02-18 21:02:00,44.788,46.719500000000004,-1.9315000000000069,False
2014-02-18 21:07:00,48.662,46.79083333333333,1.8711666666666673,False
2014-02-18 21:12:00,40.274,46.70475,-6.430749999999996,False
2014-02-18 21:17:00,53.146,46.673166666666674,6.472833333333327,False
2014-02-18 21:22:00,45.68,46.69583333333333,-1.0158333333333331,False
2014-02-18 21:27:00,43.216,46.579416666666674,-3.363416666666673,False
2014-02-18 21:32:00,49.484,46.653166666666664,2.830833333333338,False
2014-02-18 21:37:00,40.052,46.661,-6.609000000000002,False
2014-02-18 21:42:00,52.746,46.42783333333333,6.31816666666667,False
2014-02-18 21:47:00,44.606,46.71341666666666,-2.1074166666666585,False
2014-02-18 21:52:00,42.676,46.59916666666666,-3.92316666666666,False
2014-02-18 21:57:00,51.432,46.687333333333335,4.744666666666667,False
2014-02-18 22:02:00,46.31399999999999,46.50341666666667,-0.18941666666668056,False
2014-02-18 22:07:00,45.756,46.55625,-0.8002499999999984,False
2014-02-18 22:12:00,47.112,46.57208333333333,0.5399166666666702,False
2014-02-18 22:17:00,40.54,46.496166666666674,-5.956166666666675,False
2014-02-18 22:22:00,51.922,46.23308333333333,5.688916666666664,False
2014-02-18 22:27:00,45.362,46.48041666666668,-1.1184166666666755,False
2014-02-18 22:32:00,43.334,46.40449999999999,-3.0704999999999885,False
2014-02-18 22:37:00,48.122,46.51091666666667,1.6110833333333332,False
2014-02-18 22:42:00,41.288,46.397916666666674,-5.1099166666666775,False
2014-02-18 22:47:00,51.914,46.19491666666667,5.71908333333333,False
2014-02-18 22:52:00,46.76,46.56391666666667,0.19608333333332695,False
2014-02-18 22:57:00,44.482,46.45241666666667,-1.9704166666666723,False
2014-02-18 23:02:00,49.664,46.23616666666667,3.427833333333332,False
2014-02-18 23:07:00,48.362,46.43933333333334,1.9226666666666645,False
2014-02-18 23:12:00,45.024,46.42683333333334,-1.4028333333333407,False
2014-02-18 23:17:00,46.972,46.62475,0.3472500000000025,False
2014-02-18 23:22:00,40.502,46.3675,-5.865499999999997,False
2014-02-18 23:27:00,53.24800000000001,46.15174999999999,7.096250000000019,False
2014-02-18 23:32:00,45.892,46.56975,-0.6777499999999961,False
2014-02-18 23:37:00,44.042,46.42008333333334,-2.378083333333336,False
2014-02-18 23:42:00,49.21,46.58633333333333,2.623666666666672,False
2014-02-18 23:47:00,46.572,46.439,0.13300000000000267,False
2014-02-18 23:52:00,44.858,46.52091666666667,-1.6629166666666748,False
2014-02-18 23:57:00,48.15600000000001,46.61183333333333,1.5441666666666833,False
2014-02-19 00:02:00,41.878,46.47533333333333,-4.5973333333333315,False
2014-02-19 00:07:00,53.092,46.29050000000001,6.80149999999999,False
2014-02-19 00:12:00,50.015,46.59616666666667,3.418833333333332,False
2014-02-19 00:17:00,54.6033,46.717125,7.886174999999994,False
2014-02-19 00:22:00,62.056,47.30309583333334,14.75290416666666,True
2014-02-19 00:27:00,42.08600000000001,47.72534583333333,-5.639345833333316,False
2014-02-19 00:32:00,50.822,47.58884583333333,3.2331541666666723,False
2014-02-19 00:37:00,44.53,47.900845833333335,-3.370845833333334,False
2014-02-19 00:42:00,44.132,47.75117916666667,-3.619179166666669,False
2014-02-19 00:47:00,47.184,47.869679166666664,-0.6856791666666666,False
2014-02-19 00:52:00,39.86,47.67259583333333,-7.812595833333333,False
2014-02-19 00:57:00,54.058,47.38509583333333,6.672904166666669,False
2014-02-19 01:02:00,45.508,47.78409583333333,-2.276095833333329,False
2014-02-19 01:07:00,43.874,47.610929166666665,-3.7369291666666626,False
2014-02-19 01:12:00,47.536,47.42392916666666,0.11207083333334111,False
2014-02-19 01:17:00,39.394,47.528595833333334,-8.134595833333336,True
2014-02-19 01:22:00,50.916,47.21284583333334,3.703154166666657,False
2014-02-19 01:27:00,44.32,47.6467625,-3.326762500000001,False
2014-02-19 01:32:00,41.18,47.2747625,-6.094762500000002,False
2014-02-19 01:37:00,49.22,47.078429166666666,2.1415708333333328,False
2014-02-19 01:42:00,43.572,47.29417916666667,-3.7221791666666704,False
2014-02-19 01:47:00,43.714,47.05926250000001,-3.345262500000011,False
2014-02-19 01:52:00,46.972,46.94017916666667,0.03182083333333452,False
2014-02-19 01:57:00,41.55,47.028262500000004,-5.478262500000007,False
2014-02-19 02:02:00,52.422,46.753012500000004,5.668987499999993,False
2014-02-19 02:07:00,45.312,47.19234583333334,-1.8803458333333438,False
2014-02-19 02:12:00,43.76,46.868179166666664,-3.108179166666666,False
2014-02-19 02:17:00,47.652,46.60755416666666,1.0444458333333415,False
2014-02-19 02:22:00,40.092,46.31791666666666,-6.225916666666663,False
2014-02-19 02:27:00,50.51,45.402750000000005,5.107249999999993,False
2014-02-19 02:32:00,46.526,45.753750000000004,0.7722499999999997,False
2014-02-19 02:37:00,40.884,45.574749999999995,-4.690749999999994,False
2014-02-19 02:42:00,51.378,45.42283333333333,5.9551666666666705,False
2014-02-19 02:47:00,44.24800000000001,45.72475,-1.4767499999999885,False
2014-02-19 02:52:00,42.934,45.60241666666667,-2.6684166666666727,False
2014-02-19 02:57:00,48.29600000000001,45.730500000000006,2.5655,False
2014-02-19 03:02:00,45.774,45.490416666666675,0.2835833333333255,False
2014-02-19 03:07:00,46.88,45.5015,1.3785000000000025,False
2014-02-19 03:12:00,46.65,45.62675000000001,1.0232499999999902,False
2014-02-19 03:17:00,40.044,45.58983333333333,-5.545833333333334,False
2014-02-19 03:22:00,50.54,45.61691666666667,4.923083333333331,False
2014-02-19 03:27:00,45.258,45.60125,-0.3432499999999976,False
2014-02-19 03:32:00,43.09,45.64033333333334,-2.5503333333333345,False
2014-02-19 03:37:00,46.62,45.71991666666667,0.9000833333333276,False
2014-02-19 03:42:00,42.934,45.611583333333336,-2.677583333333338,False
2014-02-19 03:47:00,51.706,45.58500000000001,6.120999999999995,False
2014-02-19 03:52:00,44.20399999999999,45.918,-1.7140000000000057,False
2014-02-19 03:57:00,44.624,45.80266666666666,-1.1786666666666576,False
2014-02-19 04:02:00,48.944,45.930749999999996,3.0132500000000064,False
2014-02-19 04:07:00,42.09,45.78583333333333,-3.6958333333333258,False
2014-02-19 04:12:00,50.822,45.65158333333334,5.170416666666661,False
2014-02-19 04:17:00,46.33,45.94583333333333,0.38416666666666544,False
2014-02-19 04:22:00,41.58600000000001,45.890750000000004,-4.304749999999991,False
2014-02-19 04:27:00,49.432,45.953,3.478999999999999,False
2014-02-19 04:32:00,45.342,45.90808333333334,-0.5660833333333386,False
2014-02-19 04:37:00,42.794,45.85874999999999,-3.0647499999999965,False
2014-02-19 04:42:00,48.194,45.93833333333334,2.255666666666663,False
2014-02-19 04:47:00,44.808,45.80566666666667,-0.9976666666666674,False
2014-02-19 04:52:00,43.968,45.829,-1.860999999999997,False
2014-02-19 04:57:00,46.702,45.872083333333336,0.8299166666666622,False
2014-02-19 05:02:00,40.952,45.80566666666667,-4.853666666666669,False
2014-02-19 05:07:00,52.184,45.60475,6.579249999999995,False
2014-02-19 05:12:00,42.042,45.82575,-3.7837499999999977,False
2014-02-19 05:17:00,40.586,45.63375,-5.047750000000001,False
2014-02-19 05:22:00,46.55,45.65633333333333,0.8936666666666682,False
2014-02-19 05:27:00,44.36600000000001,45.49008333333333,-1.1240833333333242,False
2014-02-19 05:32:00,42.91,45.45291666666666,-2.542916666666663,False
2014-02-19 05:37:00,46.01600000000001,45.44541666666667,0.5705833333333459,False
2014-02-19 05:42:00,39.612,45.42025,-5.808250000000001,False
2014-02-19 05:47:00,49.648,45.28183333333333,4.366166666666672,False
2014-02-19 05:52:00,42.95,45.19608333333334,-2.2460833333333383,False
2014-02-19 05:57:00,42.136,45.14383333333334,-3.0078333333333376,False
2014-02-19 06:02:00,48.92,45.04016666666667,3.8798333333333304,False
2014-02-19 06:07:00,45.70399999999999,45.03916666666667,0.664833333333327,False
2014-02-19 06:12:00,42.816,45.189750000000004,-2.373750000000001,False
2014-02-19 06:17:00,45.422,44.85616666666667,0.5658333333333303,False
2014-02-19 06:22:00,45.04600000000001,44.81833333333333,0.22766666666667845,False
2014-02-19 06:27:00,43.226000000000006,44.9625,-1.7364999999999924,False
2014-02-19 06:32:00,44.178,44.703916666666665,-0.5259166666666673,False
2014-02-19 06:37:00,39.954,44.65541666666667,-4.701416666666667,False
2014-02-19 06:42:00,50.374,44.53708333333333,5.836916666666674,False
2014-02-19 06:47:00,41.854,44.627916666666664,-2.773916666666665,False
2014-02-19 06:52:00,41.614,44.50483333333333,-2.890833333333333,False
2014-02-19 06:57:00,47.558,44.406749999999995,3.1512500000000045,False
2014-02-19 07:02:00,44.312,44.44241666666667,-0.13041666666666885,False
2014-02-19 07:07:00,45.846,44.58241666666667,1.2635833333333295,False
2014-02-19 07:12:00,44.084,44.318333333333335,-0.23433333333333195,False
2014-02-19 07:17:00,39.672,44.403416666666665,-4.731416666666668,False
2014-02-19 07:22:00,49.414,44.36533333333333,5.048666666666669,False
2014-02-19 07:27:00,42.226000000000006,44.48466666666667,-2.258666666666663,False
2014-02-19 07:32:00,41.878,44.3955,-2.5174999999999983,False
2014-02-19 07:37:00,46.738,44.3525,2.3855000000000004,False
2014-02-19 07:42:00,44.154,44.382583333333336,-0.22858333333333292,False
2014-02-19 07:47:00,44.038,44.57183333333333,-0.5338333333333338,False
2014-02-19 07:52:00,44.208,44.33808333333334,-0.13008333333333866,False
2014-02-19 07:57:00,41.81800000000001,44.3905,-2.572499999999991,False
2014-02-19 08:02:00,50.372,44.377250000000004,5.994749999999996,False
2014-02-19 08:07:00,44.83600000000001,44.43775,0.39825000000001154,False
2014-02-19 08:12:00,41.408,44.40158333333334,-2.9935833333333406,False
2014-02-19 08:17:00,46.62,44.34291666666667,2.27708333333333,False
2014-02-19 08:22:00,44.144,44.39283333333333,-0.24883333333333013,False
2014-02-19 08:27:00,43.92,44.355250000000005,-0.43525000000000347,False
2014-02-19 08:32:00,44.83600000000001,44.384166666666665,0.4518333333333473,False
2014-02-19 08:37:00,39.812,44.41158333333334,-4.599583333333342,False
2014-02-19 08:42:00,51.012,44.40566666666667,6.606333333333332,False
2014-02-19 08:47:00,43.262,44.43225,-1.170250000000003,False
2014-02-19 08:52:00,42.474,44.49091666666667,-2.016916666666674,False
2014-02-19 08:57:00,48.968,44.52675,4.441250000000004,False
2014-02-19 09:02:00,42.488,44.5855,-2.0975000000000037,False
2014-02-19 09:07:00,42.326,44.5095,-2.183500000000002,False
2014-02-19 09:12:00,45.846,44.362833333333334,1.483166666666662,False
2014-02-19 09:17:00,44.014,44.43625,-0.42224999999999824,False
2014-02-19 09:22:00,43.758,44.61716666666667,-0.8591666666666669,False
2014-02-19 09:27:00,45.374,44.381499999999996,0.9925000000000068,False
2014-02-19 09:32:00,39.34,44.51266666666667,-5.1726666666666645,False
2014-02-19 09:37:00,51.142,44.40691666666667,6.7350833333333355,False
2014-02-19 09:42:00,41.01,44.59041666666667,-3.5804166666666717,False
2014-02-19 09:47:00,39.882,44.45941666666667,-4.577416666666672,False
2014-02-19 09:52:00,48.63800000000001,44.28625,4.35175000000001,False
2014-02-19 09:57:00,45.306,44.47083333333334,0.8351666666666588,False
2014-02-19 10:02:00,41.55,44.616166666666665,-3.0661666666666676,False
2014-02-19 10:07:00,47.06800000000001,44.248583333333336,2.819416666666676,False
2014-02-19 10:12:00,43.522,44.34158333333334,-0.8195833333333411,False
2014-02-19 10:17:00,43.522,44.42966666666667,-0.9076666666666711,False
2014-02-19 10:22:00,45.37600000000001,44.30058333333333,1.0754166666666833,False
2014-02-19 10:27:00,39.906,44.35191666666666,-4.445916666666662,False
2014-02-19 10:32:00,50.012,44.184666666666665,5.8273333333333355,False
2014-02-19 10:37:00,42.746,44.40033333333333,-1.6543333333333266,False
2014-02-19 10:42:00,42.112,44.52258333333333,-2.410583333333328,False
2014-02-19 10:47:00,45.916,44.15175,1.764249999999997,False
2014-02-19 10:52:00,44.418,44.26233333333334,0.1556666666666615,False
2014-02-19 10:57:00,45.174,44.343333333333334,0.8306666666666658,False
2014-02-19 11:02:00,45.54,44.18525,1.3547499999999957,False
2014-02-19 11:07:00,41.06399999999999,44.31241666666667,-3.248416666666678,False
2014-02-19 11:12:00,49.154,44.25983333333334,4.8941666666666634,False
2014-02-19 11:17:00,43.048,44.39766666666667,-1.3496666666666712,False
2014-02-19 11:22:00,40.586,44.357416666666666,-3.771416666666667,False
2014-02-19 11:27:00,47.112,44.225249999999996,2.8867500000000064,False
2014-02-19 11:32:00,43.756,44.297666666666665,-0.5416666666666643,False
2014-02-19 11:37:00,42.676,44.481666666666676,-1.8056666666666743,False
2014-02-19 11:42:00,45.798,44.12891666666667,1.669083333333333,False
2014-02-19 11:47:00,39.112,44.32841666666667,-5.216416666666667,False
2014-02-19 11:52:00,49.164,44.29633333333334,4.867666666666665,False
2014-02-19 11:57:00,44.788,44.318250000000006,0.46974999999999056,False
2014-02-19 12:02:00,41.572,44.296666666666674,-2.7246666666666712,False
2014-02-19 12:07:00,48.49800000000001,44.297583333333336,4.200416666666676,False
2014-02-19 12:12:00,44.12600000000001,44.357166666666664,-0.23116666666665253,False
2014-02-19 12:17:00,42.09,44.38233333333334,-2.292333333333339,False
2014-02-19 12:22:00,46.052,44.32266666666666,1.7293333333333365,False
2014-02-19 12:27:00,43.91,44.350833333333334,-0.4408333333333374,False
2014-02-19 12:32:00,43.756,44.51766666666666,-0.7616666666666632,False
2014-02-19 12:37:00,44.86,44.257000000000005,0.6029999999999944,False
2014-02-19 12:42:00,39.79,44.34508333333334,-4.555083333333343,False
2014-02-19 12:47:00,49.86,44.248333333333335,5.611666666666665,False
2014-02-19 12:52:00,43.292,44.41266666666667,-1.120666666666665,False
2014-02-19 12:57:00,42.88,44.36575,-1.485749999999996,False
2014-02-19 13:02:00,48.63399999999999,44.27016666666666,4.363833333333332,False
2014-02-19 13:07:00,45.798,44.39908333333333,1.398916666666672,False
2014-02-19 13:12:00,42.23,44.59633333333333,-2.36633333333333,False
2014-02-19 13:17:00,44.68600000000001,44.30783333333333,0.3781666666666794,False
2014-02-19 13:22:00,43.988,44.376083333333334,-0.3880833333333342,False
2014-02-19 13:27:00,43.874,44.51783333333333,-0.6438333333333262,False
2014-02-19 13:32:00,43.79600000000001,44.38291666666667,-0.5869166666666601,False
2014-02-19 13:37:00,40.14,44.38458333333333,-4.244583333333331,False
2014-02-19 13:42:00,49.86600000000001,44.27891666666667,5.587083333333339,False
2014-02-19 13:47:00,42.816,44.44841666666667,-1.6324166666666642,False
2014-02-19 13:52:00,40.86,44.60274999999999,-3.742749999999994,False
2014-02-19 13:57:00,48.31,44.256750000000004,4.0532499999999985,False
2014-02-19 14:02:00,45.328,44.4035,0.9245000000000019,False
2014-02-19 14:07:00,44.46,44.56,-0.10000000000000142,False
2014-02-19 14:12:00,45.36600000000001,44.39175,0.974250000000005,False
2014-02-19 14:17:00,39.882,44.44341666666667,-4.561416666666673,False
2014-02-19 14:22:00,49.76600000000001,44.35141666666667,5.41458333333334,False
2014-02-19 14:27:00,42.49800000000001,44.506166666666665,-2.0081666666666536,False
2014-02-19 14:32:00,40.646,44.44733333333334,-3.8013333333333392,False
2014-02-19 14:37:00,48.61600000000001,44.31775,4.29825000000001,False
2014-02-19 14:42:00,44.83600000000001,44.474250000000005,0.3617500000000078,False
2014-02-19 14:47:00,42.324,44.68450000000001,-2.360500000000009,False
2014-02-19 14:52:00,45.986,44.3705,1.6154999999999973,False
2014-02-19 14:57:00,46.292,44.48275,1.8092499999999987,False
2014-02-19 15:02:00,43.76600000000001,44.62491666666668,-0.8589166666666657,False
2014-02-19 15:07:00,47.244,44.42208333333334,2.8219166666666595,False
2014-02-19 15:12:00,45.58600000000001,44.48233333333334,1.1036666666666761,False
2014-02-19 15:17:00,44.738,44.622166666666665,0.11583333333333456,False
2014-02-19 15:22:00,45.462,44.62433333333334,0.8376666666666637,False
2014-02-19 15:27:00,44.46,44.685750000000006,-0.225750000000005,False
2014-02-19 15:32:00,43.89,44.71016666666667,-0.8201666666666725,False
2014-02-19 15:37:00,44.788,44.71408333333333,0.07391666666666907,False
2014-02-19 15:42:00,39.718,44.90775,-5.1897499999999965,False
2014-02-19 15:47:00,50.58600000000001,44.48491666666667,6.101083333333342,False
2014-02-19 15:52:00,42.166,44.808666666666674,-2.6426666666666776,False
2014-02-19 15:57:00,43.262,44.86308333333333,-1.601083333333328,False
2014-02-19 16:02:00,44.29,44.652750000000005,-0.36275000000000546,False
2014-02-19 16:07:00,45.986,44.609500000000004,1.376499999999993,False
2014-02-19 16:12:00,42.21,44.67308333333333,-2.46308333333333,False
2014-02-19 16:17:00,46.39,44.541583333333335,1.8484166666666653,False
2014-02-19 16:22:00,45.148,44.81275,0.33525000000000205,False
2014-02-19 16:27:00,43.896,44.62033333333334,-0.724333333333341,False
2014-02-19 16:32:00,43.99,44.678583333333336,-0.6885833333333338,False
2014-02-19 16:37:00,45.58600000000001,44.81791666666667,0.7680833333333439,False
2014-02-19 16:42:00,44.554,44.69166666666667,-0.13766666666666794,False
2014-02-19 16:47:00,45.986,44.67991666666668,1.3060833333333193,False
2014-02-19 16:52:00,39.596,44.8325,-5.236500000000007,False
2014-02-19 16:57:00,50.212,44.56625,5.645750000000007,False
2014-02-19 17:02:00,44.108,44.72958333333333,-0.6215833333333336,False
2014-02-19 17:07:00,41.996,44.743833333333335,-2.7478333333333325,False
2014-02-19 17:12:00,50.646,44.52516666666667,6.12083333333333,False
2014-02-19 17:17:00,42.066,44.736,-2.6699999999999946,False
2014-02-19 17:22:00,44.484,44.62466666666666,-0.14066666666666094,False
2014-02-19 17:27:00,48.508,44.583916666666674,3.9240833333333285,False
2014-02-19 17:32:00,44.86,44.75258333333333,0.10741666666667271,False
2014-02-19 17:37:00,43.292,44.793000000000006,-1.5010000000000048,False
2014-02-19 17:42:00,46.22,44.73066666666667,1.4893333333333274,False
2014-02-19 17:47:00,44.756,45.001583333333336,-0.24558333333333593,False
2014-02-19 17:52:00,42.77,44.75866666666667,-1.988666666666667,False
2014-02-19 17:57:00,46.69,44.78383333333334,1.9061666666666568,False
2014-02-19 18:02:00,39.342,44.92666666666667,-5.584666666666671,False
2014-02-19 18:07:00,49.76600000000001,44.720499999999994,5.045500000000018,False
2014-02-19 18:12:00,43.192,44.87800000000001,-1.686000000000007,False
2014-02-19 18:17:00,40.586,44.91891666666667,-4.332916666666669,False
2014-02-19 18:22:00,46.482,44.677083333333336,1.8049166666666636,False
2014-02-19 18:27:00,43.716,44.73266666666667,-1.0166666666666657,False
2014-02-19 18:32:00,42.066,44.72516666666667,-2.659166666666664,False
2014-02-19 18:37:00,45.328,44.645,0.6829999999999998,False
2014-02-19 18:42:00,39.626,44.63425,-5.008250000000004,False
2014-02-19 18:47:00,49.178,44.42891666666666,4.749083333333338,False
2014-02-19 18:52:00,43.31,44.56191666666666,-1.2519166666666592,False
2014-02-19 18:57:00,42.16,44.71666666666667,-2.556666666666672,False
2014-02-19 19:02:00,46.666,44.381166666666665,2.2848333333333315,False
2014-02-19 19:07:00,45.528,44.487750000000005,1.0402499999999932,False
2014-02-19 19:12:00,40.376,44.63491666666666,-4.258916666666664,False
2014-02-19 19:17:00,45.962,44.207,1.7550000000000026,False
2014-02-19 19:22:00,43.674,44.36933333333334,-0.6953333333333376,False
2014-02-19 19:27:00,41.738,44.33558333333334,-2.59758333333334,False
2014-02-19 19:32:00,44.43600000000001,44.05350000000001,0.3825000000000003,False
2014-02-19 19:37:00,44.342,44.03583333333333,0.3061666666666696,False
2014-02-19 19:42:00,42.23,44.07958333333334,-1.8495833333333422,False
2014-02-19 19:47:00,44.964,43.913333333333334,1.0506666666666646,False
2014-02-19 19:52:00,39.576,43.922,-4.3459999999999965,False
2014-02-19 19:57:00,50.63,43.788916666666665,6.841083333333337,False
2014-02-19 20:02:00,42.16,43.95308333333333,-1.7930833333333354,False
2014-02-19 20:07:00,40.282,44.0705,-3.788500000000006,False
2014-02-19 20:12:00,48.004,43.67533333333333,4.32866666666667,False
2014-02-19 20:17:00,41.924,43.87583333333333,-1.951833333333333,False
2014-02-19 20:22:00,41.25,43.93158333333333,-2.6815833333333288,False
2014-02-19 20:27:00,43.854,43.71358333333333,0.14041666666666686,False
2014-02-19 20:32:00,39.062,43.71933333333333,-4.657333333333334,False
2014-02-19 20:37:00,49.028,43.594166666666666,5.433833333333332,False
2014-02-19 20:42:00,42.078,43.748333333333335,-1.670333333333332,False
2014-02-19 20:47:00,40.566,43.850500000000004,-3.2845000000000013,False
2014-02-19 20:52:00,46.15,43.49166666666667,2.6583333333333314,False
2014-02-19 20:57:00,45.56800000000001,43.61000000000001,1.9580000000000055,False
2014-02-19 21:02:00,41.142,43.752,-2.6099999999999994,False
2014-02-19 21:07:00,46.544,43.52183333333334,3.0221666666666565,False
2014-02-19 21:12:00,38.802,43.564166666666665,-4.7621666666666655,False
2014-02-19 21:17:00,48.874,43.498583333333336,5.375416666666666,False
2014-02-19 21:22:00,41.056,43.619916666666676,-2.563916666666678,False
2014-02-19 21:27:00,40.54,43.51083333333333,-2.9708333333333314,False
2014-02-19 21:32:00,46.83,43.46091666666666,3.369083333333336,False
2014-02-19 21:37:00,41.83,43.56066666666666,-1.7306666666666644,False
2014-02-19 21:42:00,41.55,43.455999999999996,-1.9059999999999988,False
2014-02-19 21:47:00,44.084,43.42766666666666,0.6563333333333432,False
2014-02-19 21:52:00,38.782,43.391,-4.609000000000002,False
2014-02-19 21:57:00,50.556,43.35791666666666,7.1980833333333365,False
2014-02-19 22:02:00,41.854,43.35483333333334,-1.5008333333333397,False
2014-02-19 22:07:00,42.582,43.342083333333335,-0.7600833333333341,False
2014-02-19 22:12:00,44.7,43.437916666666666,1.2620833333333366,False
2014-02-19 22:17:00,40.188,43.30025,-3.112249999999996,False
2014-02-19 22:22:00,41.902,43.227916666666665,-1.3259166666666644,False
2014-02-19 22:27:00,44.718,43.25508333333334,1.4629166666666649,False
2014-02-19 22:32:00,38.574,43.291083333333326,-4.717083333333328,False
2014-02-19 22:37:00,48.782,43.27075,5.511249999999997,False
2014-02-19 22:42:00,41.432,43.2605,-1.8284999999999982,False
2014-02-19 22:47:00,40.366,43.233583333333335,-2.867583333333336,False
2014-02-19 22:52:00,46.032,43.225249999999996,2.806750000000001,False
2014-02-19 22:57:00,44.76600000000001,43.220333333333336,1.5456666666666763,False
2014-02-19 23:02:00,42.3,43.18691666666666,-0.8869166666666644,False
2014-02-19 23:07:00,46.22,43.235166666666665,2.9848333333333343,False
2014-02-19 23:12:00,38.92,43.221666666666664,-4.301666666666662,False
2014-02-19 23:17:00,48.896,43.22658333333334,5.669416666666663,False
2014-02-19 23:22:00,42.114,43.2275,-1.113500000000002,False
2014-02-19 23:27:00,39.906,43.27158333333333,-3.3655833333333334,False
2014-02-19 23:32:00,47.324,43.24516666666667,4.078833333333328,False
2014-02-19 23:37:00,41.332,43.26575,-1.9337499999999963,False
2014-02-19 23:42:00,41.79600000000001,43.245000000000005,-1.448999999999998,False
2014-02-19 23:47:00,44.45399999999999,43.25525,1.1987499999999969,False
2014-02-19 23:52:00,38.408,43.27066666666667,-4.862666666666669,False
2014-02-19 23:57:00,50.95399999999999,43.25508333333334,7.698916666666655,False
2014-02-20 00:02:00,41.822,43.27166666666667,-1.4496666666666655,False
2014-02-20 00:07:00,41.68,43.27033333333333,-1.5903333333333336,False
2014-02-20 00:12:00,46.198,43.23275,2.9652499999999975,False
2014-02-20 00:17:00,42.916,43.29516666666667,-0.37916666666667,False
2014-02-20 00:22:00,41.976000000000006,43.40883333333333,-1.4328333333333205,False
2014-02-20 00:27:00,43.70399999999999,43.41191666666666,0.2920833333333306,False
2014-02-20 00:32:00,39.264,43.36966666666667,-4.105666666666664,False
2014-02-20 00:37:00,48.44,43.39841666666666,5.041583333333335,False
2014-02-20 00:42:00,41.746,43.384166666666665,-1.6381666666666632,False
2014-02-20 00:47:00,41.924,43.39724999999999,-1.473249999999993,False
2014-02-20 00:52:00,44.526,43.46216666666666,1.063833333333342,False
2014-02-20 00:57:00,44.508,43.39941666666667,1.1085833333333355,False
2014-02-20 01:02:00,43.85,43.388666666666666,0.4613333333333358,False
2014-02-20 01:07:00,46.162,43.45325,2.708750000000002,False
2014-02-20 01:12:00,38.524,43.45083333333333,-4.926833333333327,False
2014-02-20 01:17:00,46.942,43.434333333333335,3.5076666666666654,False
2014-02-20 01:22:00,43.356,43.352916666666665,0.0030833333333362134,False
2014-02-20 01:27:00,41.084,43.404666666666664,-2.3206666666666607,False
2014-02-20 01:32:00,45.212,43.45374999999999,1.758250000000011,False
2014-02-20 01:37:00,43.474,43.36575,0.10824999999999818,False
2014-02-20 01:42:00,42.222,43.455000000000005,-1.233000000000004,False
2014-02-20 01:47:00,43.92,43.47275,0.4472500000000039,False
2014-02-20 01:52:00,39.672,43.450500000000005,-3.778500000000008,False
2014-02-20 01:57:00,51.292,43.503166666666665,7.788833333333336,False
2014-02-20 02:02:00,41.432,43.51725,-2.085249999999995,False
2014-02-20 02:07:00,42.77,43.501,-0.7309999999999945,False
2014-02-20 02:12:00,45.37600000000001,43.546416666666666,1.8295833333333462,False
2014-02-20 02:17:00,42.816,43.51216666666667,-0.6961666666666702,False
2014-02-20 02:22:00,41.56800000000001,43.508,-1.9399999999999906,False
2014-02-20 02:27:00,43.802,43.49100000000001,0.31099999999999284,False
2014-02-20 02:32:00,39.53,43.49508333333333,-3.9650833333333324,False
2014-02-20 02:37:00,49.202,43.50616666666667,5.695833333333326,False
2014-02-20 02:42:00,41.784,43.53791666666667,-1.7539166666666688,False
2014-02-20 02:47:00,41.338,43.539500000000004,-2.201500000000003,False
2014-02-20 02:52:00,45.07,43.51508333333334,1.5549166666666636,False
2014-02-20 02:57:00,44.76600000000001,43.53775000000001,1.2282500000000027,False
2014-02-20 03:02:00,43.334,43.5485,-0.21449999999999392,False
2014-02-20 03:07:00,43.576,43.52700000000001,0.04899999999999238,False
2014-02-20 03:12:00,40.728,43.41925,-2.6912499999999966,False
2014-02-20 03:17:00,48.57,43.51108333333334,5.058916666666661,False
2014-02-20 03:22:00,41.738,43.578916666666665,-1.840916666666665,False
2014-02-20 03:27:00,41.338,43.511500000000005,-2.173500000000004,False
2014-02-20 03:32:00,44.882,43.522083333333335,1.3599166666666633,False
2014-02-20 03:37:00,43.39,43.50833333333333,-0.11833333333333229,False
2014-02-20 03:42:00,46.056,43.50483333333333,2.551166666666667,False
2014-02-20 03:47:00,42.88800000000001,43.66458333333333,-0.7765833333333205,False
2014-02-20 03:52:00,38.61,43.62158333333334,-5.011583333333341,False
2014-02-20 03:57:00,48.78,43.577333333333335,5.202666666666666,False
2014-02-20 04:02:00,43.874,43.47266666666667,0.40133333333333354,False
2014-02-20 04:07:00,43.45,43.57441666666667,-0.12441666666666862,False
2014-02-20 04:12:00,45.698,43.60275000000001,2.095249999999993,False
2014-02-20 04:17:00,42.724,43.616166666666665,-0.8921666666666681,False
2014-02-20 04:22:00,43.662,43.61233333333333,0.04966666666666697,False
2014-02-20 04:27:00,42.724,43.69958333333333,-0.9755833333333328,False
2014-02-20 04:32:00,39.788,43.654666666666664,-3.866666666666667,False
2014-02-20 04:37:00,48.466,43.665416666666665,4.800583333333336,False
2014-02-20 04:42:00,41.96,43.634750000000004,-1.674750000000003,False
2014-02-20 04:47:00,41.924,43.64208333333334,-1.7180833333333396,False
2014-02-20 04:52:00,44.72,43.66649999999999,1.0535000000000068,False
2014-02-20 04:57:00,40.634,43.651916666666665,-3.0179166666666646,False
2014-02-20 05:02:00,49.154,43.479749999999996,5.674250000000008,False
2014-02-20 05:07:00,43.426,43.72225,-0.29625000000000057,False
2014-02-20 05:12:00,40.796,43.716,-2.9200000000000017,False
2014-02-20 05:17:00,46.97,43.71883333333333,3.25116666666667,False
2014-02-20 05:22:00,42.7,43.652166666666666,-0.9521666666666633,False
2014-02-20 05:27:00,42.3,43.69225,-1.3922500000000042,False
2014-02-20 05:32:00,45.896,43.73233333333334,2.163666666666664,False
2014-02-20 05:37:00,39.108,43.77458333333333,-4.666583333333335,False
2014-02-20 05:42:00,48.492,43.59616666666667,4.895833333333329,False
2014-02-20 05:47:00,42.39,43.69766666666666,-1.3076666666666625,False
2014-02-20 05:52:00,39.576,43.67691666666666,-4.100916666666663,False
2014-02-20 05:57:00,50.51600000000001,43.717166666666664,6.798833333333349,False
2014-02-20 06:02:00,41.31399999999999,43.789500000000004,-2.475500000000011,False
2014-02-20 06:07:00,43.026,43.68283333333333,-0.6568333333333243,False
2014-02-20 06:12:00,44.812,43.665166666666664,1.1468333333333334,False
2014-02-20 06:17:00,38.92,43.62825,-4.70825,False
2014-02-20 06:22:00,49.79,43.46975,6.3202500000000015,False
2014-02-20 06:27:00,41.666,43.72508333333334,-2.0590833333333407,False
2014-02-20 06:32:00,40.586,43.681000000000004,-3.095000000000006,False
2014-02-20 06:37:00,45.842,43.71425,2.127749999999999,False
2014-02-20 06:42:00,43.028,43.60491666666667,-0.5769166666666692,False
2014-02-20 06:47:00,42.442,43.64941666666667,-1.207416666666667,False
2014-02-20 06:52:00,44.226000000000006,43.671,0.5550000000000068,False
2014-02-20 06:57:00,41.408,43.650416666666665,-2.2424166666666636,False
2014-02-20 07:02:00,49.084,43.68266666666667,5.4013333333333335,False
2014-02-20 07:07:00,43.334,43.67974999999999,-0.34574999999998823,False
2014-02-20 07:12:00,40.278,43.675916666666666,-3.397916666666667,False
2014-02-20 07:17:00,44.694,43.654333333333334,1.039666666666669,False
2014-02-20 07:22:00,43.404,43.55949999999999,-0.1554999999999893,False
2014-02-20 07:27:00,42.206,43.58883333333333,-1.3828333333333305,False
2014-02-20 07:32:00,43.756,43.584916666666665,0.17108333333333547,False
2014-02-20 07:37:00,39.226,43.495749999999994,-4.269749999999995,False
2014-02-20 07:42:00,49.6,43.50066666666667,6.099333333333334,False
2014-02-20 07:47:00,41.01,43.54683333333333,-2.536833333333334,False
2014-02-20 07:52:00,40.492,43.48933333333333,-2.99733333333333,False
2014-02-20 07:57:00,48.428,43.5275,4.900499999999994,False
2014-02-20 08:02:00,42.91,43.44050000000001,-0.5305000000000106,False
2014-02-20 08:07:00,43.45,43.507000000000005,-0.05700000000000216,False
2014-02-20 08:12:00,44.062,43.52466666666666,0.5373333333333363,False
2014-02-20 08:17:00,39.012,43.49341666666666,-4.481416666666661,False
2014-02-20 08:22:00,47.958,43.49725,4.460749999999997,False
2014-02-20 08:27:00,41.91,43.42091666666667,-1.5109166666666738,False
2014-02-20 08:32:00,38.85,43.43108333333333,-4.581083333333332,False
2014-02-20 08:37:00,49.434,43.35874999999999,6.075250000000004,False
2014-02-20 08:42:00,42.042,43.50841666666667,-1.4664166666666674,False
2014-02-20 08:47:00,41.104,43.46733333333333,-2.3633333333333297,False
2014-02-20 08:52:00,44.722,43.41158333333333,1.3104166666666686,False
2014-02-20 08:57:00,40.54,43.43225,-2.892250000000004,False
2014-02-20 09:02:00,47.184,43.39608333333334,3.7879166666666606,False
2014-02-20 09:07:00,45.024,43.316916666666664,1.7070833333333368,False
2014-02-20 09:12:00,40.354,43.38733333333332,-3.0333333333333243,False
2014-02-20 09:17:00,46.29600000000001,43.3905,2.9055000000000035,False
2014-02-20 09:22:00,43.592,43.457249999999995,0.13475000000000392,False
2014-02-20 09:27:00,42.256,43.46508333333333,-1.2090833333333322,False
2014-02-20 09:32:00,42.63800000000001,43.467166666666664,-0.8291666666666515,False
2014-02-20 09:37:00,40.704,43.42058333333333,-2.7165833333333325,False
2014-02-20 09:42:00,46.408,43.482166666666664,2.925833333333337,False
2014-02-20 09:47:00,42.184,43.34916666666666,-1.1651666666666642,False
2014-02-20 09:52:00,39.554,43.39808333333334,-3.8440833333333373,False
2014-02-20 09:57:00,50.828,43.359,7.469000000000001,False
2014-02-20 10:02:00,41.268,43.459,-2.1910000000000025,False
2014-02-20 10:07:00,43.216,43.39058333333333,-0.17458333333333087,False
2014-02-20 10:12:00,45.61,43.380833333333335,2.2291666666666643,False
2014-02-20 10:17:00,42.69600000000001,43.44533333333334,-0.7493333333333254,False
2014-02-20 10:22:00,42.746,43.59883333333334,-0.8528333333333364,False
2014-02-20 10:27:00,42.99800000000001,43.38166666666667,-0.38366666666665594,False
2014-02-20 10:32:00,38.874,43.427,-4.552999999999997,False
2014-02-20 10:37:00,48.662,43.428,5.234000000000002,False
2014-02-20 10:42:00,41.378,43.395833333333336,-2.0178333333333356,False
2014-02-20 10:47:00,40.814,43.36816666666667,-2.554166666666667,False
2014-02-20 10:52:00,45.37600000000001,43.35608333333334,2.019916666666674,False
2014-02-20 10:57:00,45.164,43.38333333333333,1.7806666666666686,False
2014-02-20 11:02:00,43.508,43.576,-0.06799999999999784,False
2014-02-20 11:07:00,45.004,43.42283333333334,1.581166666666661,False
2014-02-20 11:12:00,38.356,43.422000000000004,-5.0660000000000025,False
2014-02-20 11:17:00,48.968,43.338750000000005,5.629249999999999,False
2014-02-20 11:22:00,41.456,43.45008333333334,-1.9940833333333359,False
2014-02-20 11:27:00,40.758,43.36108333333334,-2.6030833333333376,False
2014-02-20 11:32:00,45.68,43.29866666666667,2.3813333333333304,False
2014-02-20 11:37:00,42.864,43.42541666666667,-0.5614166666666733,False
2014-02-20 11:42:00,43.396,43.515416666666674,-0.11941666666667317,False
2014-02-20 11:47:00,42.56399999999999,43.389916666666664,-0.8259166666666715,False
2014-02-20 11:52:00,40.234,43.405750000000005,-3.171750000000003,False
2014-02-20 11:57:00,50.932,43.43408333333334,7.4979166666666615,False
2014-02-20 12:02:00,41.374,43.438416666666676,-2.0644166666666734,False
2014-02-20 12:07:00,42.354,43.44283333333334,-1.0888333333333406,False
2014-02-20 12:12:00,45.532,43.40691666666667,2.125083333333329,False
2014-02-20 12:17:00,42.952,43.40366666666667,-0.4516666666666751,False
2014-02-20 12:22:00,42.008,43.41433333333333,-1.406333333333329,False
2014-02-20 12:27:00,44.022,43.38358333333334,0.6384166666666573,False
2014-02-20 12:32:00,38.756,43.42625,-4.670250000000003,False
2014-02-20 12:37:00,48.31,43.42133333333334,4.888666666666666,False
2014-02-20 12:42:00,41.502,43.406666666666666,-1.9046666666666638,False
2014-02-20 12:47:00,40.732,43.411833333333334,-2.6798333333333346,False
2014-02-20 12:52:00,44.93,43.408416666666675,1.521583333333325,False
2014-02-20 12:57:00,44.816,43.389833333333335,1.426166666666667,False
2014-02-20 13:02:00,44.202,43.37533333333334,0.8266666666666609,False
2014-02-20 13:07:00,44.45,43.40425,1.0457500000000053,False
2014-02-20 13:12:00,39.152,43.38116666666667,-4.229166666666671,False
2014-02-20 13:17:00,48.124,43.41433333333333,4.709666666666671,False
2014-02-20 13:22:00,41.416,43.37916666666666,-1.963166666666666,False
2014-02-20 13:27:00,41.362,43.3775,-2.015499999999996,False
2014-02-20 13:32:00,45.37600000000001,43.40266666666667,1.9733333333333434,False
2014-02-20 13:37:00,39.118,43.38999999999999,-4.271999999999991,False
2014-02-20 13:42:00,48.708,43.233916666666666,5.474083333333333,False
2014-02-20 13:47:00,41.55,43.45525,-1.9052500000000023,False
2014-02-20 13:52:00,39.878,43.413000000000004,-3.5350000000000037,False
2014-02-20 13:57:00,47.782,43.39816666666667,4.383833333333328,False
2014-02-20 14:02:00,43.382,43.26691666666667,0.11508333333333098,False
2014-02-20 14:07:00,43.192,43.35058333333333,-0.15858333333333263,False
2014-02-20 14:12:00,44.226000000000006,43.3855,0.8405000000000058,False
2014-02-20 14:17:00,44.136,43.33108333333333,0.8049166666666707,False
2014-02-20 14:22:00,43.382,43.38041666666666,0.0015833333333361566,False
2014-02-20 14:27:00,41.914,43.43766666666667,-1.5236666666666707,False
2014-02-20 14:32:00,39.8,43.34983333333333,-3.549833333333332,False
2014-02-20 14:37:00,49.514,43.39333333333334,6.120666666666665,False
2014-02-20 14:42:00,41.83,43.4435,-1.613500000000002,False
2014-02-20 14:47:00,41.48,43.457166666666666,-1.977166666666669,False
2014-02-20 14:52:00,44.578,43.48833333333334,1.0896666666666661,False
2014-02-20 14:57:00,41.122,43.47366666666667,-2.3516666666666666,False
2014-02-20 15:02:00,49.018,43.31975,5.698250000000002,False
2014-02-20 15:07:00,43.756,43.52041666666667,0.2355833333333308,False
2014-02-20 15:12:00,40.57,43.4915,-2.9215000000000018,False
2014-02-20 15:17:00,45.63399999999999,43.55058333333333,2.0834166666666647,False
2014-02-20 15:22:00,43.49800000000001,43.44683333333333,0.05116666666668124,False
2014-02-20 15:27:00,42.222,43.53358333333333,-1.3115833333333313,False
2014-02-20 15:32:00,45.164,43.569416666666676,1.5945833333333255,False
2014-02-20 15:37:00,38.662,43.560583333333334,-4.898583333333335,False
2014-02-20 15:42:00,48.8,43.541583333333335,5.258416666666662,False
2014-02-20 15:47:00,41.74800000000001,43.545416666666675,-1.7974166666666633,False
2014-02-20 15:52:00,39.93,43.553666666666665,-3.623666666666665,False
2014-02-20 15:57:00,47.84,43.55583333333334,4.284166666666664,False
2014-02-20 16:02:00,43.304,43.55825000000001,-0.2542500000000061,False
2014-02-20 16:07:00,44.014,43.555,0.4590000000000032,False
2014-02-20 16:12:00,43.746,43.58925,0.1567500000000024,False
2014-02-20 16:17:00,38.27,43.569250000000004,-5.299250000000001,False
2014-02-20 16:22:00,48.968,43.32483333333334,5.643166666666666,False
2014-02-20 16:27:00,41.31399999999999,43.55758333333333,-2.2435833333333406,False
2014-02-20 16:32:00,40.752,43.53258333333334,-2.7805833333333396,False
2014-02-20 16:37:00,45.492,43.57225,1.9197500000000005,False
2014-02-20 16:42:00,42.724,43.404666666666664,-0.6806666666666672,False
2014-02-20 16:47:00,41.502,43.441916666666664,-1.9399166666666616,False
2014-02-20 16:52:00,44.36600000000001,43.44283333333334,0.9231666666666669,False
2014-02-20 16:57:00,40.292,43.434000000000005,-3.142000000000003,False
2014-02-20 17:02:00,48.45,43.39941666666667,5.050583333333336,False
2014-02-20 17:07:00,43.06800000000001,43.375750000000004,-0.30774999999999153,False
2014-02-20 17:12:00,40.54,43.34708333333333,-2.807083333333331,False
2014-02-20 17:17:00,46.118,43.34583333333334,2.7721666666666636,False
2014-02-20 17:22:00,42.676,43.36600000000001,-0.6900000000000048,False
2014-02-20 17:27:00,41.852,43.33175,-1.4797500000000028,False
2014-02-20 17:32:00,42.84,43.31633333333334,-0.4763333333333364,False
2014-02-20 17:37:00,41.738,43.219500000000004,-1.481500000000004,False
2014-02-20 17:42:00,43.24,43.34766666666667,-0.1076666666666668,False
2014-02-20 17:47:00,43.968,43.11600000000001,0.8519999999999968,False
2014-02-20 17:52:00,38.944,43.20850000000001,-4.264500000000005,False
2014-02-20 17:57:00,51.056,43.16741666666667,7.8885833333333295,False
2014-02-20 18:02:00,41.854,43.301416666666675,-1.4474166666666761,False
2014-02-20 18:07:00,42.7,43.24100000000001,-0.5410000000000039,False
2014-02-20 18:12:00,45.37600000000001,43.18625,2.1897500000000107,False
2014-02-20 18:17:00,43.118,43.25416666666667,-0.13616666666666788,False
2014-02-20 18:22:00,42.746,43.45616666666667,-0.710166666666666,False
2014-02-20 18:27:00,43.24,43.196916666666674,0.043083333333328255,False
2014-02-20 18:32:00,39.778,43.277166666666666,-3.4991666666666674,False
2014-02-20 18:37:00,49.152,43.236583333333336,5.915416666666665,False
2014-02-20 18:42:00,41.03,43.38908333333333,-2.3590833333333308,False
2014-02-20 18:47:00,40.664,43.3185,-2.6544999999999987,False
2014-02-20 18:52:00,44.484,43.28358333333333,1.2004166666666691,False
2014-02-20 18:57:00,45.282,43.2885,1.9934999999999974,False
2014-02-20 19:02:00,42.816,43.49641666666667,-0.680416666666666,False
2014-02-20 19:07:00,47.228,43.26166666666666,3.9663333333333384,False
2014-02-20 19:12:00,42.712,43.435,-0.722999999999999,False
2014-02-20 19:17:00,42.96,43.5255,-0.5655000000000001,False
2014-02-20 19:22:00,43.1,43.39391666666666,-0.29391666666666083,False
2014-02-20 19:27:00,38.802,43.41158333333334,-4.60958333333334,False
2014-02-20 19:32:00,49.428,43.2845,6.143499999999996,False
2014-02-20 19:37:00,41.69,43.559000000000005,-1.8690000000000069,False
2014-02-20 19:42:00,40.536,43.556999999999995,-3.0209999999999937,False
2014-02-20 19:47:00,45.328,43.44433333333333,1.8836666666666702,False
2014-02-20 19:52:00,43.522,43.501000000000005,0.02099999999999369,False
2014-02-20 19:57:00,44.176,43.691750000000006,0.48424999999999585,False
2014-02-20 20:02:00,43.78,43.40508333333333,0.374916666666671,False
2014-02-20 20:07:00,40.352,43.48533333333333,-3.133333333333333,False
2014-02-20 20:12:00,47.018,43.387499999999996,3.630500000000005,False
2014-02-20 20:17:00,43.004,43.45591666666667,-0.4519166666666692,False
2014-02-20 20:22:00,41.066,43.451166666666666,-2.385166666666663,False
2014-02-20 20:27:00,44.554,43.38116666666667,1.1728333333333296,False
2014-02-20 20:32:00,43.284,43.435916666666664,-0.15191666666666492,False
2014-02-20 20:37:00,42.12,43.582,-1.4620000000000033,False
2014-02-20 20:42:00,43.524,43.288999999999994,0.23500000000000654,False
2014-02-20 20:47:00,38.896,43.39291666666667,-4.496916666666671,False
2014-02-20 20:52:00,48.826,43.319250000000004,5.506749999999997,False
2014-02-20 20:57:00,42.994,43.500166666666665,-0.5061666666666653,False
2014-02-20 21:02:00,40.162,43.404833333333336,-3.242833333333337,False
2014-02-20 21:07:00,47.048,43.294250000000005,3.7537499999999966,False
2014-02-20 21:12:00,43.052,43.286750000000005,-0.23475000000000534,False
2014-02-20 21:17:00,41.738,43.300916666666666,-1.5629166666666663,False
2014-02-20 21:22:00,43.944,43.25,0.6940000000000026,False
2014-02-20 21:27:00,39.66,43.28516666666667,-3.625166666666672,False
2014-02-20 21:32:00,48.028,43.32091666666667,4.70708333333333,False
2014-02-20 21:37:00,42.12600000000001,43.26258333333333,-1.13658333333332,False
2014-02-20 21:42:00,39.806,43.280750000000005,-3.4747500000000073,False
2014-02-20 21:47:00,46.01,43.25033333333334,2.7596666666666607,False
2014-02-20 21:52:00,43.732,43.27875,0.45324999999999704,False
2014-02-20 21:57:00,44.672,43.2875,1.3844999999999956,False
2014-02-20 22:02:00,43.968,43.308166666666665,0.6598333333333386,False
2014-02-20 22:07:00,40.61,43.316,-2.706000000000003,False
2014-02-20 22:12:00,47.582,43.326750000000004,4.255249999999997,False
2014-02-20 22:17:00,43.826,43.350249999999996,0.475750000000005,False
2014-02-20 22:22:00,39.178,43.3845,-4.2065000000000055,False
2014-02-20 22:27:00,47.606,43.30583333333334,4.300166666666662,False
2014-02-20 22:32:00,44.026,43.433,0.5930000000000035,False
2014-02-20 22:37:00,42.13800000000001,43.46391666666667,-1.3259166666666573,False
2014-02-20 22:42:00,43.09,43.464666666666666,-0.3746666666666627,False
2014-02-20 22:47:00,39.554,43.446583333333336,-3.8925833333333344,False
2014-02-20 22:52:00,47.558,43.474,4.084000000000003,False
2014-02-20 22:57:00,45.094,43.421166666666664,1.6728333333333367,False
2014-02-20 23:02:00,43.11600000000001,43.50866666666667,-0.3926666666666634,False
2014-02-20 23:07:00,45.4,43.631750000000004,1.7682499999999948,False
2014-02-20 23:12:00,39.882,43.56308333333334,-3.6810833333333406,False
2014-02-20 23:17:00,45.986,43.431000000000004,2.5549999999999926,False
2014-02-20 23:22:00,43.892,43.608000000000004,0.2839999999999989,False
2014-02-20 23:27:00,43.43,43.60583333333333,-0.17583333333332973,False
2014-02-20 23:32:00,42.594,43.76291666666666,-1.1689166666666608,False
2014-02-20 23:37:00,40.282,43.5365,-3.2545,False
2014-02-20 23:42:00,45.038,43.45966666666667,1.578333333333326,False
2014-02-20 23:47:00,42.794,43.67766666666666,-0.883666666666663,False
2014-02-20 23:52:00,44.294,43.54366666666667,0.7503333333333302,False
2014-02-20 23:57:00,43.806,43.567083333333336,0.23891666666666111,False
2014-02-21 00:02:00,41.08,43.531,-2.4510000000000005,False
2014-02-21 00:07:00,46.486,43.410666666666664,3.075333333333333,False
2014-02-21 00:12:00,39.108,43.655499999999996,-4.547499999999999,False
2014-02-21 00:17:00,49.694,43.302416666666666,6.391583333333337,False
2014-02-21 00:22:00,42.37,43.54691666666667,-1.1769166666666706,False
2014-02-21 00:27:00,41.33600000000001,43.679916666666664,-2.343916666666651,False
2014-02-21 00:32:00,44.58600000000001,43.41866666666667,1.167333333333346,False
2014-02-21 00:37:00,38.708,43.442,-4.734000000000002,False
2014-02-21 00:42:00,49.062,43.299083333333336,5.762916666666662,False
2014-02-21 00:47:00,41.008,43.54791666666667,-2.53991666666667,False
2014-02-21 00:52:00,42.348,43.6085,-1.2605000000000004,False
2014-02-21 00:57:00,45.306,43.391416666666665,1.9145833333333329,False
2014-02-21 01:02:00,40.184,43.40025,-3.2162500000000023,False
2014-02-21 01:07:00,48.668,43.278083333333335,5.3899166666666645,False
2014-02-21 01:12:00,42.558,43.41425,-0.8562500000000028,False
2014-02-21 01:17:00,43.24,43.525749999999995,-0.28574999999999307,False
2014-02-21 01:22:00,42.394,43.41133333333334,-1.0173333333333403,False
2014-02-21 01:27:00,40.14,43.34891666666667,-3.208916666666667,False
2014-02-21 01:32:00,45.916,43.21183333333334,2.7041666666666586,False
2014-02-21 01:37:00,42.392,43.350249999999996,-0.9582499999999925,False
2014-02-21 01:42:00,43.592,43.43816666666667,0.15383333333333127,False
2014-02-21 01:47:00,42.63,43.377916666666664,-0.7479166666666615,False
2014-02-21 01:52:00,40.42,43.37108333333333,-2.9510833333333295,False
2014-02-21 01:57:00,47.536,43.209666666666664,4.326333333333338,False
2014-02-21 02:02:00,43.428,43.36508333333333,0.06291666666666629,False
2014-02-21 02:07:00,46.22,43.46291666666667,2.757083333333327,False
2014-02-21 02:12:00,41.666,43.45183333333333,-1.7858333333333363,False
2014-02-21 02:17:00,41.754,43.558416666666666,-1.8044166666666683,False
2014-02-21 02:22:00,46.902,43.227583333333335,3.6744166666666658,False
2014-02-21 02:27:00,43.216,43.41641666666667,-0.20041666666666913,False
2014-02-21 02:32:00,44.29600000000001,43.49475,0.8012500000000031,False
2014-02-21 02:37:00,42.63,43.48266666666667,-0.8526666666666642,False
2014-02-21 02:42:00,41.83,43.64608333333334,-1.8160833333333386,False
2014-02-21 02:47:00,44.788,43.344750000000005,1.443249999999992,False
2014-02-21 02:52:00,38.958,43.502250000000004,-4.544250000000005,False
2014-02-21 02:57:00,51.83,43.361,8.469000000000001,True
2014-02-21 03:02:00,41.9,43.63283333333334,-1.732833333333339,False
2014-02-21 03:07:00,44.58,43.70433333333333,0.8756666666666675,False
2014-02-21 03:12:00,44.86,43.534,1.3260000000000005,False
2014-02-21 03:17:00,38.662,43.62991666666667,-4.967916666666667,False
2014-02-21 03:22:00,48.708,43.439166666666665,5.268833333333333,False
2014-02-21 03:27:00,41.714,43.70225,-1.9882500000000007,False
2014-02-21 03:32:00,42.184,43.767833333333336,-1.583833333333338,False
2014-02-21 03:37:00,43.708,43.61233333333333,0.09566666666666634,False
2014-02-21 03:42:00,41.12600000000001,43.66716666666667,-2.541166666666655,False
2014-02-21 03:47:00,47.394,43.564416666666666,3.829583333333332,False
2014-02-21 03:52:00,42.784,43.76291666666666,-0.9789166666666631,False
2014-02-21 03:57:00,45.164,43.86141666666666,1.302583333333338,False
2014-02-21 04:02:00,43.68600000000001,43.76258333333334,-0.0765833333333319,False
2014-02-21 04:07:00,41.31399999999999,43.77333333333333,-2.4593333333333405,False
2014-02-21 04:12:00,47.93600000000001,43.56891666666667,4.3670833333333405,False
2014-02-21 04:17:00,42.856,43.83016666666666,-0.9741666666666617,False
2014-02-21 04:22:00,43.56800000000001,43.876083333333334,-0.3080833333333217,False
2014-02-21 04:27:00,43.24800000000001,43.73716666666667,-0.4891666666666552,False
2014-02-21 04:32:00,40.508,43.738499999999995,-3.230499999999992,False
2014-02-21 04:37:00,47.464,43.580666666666666,3.883333333333333,False
2014-02-21 04:42:00,42.972,43.78208333333333,-0.8100833333333313,False
2014-02-21 04:47:00,42.092,43.82966666666667,-1.7376666666666694,False
2014-02-21 04:52:00,43.474,43.717333333333336,-0.2433333333333394,False
2014-02-21 04:57:00,41.576,43.905499999999996,-2.329499999999996,False
2014-02-21 05:02:00,50.178,43.47825,6.6997499999999945,False
2014-02-21 05:07:00,42.574,43.82316666666667,-1.2491666666666745,False
2014-02-21 05:12:00,42.21,43.739583333333336,-1.5295833333333348,False
2014-02-21 05:17:00,43.972,43.62916666666666,0.34283333333333843,False
2014-02-21 05:22:00,38.708,43.85041666666667,-5.142416666666669,False
2014-02-21 05:27:00,48.56800000000001,43.43375,5.134250000000009,False
2014-02-21 05:32:00,41.988,43.71933333333334,-1.731333333333339,False
2014-02-21 05:37:00,42.84,43.71116666666668,-0.8711666666666744,False
2014-02-21 05:42:00,44.762,43.675000000000004,1.0869999999999962,False
2014-02-21 05:47:00,39.47,43.8265,-4.356500000000004,False
2014-02-21 05:52:00,47.042,43.49633333333333,3.545666666666669,False
2014-02-21 05:57:00,45.4,43.673750000000005,1.7262499999999932,False
2014-02-21 06:02:00,43.31,43.68358333333333,-0.37358333333332894,False
2014-02-21 06:07:00,45.294,43.66791666666666,1.6260833333333338,False
2014-02-21 06:12:00,40.338,43.83375,-3.495750000000001,False
2014-02-21 06:17:00,47.676,43.51716666666667,4.158833333333334,False
2014-02-21 06:22:00,44.272,43.717999999999996,0.554000000000002,False
2014-02-21 06:27:00,43.752,43.74733333333334,0.0046666666666652645,False
2014-02-21 06:32:00,43.118,43.76833333333334,-0.6503333333333359,False
2014-02-21 06:37:00,39.76,43.87708333333333,-4.117083333333333,False
2014-02-21 06:42:00,47.418,43.55608333333333,3.8619166666666658,False
2014-02-21 06:47:00,43.334,43.74133333333334,-0.40733333333333377,False
2014-02-21 06:52:00,42.84,43.793083333333335,-0.953083333333332,False
2014-02-21 06:57:00,44.882,43.76666666666667,1.115333333333325,False
2014-02-21 07:02:00,39.022,43.90441666666666,-4.882416666666664,False
2014-02-21 07:07:00,48.756,43.43958333333333,5.316416666666669,False
2014-02-21 07:12:00,42.816,43.69716666666667,-0.8811666666666653,False
2014-02-21 07:17:00,42.464,43.72241666666667,-1.258416666666669,False
2014-02-21 07:22:00,44.014,43.65958333333333,0.3544166666666726,False
2014-02-21 07:27:00,43.846,43.88066666666666,-0.0346666666666664,False
2014-02-21 07:32:00,42.49,43.68391666666667,-1.1939166666666665,False
2014-02-21 07:37:00,42.272,43.70483333333333,-1.4328333333333347,False
2014-02-21 07:42:00,39.486,43.68116666666666,-4.195166666666665,False
2014-02-21 07:47:00,46.408,43.461333333333336,2.9466666666666654,False
2014-02-21 07:52:00,43.802,43.750416666666666,0.051583333333333314,False
2014-02-21 07:57:00,43.802,43.61541666666667,0.18658333333333132,False
2014-02-21 08:02:00,44.178,43.548833333333334,0.6291666666666629,False
2014-02-21 08:07:00,40.68,43.585,-2.905000000000001,False
2014-02-21 08:12:00,49.108,43.39275,5.7152499999999975,False
2014-02-21 08:17:00,41.666,43.75816666666666,-2.092166666666664,False
2014-02-21 08:22:00,43.146,43.50775000000001,-0.3617500000000078,False
2014-02-21 08:27:00,43.702,43.46083333333333,0.24116666666666475,False
2014-02-21 08:32:00,38.826,43.45875,-4.6327500000000015,False
2014-02-21 08:37:00,48.38,43.27991666666667,5.10008333333333,False
2014-02-21 08:42:00,41.714,43.63908333333333,-1.9250833333333333,False
2014-02-21 08:47:00,41.712,43.40141666666667,-1.6894166666666663,False
2014-02-21 08:52:00,45.118,43.33383333333333,1.7841666666666711,False
2014-02-21 08:57:00,40.936,43.42875,-2.492750000000001,False
2014-02-21 09:02:00,49.06800000000001,43.26433333333333,5.803666666666679,False
2014-02-21 09:07:00,43.286,43.68291666666667,-0.39691666666666947,False
2014-02-21 09:12:00,42.3,43.455000000000005,-1.1550000000000082,False
2014-02-21 09:17:00,44.342,43.4335,0.9084999999999965,False
2014-02-21 09:22:00,38.92,43.51175,-4.5917499999999976,False
2014-02-21 09:27:00,49.952,43.299499999999995,6.652500000000003,False
2014-02-21 09:32:00,42.042,43.55391666666666,-1.5119166666666572,False
2014-02-21 09:37:00,40.798,43.53525,-2.737249999999996,False
2014-02-21 09:42:00,44.554,43.47383333333334,1.0801666666666634,False
2014-02-21 09:47:00,38.902,43.685,-4.783000000000001,False
2014-02-21 09:52:00,48.63800000000001,43.37225,5.265750000000011,False
2014-02-21 09:57:00,43.49800000000001,43.57375,-0.07574999999998511,False
2014-02-21 10:02:00,41.36,43.56108333333333,-2.2010833333333295,False
2014-02-21 10:07:00,47.872,43.443666666666665,4.428333333333335,False
2014-02-21 10:12:00,42.828,43.74333333333334,-0.9153333333333364,False
2014-02-21 10:17:00,43.746,43.48166666666666,0.2643333333333402,False
2014-02-21 10:22:00,42.854,43.568333333333335,-0.7143333333333359,False
2014-02-21 10:27:00,40.13800000000001,43.55616666666668,-3.4181666666666644,False
2014-02-21 10:32:00,46.362,43.40766666666667,2.954333333333331,False
2014-02-21 10:37:00,43.192,43.72166666666667,-0.529666666666671,False
2014-02-21 10:42:00,43.38,43.505500000000005,-0.1255000000000024,False
2014-02-21 10:47:00,43.732,43.57491666666667,0.15708333333333258,False
2014-02-21 10:52:00,40.04,43.659083333333335,-3.619083333333336,False
2014-02-21 10:57:00,51.032,43.4475,7.5844999999999985,False
2014-02-21 11:02:00,42.828,43.86816666666667,-1.0401666666666642,False
2014-02-21 11:07:00,44.178,43.60816666666667,0.5698333333333281,False
2014-02-21 11:12:00,43.45,43.64533333333333,-0.19533333333333047,False
2014-02-21 11:17:00,38.966,43.693250000000006,-4.727250000000005,False
2014-02-21 11:22:00,47.37,43.469249999999995,3.900750000000002,False
2014-02-21 11:27:00,42.982,43.821333333333335,-0.8393333333333359,False
2014-02-21 11:32:00,41.83,43.53091666666666,-1.7009166666666644,False
2014-02-21 11:37:00,44.202,43.522083333333335,0.6799166666666636,False
2014-02-21 11:42:00,38.486,43.663916666666665,-5.177916666666668,False
2014-02-21 11:47:00,48.828,43.41108333333333,5.416916666666673,False
2014-02-21 11:52:00,41.478,43.824666666666666,-2.346666666666664,False
2014-02-21 11:57:00,43.944,43.52633333333333,0.4176666666666691,False
2014-02-21 12:02:00,43.828,43.544916666666666,0.28308333333333735,False
2014-02-21 12:07:00,40.54,43.64775,-3.107750000000003,False
2014-02-21 12:12:00,48.122,43.34225,4.77975,False
2014-02-21 12:17:00,41.878,43.56283333333334,-1.6848333333333372,False
2014-02-21 12:22:00,42.512,43.48499999999999,-0.9729999999999919,False
2014-02-21 12:27:00,44.178,43.47075,0.7072499999999948,False
2014-02-21 12:32:00,40.642,43.63908333333333,-2.997083333333329,False
2014-02-21 12:37:00,48.544,43.400749999999995,5.143250000000002,False
2014-02-21 12:42:00,43.58600000000001,43.62375,-0.037749999999988404,False
2014-02-21 12:47:00,43.262,43.63233333333334,-0.37033333333334184,False
2014-02-21 12:52:00,43.63800000000001,43.61275,0.025250000000013983,False
2014-02-21 12:57:00,41.426,43.76266666666667,-2.336666666666666,False
2014-02-21 13:02:00,49.538,43.36241666666667,6.1755833333333285,False
2014-02-21 13:07:00,42.788,43.641999999999996,-0.8539999999999992,False
2014-02-21 13:12:00,42.184,43.58408333333333,-1.4000833333333347,False
2014-02-21 13:17:00,43.2,43.53133333333333,-0.33133333333332615,False
2014-02-21 13:22:00,39.454,43.707750000000004,-4.253750000000004,False
2014-02-21 13:27:00,46.374,43.37791666666667,2.996083333333331,False
2014-02-21 13:32:00,42.958,43.51925,-0.5612500000000011,False
2014-02-21 13:37:00,42.254,43.566250000000004,-1.312250000000006,False
2014-02-21 13:42:00,41.65,43.485083333333336,-1.835083333333337,False
2014-02-21 13:47:00,38.662,43.61691666666667,-4.954916666666669,False
2014-02-21 13:52:00,48.066,43.19333333333333,4.8726666666666745,False
2014-02-21 13:57:00,44.114,43.46783333333334,0.6461666666666588,False
2014-02-21 14:02:00,42.88800000000001,43.47491666666667,-0.5869166666666601,False
2014-02-21 14:07:00,45.404,43.435750000000006,1.9682499999999976,False
2014-02-21 14:12:00,38.756,43.63841666666667,-4.882416666666671,False
2014-02-21 14:17:00,48.942,43.24816666666667,5.69383333333333,False
2014-02-21 14:22:00,42.112,43.5425,-1.430499999999995,False
2014-02-21 14:27:00,43.522,43.52583333333334,-0.0038333333333397945,False
2014-02-21 14:32:00,43.508,43.49850000000001,0.009499999999995623,False
2014-02-21 14:37:00,40.88800000000001,43.617916666666666,-2.7299166666666537,False
2014-02-21 14:42:00,47.3,43.29891666666666,4.001083333333334,False
2014-02-21 14:47:00,42.794,43.45366666666667,-0.6596666666666735,False
2014-02-21 14:52:00,43.904,43.43416666666667,0.46983333333333377,False
2014-02-21 14:57:00,45.234,43.44525000000001,1.7887499999999932,False
2014-02-21 15:02:00,39.53,43.60391666666667,-4.073916666666669,False
2014-02-21 15:07:00,48.68600000000001,43.18691666666667,5.499083333333338,False
2014-02-21 15:12:00,41.83,43.43266666666667,-1.6026666666666713,False
2014-02-21 15:17:00,42.09,43.41791666666666,-1.3279166666666598,False
2014-02-21 15:22:00,43.756,43.37166666666667,0.38433333333333053,False
2014-02-21 15:27:00,39.906,43.550916666666666,-3.644916666666667,False
2014-02-21 15:32:00,47.06,43.28141666666667,3.77858333333333,False
2014-02-21 15:37:00,43.144,43.452333333333335,-0.3083333333333371,False
2014-02-21 15:42:00,42.018,43.48941666666667,-1.47141666666667,False
2014-02-21 15:47:00,43.95399999999999,43.50475,0.44924999999999216,False
2014-02-21 15:52:00,39.014,43.725249999999996,-4.711249999999993,False
2014-02-21 15:57:00,48.736,43.348083333333335,5.387916666666662,False
2014-02-21 16:02:00,44.414,43.540666666666674,0.8733333333333277,False
2014-02-21 16:07:00,45.188,43.60425,1.583750000000002,False
2014-02-21 16:12:00,43.29600000000001,43.59525,-0.2992499999999936,False
2014-02-21 16:17:00,39.624,43.784416666666665,-4.160416666666663,False
2014-02-21 16:22:00,45.67,43.396166666666666,2.273833333333336,False
2014-02-21 16:27:00,43.63800000000001,43.54441666666667,0.09358333333334201,False
2014-02-21 16:32:00,43.356,43.54925,-0.19324999999999903,False
2014-02-21 16:37:00,42.536,43.54291666666666,-1.0069166666666618,False
2014-02-21 16:42:00,41.478,43.611583333333336,-2.133583333333334,False
2014-02-21 16:47:00,45.232,43.369,1.8629999999999995,False
2014-02-21 16:52:00,38.92,43.47058333333334,-4.550583333333336,False
2014-02-21 16:57:00,50.978,43.262916666666676,7.715083333333325,False
2014-02-21 17:02:00,41.868,43.502250000000004,-1.6342500000000015,False
2014-02-21 17:07:00,44.014,43.59966666666667,0.41433333333333167,False
2014-02-21 17:12:00,46.338,43.405,2.933,False
2014-02-21 17:17:00,43.662,43.59283333333334,0.0691666666666606,False
2014-02-21 17:22:00,43.886,43.65833333333334,0.22766666666666424,False
2014-02-21 17:27:00,42.224,43.66375,-1.4397500000000036,False
2014-02-21 17:32:00,41.636,43.760333333333335,-2.1243333333333325,False
2014-02-21 17:37:00,46.342,43.534333333333336,2.8076666666666625,False
2014-02-21 17:42:00,43.474,43.66758333333333,-0.19358333333333633,False
2014-02-21 17:47:00,43.544,43.72825,-0.1842500000000058,False
2014-02-21 17:52:00,43.162,43.711166666666664,-0.5491666666666646,False
2014-02-21 17:57:00,42.216,43.88399999999999,-1.6679999999999922,False
2014-02-21 18:02:00,46.996,43.61233333333333,3.38366666666667,False
2014-02-21 18:07:00,44.652,43.71991666666667,0.9320833333333312,False
2014-02-21 18:12:00,44.154,43.697583333333334,0.45641666666666936,False
2014-02-21 18:17:00,43.004,43.73333333333333,-0.7293333333333294,False
2014-02-21 18:22:00,39.766,43.87416666666667,-4.108166666666669,False
2014-02-21 18:27:00,46.45,43.628166666666665,2.8218333333333376,False
2014-02-21 18:32:00,43.214,43.74533333333334,-0.5313333333333432,False
2014-02-21 18:37:00,43.16,43.73941666666666,-0.5794166666666669,False
2014-02-21 18:42:00,42.652,43.765416666666674,-1.113416666666673,False
2014-02-21 18:47:00,41.22,43.81433333333333,-2.5943333333333314,False
2014-02-21 18:52:00,45.798,43.647166666666664,2.1508333333333383,False
2014-02-21 18:57:00,44.93,43.93375,0.9962499999999963,False
2014-02-21 19:02:00,43.68600000000001,43.681749999999994,0.004250000000013188,False
2014-02-21 19:07:00,46.44600000000001,43.7575,2.688500000000012,False
2014-02-21 19:12:00,40.744,43.85883333333334,-3.114833333333337,False
2014-02-21 19:17:00,45.456,43.625750000000004,1.8302499999999995,False
2014-02-21 19:22:00,43.004,43.700500000000005,-0.6965000000000074,False
2014-02-21 19:27:00,43.874,43.66375,0.21025000000000205,False
2014-02-21 19:32:00,41.552,43.732499999999995,-2.180499999999995,False
2014-02-21 19:37:00,41.808,43.729000000000006,-1.9210000000000065,False
2014-02-21 19:42:00,44.802,43.540083333333335,1.2619166666666644,False
2014-02-21 19:47:00,38.454,43.595416666666665,-5.1414166666666645,False
2014-02-21 19:52:00,46.596,43.38333333333333,3.2126666666666637,False
2014-02-21 19:57:00,44.918,43.52641666666667,1.3915833333333296,False
2014-02-21 20:02:00,43.06399999999999,43.639,-0.57500000000001,False
2014-02-21 20:07:00,46.62,43.47516666666667,3.144833333333331,False
2014-02-21 20:12:00,40.14,43.55716666666666,-3.4171666666666596,False
2014-02-21 20:17:00,47.112,43.389916666666664,3.7220833333333374,False
2014-02-21 20:22:00,43.68600000000001,43.561083333333336,0.124916666666671,False
2014-02-21 20:27:00,42.464,43.72441666666666,-1.2604166666666643,False
2014-02-21 20:32:00,43.17,43.55833333333334,-0.3883333333333354,False
2014-02-21 20:37:00,39.484,43.5565,-4.072499999999998,False
2014-02-21 20:42:00,47.63,43.403333333333336,4.226666666666667,False
2014-02-21 20:47:00,43.108,43.610749999999996,-0.5027499999999989,False
2014-02-21 20:52:00,43.356,43.689416666666666,-0.3334166666666647,False
2014-02-21 20:57:00,46.018,43.58766666666667,2.43033333333333,False
2014-02-21 21:02:00,39.784,43.633,-3.8490000000000038,False
2014-02-21 21:07:00,49.32,43.470416666666665,5.849583333333335,False
2014-02-21 21:12:00,43.58600000000001,43.59016666666667,-0.004166666666655772,False
2014-02-21 21:17:00,42.654,43.70858333333334,-1.0545833333333334,False
2014-02-21 21:22:00,43.802,43.591833333333334,0.21016666666666595,False
2014-02-21 21:27:00,38.918,43.62508333333333,-4.70708333333333,False
2014-02-21 21:32:00,47.35,43.41858333333334,3.9314166666666637,False
2014-02-21 21:37:00,42.84,43.66016666666667,-0.8201666666666654,False
2014-02-21 21:42:00,43.338,43.70316666666667,-0.3651666666666671,False
2014-02-21 21:47:00,43.052,43.64216666666667,-0.5901666666666685,False
2014-02-21 21:52:00,40.62,43.83375,-3.2137500000000045,False
2014-02-21 21:57:00,47.394,43.58475000000001,3.8092499999999916,False
2014-02-21 22:02:00,42.934,43.687916666666666,-0.7539166666666688,False
2014-02-21 22:07:00,45.54,43.682500000000005,1.8574999999999946,False
2014-02-21 22:12:00,42.16,43.637499999999996,-1.4774999999999991,False
2014-02-21 22:17:00,40.938,43.721666666666664,-2.7836666666666616,False
2014-02-21 22:22:00,45.254,43.464416666666665,1.7895833333333329,False
2014-02-21 22:27:00,38.732,43.52975,-4.797750000000001,False
2014-02-21 22:32:00,48.45,43.374249999999996,5.075750000000006,False
2014-02-21 22:37:00,41.428,43.594249999999995,-2.166249999999998,False
2014-02-21 22:42:00,42.864,43.67525,-0.8112500000000011,False
2014-02-21 22:47:00,43.85,43.47666666666667,0.37333333333333485,False
2014-02-21 22:52:00,39.836,43.507583333333336,-3.671583333333338,False
2014-02-21 22:57:00,50.394,43.36091666666667,7.03308333333333,False
2014-02-21 23:02:00,43.93600000000001,43.54325,0.3927500000000066,False
2014-02-21 23:07:00,44.146,43.71625,0.4297499999999985,False
2014-02-21 23:12:00,43.708,43.50066666666667,0.20733333333333093,False
2014-02-21 23:17:00,39.87,43.50575,-3.6357500000000016,False
2014-02-21 23:22:00,47.746,43.38975,4.356250000000003,False
2014-02-21 23:27:00,43.004,43.55408333333333,-0.5500833333333333,False
2014-02-21 23:32:00,41.478,43.724333333333334,-2.2463333333333324,False
2014-02-21 23:37:00,43.994,43.47966666666667,0.5143333333333331,False
2014-02-21 23:42:00,38.8,43.52775,-4.72775,False
2014-02-21 23:47:00,45.37600000000001,43.33866666666666,2.0373333333333505,False
2014-02-21 23:52:00,43.31,43.4355,-0.12549999999999528,False
2014-02-21 23:57:00,44.812,43.547583333333336,1.264416666666662,False
2014-02-22 00:02:00,43.582,43.44,0.142000000000003,False
2014-02-22 00:07:00,41.276,43.467000000000006,-2.1910000000000025,False
2014-02-22 00:12:00,46.916,43.28933333333333,3.626666666666665,False
2014-02-22 00:17:00,42.69600000000001,43.487500000000004,-0.7914999999999921,False
2014-02-22 00:22:00,43.522,43.560750000000006,-0.03875000000000739,False
2014-02-22 00:27:00,42.794,43.48858333333333,-0.694583333333334,False
2014-02-22 00:32:00,39.636,43.657833333333336,-4.021833333333333,False
2014-02-22 00:37:00,47.184,43.29058333333333,3.893416666666667,False
2014-02-22 00:42:00,43.004,43.53041666666667,-0.5264166666666696,False
2014-02-22 00:47:00,41.67,43.53625,-1.8662500000000009,False
2014-02-22 00:52:00,44.46,43.44541666666667,1.0145833333333343,False
2014-02-22 00:57:00,41.31399999999999,43.638083333333334,-2.3240833333333413,False
2014-02-22 01:02:00,49.562,43.25975,6.302250000000001,False
2014-02-22 01:07:00,42.918,43.494166666666665,-0.5761666666666656,False
2014-02-22 01:12:00,43.662,43.443000000000005,0.2189999999999941,False
2014-02-22 01:17:00,42.77,43.44108333333333,-0.6710833333333284,False
2014-02-22 01:22:00,40.282,43.56191666666667,-3.279916666666672,False
2014-02-22 01:27:00,46.168,43.250916666666676,2.9170833333333235,False
2014-02-22 01:32:00,38.428,43.38275000000001,-4.954750000000011,False
2014-02-22 01:37:00,48.99,43.25566666666666,5.734333333333339,False
2014-02-22 01:42:00,43.38,43.46383333333333,-0.08383333333333098,False
2014-02-22 01:47:00,41.36600000000001,43.654666666666664,-2.288666666666657,False
2014-02-22 01:52:00,44.154,43.48758333333333,0.6664166666666702,False
2014-02-22 01:57:00,41.56800000000001,43.52275,-1.95474999999999,False
2014-02-22 02:02:00,49.578,43.38758333333334,6.190416666666664,False
2014-02-22 02:07:00,43.63800000000001,43.63741666666667,0.0005833333333455926,False
2014-02-22 02:12:00,42.026,43.73583333333334,-1.7098333333333358,False
2014-02-22 02:17:00,44.48,43.53208333333333,0.9479166666666643,False
2014-02-22 02:22:00,39.196,43.60641666666667,-4.41041666666667,False
2014-02-22 02:27:00,47.256,43.42616666666667,3.829833333333333,False
2014-02-22 02:32:00,42.394,43.61208333333334,-1.2180833333333396,False
2014-02-22 02:37:00,42.864,43.727000000000004,-0.8630000000000067,False
2014-02-22 02:42:00,42.63,43.547,-0.9169999999999945,False
2014-02-22 02:47:00,40.43,43.53141666666667,-3.1014166666666725,False
2014-02-22 02:52:00,46.62,43.479749999999996,3.1402500000000018,False
2014-02-22 02:57:00,45.024,43.56975,1.4542500000000018,False
2014-02-22 03:02:00,40.54,43.724333333333334,-3.184333333333335,False
2014-02-22 03:07:00,47.63,43.34841666666667,4.28158333333333,False
2014-02-22 03:12:00,39.132,43.54475,-4.412750000000003,False
2014-02-22 03:17:00,48.59,43.356,5.234000000000002,False
2014-02-22 03:22:00,41.854,43.5985,-1.7445000000000022,False
2014-02-22 03:27:00,42.348,43.66400000000001,-1.3160000000000096,False
2014-02-22 03:32:00,44.014,43.50483333333333,0.5091666666666725,False
2014-02-22 03:37:00,39.684,43.73758333333333,-4.053583333333336,False
2014-02-22 03:42:00,47.37,43.34983333333333,4.020166666666668,False
2014-02-22 03:47:00,43.216,43.516083333333334,-0.30008333333333326,False
2014-02-22 03:52:00,43.076,43.59316666666667,-0.5171666666666681,False
2014-02-22 03:57:00,45.4,43.54825,1.8517499999999956,False
2014-02-22 04:02:00,39.078,43.70791666666667,-4.6299166666666665,False
2014-02-22 04:07:00,49.466,43.27041666666667,6.195583333333332,False
2014-02-22 04:12:00,43.084,43.51325,-0.42924999999999613,False
2014-02-22 04:17:00,42.864,43.55733333333333,-0.6933333333333351,False
2014-02-22 04:22:00,43.24,43.49,-0.25,False
2014-02-22 04:27:00,40.046,43.6585,-3.612499999999997,False
2014-02-22 04:32:00,46.38399999999999,43.35808333333333,3.02591666666666,False
2014-02-22 04:37:00,39.122,43.52433333333334,-4.402333333333338,False
2014-02-22 04:42:00,49.788,43.36841666666667,6.419583333333328,False
2014-02-22 04:47:00,42.042,43.666666666666664,-1.6246666666666627,False
2014-02-22 04:52:00,41.948,43.73383333333334,-1.7858333333333363,False
2014-02-22 04:57:00,47.582,43.53916666666667,4.042833333333334,False
2014-02-22 05:02:00,39.038,43.64575,-4.607750000000003,False
2014-02-22 05:07:00,50.938,43.58316666666667,7.354833333333332,False
2014-02-22 05:12:00,42.636,43.721000000000004,-1.0850000000000009,False
2014-02-22 05:17:00,41.31,43.867,-2.556999999999995,False
2014-02-22 05:22:00,45.04600000000001,43.56366666666667,1.4823333333333366,False
2014-02-22 05:27:00,39.506,43.696666666666665,-4.190666666666665,False
2014-02-22 05:32:00,47.676,43.578250000000004,4.097749999999998,False
2014-02-22 05:37:00,42.676,43.73083333333333,-1.0548333333333275,False
2014-02-22 05:42:00,41.478,43.8555,-2.3774999999999977,False
2014-02-22 05:47:00,44.102,43.60999999999999,0.49200000000000443,False
2014-02-22 05:52:00,38.708,43.64691666666667,-4.938916666666671,False
2014-02-22 05:57:00,49.178,43.464916666666674,5.713083333333323,False
2014-02-22 06:02:00,43.544,43.62233333333333,-0.07833333333333314,False
2014-02-22 06:07:00,43.826,43.808416666666666,0.017583333333334394,False
2014-02-22 06:12:00,44.038,43.57341666666667,0.46458333333333,False
2014-02-22 06:17:00,38.522,43.61316666666667,-5.091166666666673,False
2014-02-22 06:22:00,48.826,43.43225,5.393749999999997,False
2014-02-22 06:27:00,42.048,43.665,-1.6169999999999973,False
2014-02-22 06:32:00,42.582,43.748416666666664,-1.166416666666663,False
2014-02-22 06:37:00,44.554,43.59,0.9639999999999986,False
2014-02-22 06:42:00,39.014,43.816333333333326,-4.802333333333323,False
2014-02-22 06:47:00,48.874,43.367416666666664,5.506583333333339,False
2014-02-22 06:52:00,42.13,43.65208333333334,-1.5220833333333346,False
2014-02-22 06:57:00,44.554,43.65966666666667,0.8943333333333285,False
2014-02-22 07:02:00,44.43600000000001,43.533500000000004,0.9025000000000034,False
2014-02-22 07:07:00,41.52,43.75841666666667,-2.238416666666666,False
2014-02-22 07:12:00,48.524,43.36600000000001,5.157999999999994,False
2014-02-22 07:17:00,42.37,43.611333333333334,-1.241333333333337,False
2014-02-22 07:22:00,43.262,43.655499999999996,-0.39349999999999596,False
2014-02-22 07:27:00,43.712,43.58116666666667,0.13083333333333513,False
2014-02-22 07:32:00,40.376,43.75641666666667,-3.380416666666669,False
2014-02-22 07:37:00,47.184,43.45225,3.731749999999998,False
2014-02-22 07:42:00,41.57,43.64008333333334,-2.0700833333333364,False
2014-02-22 07:47:00,43.756,43.64391666666666,0.11208333333333798,False
2014-02-22 07:52:00,43.122,43.6295,-0.5075000000000003,False
2014-02-22 07:57:00,41.714,43.81341666666666,-2.099416666666663,False
2014-02-22 08:02:00,46.22,43.50241666666667,2.71758333333333,False
2014-02-22 08:07:00,44.86,43.613916666666675,1.246083333333324,False
2014-02-22 08:12:00,43.098,43.657000000000004,-0.5590000000000046,False
2014-02-22 08:17:00,42.84,43.61783333333333,-0.7778333333333265,False
2014-02-22 08:22:00,39.8,43.79775,-3.9977500000000035,False
2014-02-22 08:27:00,44.86,43.421666666666674,1.4383333333333255,False
2014-02-22 08:32:00,41.478,43.538833333333336,-2.060833333333335,False
2014-02-22 08:37:00,41.878,43.49283333333333,-1.6148333333333298,False
2014-02-22 08:42:00,43.68600000000001,43.38133333333334,0.30466666666666953,False
2014-02-22 08:47:00,40.046,43.576,-3.530000000000001,False
2014-02-22 08:52:00,47.09,43.20816666666666,3.88183333333334,False
2014-02-22 08:57:00,44.43,43.41483333333333,1.0151666666666728,False
2014-02-22 09:02:00,43.206,43.40966666666666,-0.20366666666665623,False
2014-02-22 09:07:00,45.522,43.35841666666666,2.163583333333335,False
2014-02-22 09:12:00,40.492,43.52516666666667,-3.0331666666666734,False
2014-02-22 09:17:00,46.55,43.19049999999999,3.359500000000004,False
2014-02-22 09:22:00,44.202,43.364666666666665,0.8373333333333335,False
2014-02-22 09:27:00,44.934,43.40383333333333,1.5301666666666662,False
2014-02-22 09:32:00,42.548,43.45475,-0.9067499999999953,False
2014-02-22 09:37:00,40.586,43.54525,-2.9592500000000044,False
2014-02-22 09:42:00,45.822,43.27033333333333,2.5516666666666694,False
2014-02-22 09:47:00,43.014,43.4475,-0.4334999999999951,False
2014-02-22 09:52:00,43.92,43.416583333333335,0.5034166666666664,False
2014-02-22 09:57:00,45.07,43.44983333333334,1.6201666666666625,False
2014-02-22 10:02:00,40.352,43.589666666666666,-3.2376666666666694,False
2014-02-22 10:07:00,47.588,43.34516666666667,4.24283333333333,False
2014-02-22 10:12:00,42.558,43.45883333333333,-0.9008333333333312,False
2014-02-22 10:17:00,43.802,43.43633333333333,0.36566666666666947,False
2014-02-22 10:22:00,41.99800000000001,43.476416666666665,-1.4784166666666536,False
2014-02-22 10:27:00,42.018,43.568000000000005,-1.5500000000000043,False
2014-02-22 10:32:00,41.666,43.44958333333333,-1.7835833333333326,False
2014-02-22 10:37:00,38.74,43.45741666666667,-4.717416666666665,False
2014-02-22 10:42:00,49.788,43.326666666666675,6.461333333333322,False
2014-02-22 10:47:00,41.844,43.58091666666667,-1.7369166666666658,False
2014-02-22 10:52:00,41.22,43.655833333333334,-2.435833333333335,False
2014-02-22 10:57:00,46.244,43.411249999999995,2.8327500000000043,False
2014-02-22 11:02:00,44.672,43.48683333333333,1.1851666666666674,False
2014-02-22 11:07:00,45.234,43.54791666666667,1.686083333333329,False
2014-02-22 11:12:00,40.798,43.53591666666667,-2.7379166666666706,False
2014-02-22 11:17:00,40.822,43.54866666666666,-2.7266666666666595,False
2014-02-22 11:22:00,46.006,43.31,2.695999999999998,False
2014-02-22 11:27:00,39.604,43.38516666666667,-3.781166666666671,False
2014-02-22 11:32:00,48.934,43.16308333333333,5.770916666666665,False
2014-02-22 11:37:00,41.408,43.42916666666667,-2.021166666666666,False
2014-02-22 11:42:00,42.066,43.46341666666667,-1.3974166666666648,False
2014-02-22 11:47:00,45.164,43.306916666666666,1.8570833333333354,False
2014-02-22 11:52:00,38.632,43.3965,-4.764500000000005,False
2014-02-22 11:57:00,49.38399999999999,43.17616666666667,6.207833333333326,False
2014-02-22 12:02:00,42.968,43.355916666666666,-0.387916666666662,False
2014-02-22 12:07:00,45.188,43.464916666666674,1.723083333333328,False
2014-02-22 12:12:00,43.04600000000001,43.364916666666666,-0.3189166666666594,False
2014-02-22 12:17:00,39.474,43.385250000000006,-3.9112500000000097,False
2014-02-22 12:22:00,49.694,43.20491666666667,6.489083333333333,False
2014-02-22 12:27:00,41.356,43.52558333333334,-2.1695833333333354,False
2014-02-22 12:32:00,42.048,43.498,-1.4499999999999957,False
2014-02-22 12:37:00,43.802,43.51391666666667,0.2880833333333328,False
2014-02-22 12:42:00,39.648,43.72483333333333,-4.076833333333326,False
2014-02-22 12:47:00,46.304,43.30233333333334,3.001666666666665,False
2014-02-22 12:52:00,43.076,43.488166666666665,-0.4121666666666641,False
2014-02-22 12:57:00,45.47,43.56549999999999,1.9045000000000059,False
2014-02-22 13:02:00,42.952,43.53325,-0.5812500000000043,False
2014-02-22 13:07:00,41.98,43.46158333333333,-1.481583333333333,False
2014-02-22 13:12:00,44.694,43.326,1.368000000000002,False
2014-02-22 13:17:00,43.41,43.48833333333334,-0.07833333333334025,False
2014-02-22 13:22:00,43.99,43.59616666666667,0.39383333333333326,False
2014-02-22 13:27:00,43.662,43.512166666666666,0.14983333333333348,False
2014-02-22 13:32:00,41.976000000000006,43.68125,-1.7052499999999924,False
2014-02-22 13:37:00,44.95399999999999,43.391333333333336,1.562666666666658,False
2014-02-22 13:42:00,39.062,43.53908333333333,-4.477083333333333,False
2014-02-22 13:47:00,48.07,43.413916666666665,4.656083333333335,False
2014-02-22 13:52:00,40.822,43.535,-2.712999999999994,False
2014-02-22 13:57:00,42.94,43.62625,-0.6862500000000011,False
2014-02-22 14:02:00,46.146,43.35775,2.788249999999998,False
2014-02-22 14:07:00,40.002,43.490166666666674,-3.4881666666666717,False
2014-02-22 14:12:00,49.178,43.27408333333333,5.903916666666667,False
2014-02-22 14:17:00,40.54,43.529583333333335,-2.9895833333333357,False
2014-02-22 14:22:00,41.614,43.57399999999999,-1.9599999999999937,False
2014-02-22 14:27:00,44.36600000000001,43.23733333333333,1.1286666666666747,False
2014-02-22 14:32:00,39.038,43.36275,-4.324750000000002,False
2014-02-22 14:37:00,49.14,43.23733333333333,5.9026666666666685,False
2014-02-22 14:42:00,41.872,43.45974999999999,-1.5877499999999927,False
2014-02-22 14:47:00,42.162,43.552416666666666,-1.3904166666666669,False
2014-02-22 14:52:00,42.718,43.37983333333333,-0.6618333333333268,False
2014-02-22 14:57:00,40.752,43.364916666666666,-2.6129166666666634,False
2014-02-22 15:02:00,49.46,43.16833333333333,6.291666666666671,False
2014-02-22 15:07:00,42.652,43.4395,-0.7875000000000014,False
2014-02-22 15:12:00,43.404,43.4675,-0.06349999999999767,False
2014-02-22 15:17:00,42.652,43.41375,-0.7617499999999993,False
2014-02-22 15:22:00,40.234,43.38216666666667,-3.1481666666666683,False
2014-02-22 15:27:00,46.55,43.22566666666666,3.3243333333333354,False
2014-02-22 15:32:00,43.7,43.346,0.3540000000000063,False
2014-02-22 15:37:00,44.86,43.417833333333334,1.4421666666666653,False
2014-02-22 15:42:00,41.544,43.413916666666665,-1.8699166666666684,False
2014-02-22 15:47:00,42.028,43.51733333333333,-1.4893333333333345,False
2014-02-22 15:52:00,44.624,43.26558333333333,1.3584166666666704,False
2014-02-22 15:57:00,40.54,43.42400000000001,-2.8840000000000074,False
2014-02-22 16:02:00,49.672,43.324000000000005,6.347999999999992,False
2014-02-22 16:07:00,43.106,43.470916666666675,-0.364916666666673,False
2014-02-22 16:12:00,41.292,43.600249999999996,-2.308249999999994,False
2014-02-22 16:17:00,45.136,43.27166666666667,1.8643333333333345,False
2014-02-22 16:22:00,38.874,43.463166666666666,-4.589166666666664,False
2014-02-22 16:27:00,49.054,43.349,5.705000000000005,False
2014-02-22 16:32:00,41.08600000000001,43.544333333333334,-2.4583333333333215,False
2014-02-22 16:37:00,41.244,43.62966666666667,-2.3856666666666726,False
2014-02-22 16:42:00,44.484,43.30066666666667,1.18333333333333,False
2014-02-22 16:47:00,38.404,43.4095,-5.005499999999998,False
2014-02-22 16:52:00,48.99,43.252916666666664,5.737083333333338,False
2014-02-22 16:57:00,43.084,43.514250000000004,-0.4302500000000009,False
2014-02-22 17:02:00,41.972,43.61141666666666,-1.639416666666662,False
2014-02-22 17:07:00,46.83,43.29941666666667,3.5305833333333254,False
2014-02-22 17:12:00,39.408,43.4735,-4.0655,False
2014-02-22 17:17:00,45.974,43.306999999999995,2.6670000000000016,False
2014-02-22 17:22:00,43.052,43.44541666666667,-0.39341666666666697,False
2014-02-22 17:27:00,44.624,43.56283333333334,1.061166666666665,False
2014-02-22 17:32:00,41.606,43.48258333333334,-1.8765833333333362,False
2014-02-22 17:37:00,41.198,43.39533333333333,-2.197333333333333,False
2014-02-22 17:42:00,46.478,43.24275,3.2352500000000006,False
2014-02-22 17:47:00,39.414,43.44833333333333,-4.034333333333329,False
2014-02-22 17:52:00,50.104,43.339416666666665,6.764583333333334,False
2014-02-22 17:57:00,43.094,43.56775,-0.47374999999999545,False
2014-02-22 18:02:00,41.854,43.67416666666667,-1.8201666666666725,False
2014-02-22 18:07:00,46.478,43.34841666666667,3.129583333333329,False
2014-02-22 18:12:00,38.944,43.488916666666675,-4.544916666666673,False
2014-02-22 18:17:00,46.808,43.391083333333334,3.4169166666666655,False
2014-02-22 18:22:00,42.864,43.46075,-0.5967500000000001,False
2014-02-22 18:27:00,42.958,43.627,-0.669000000000004,False
2014-02-22 18:32:00,43.122,43.373,-0.25099999999999767,False
2014-02-22 18:37:00,39.882,43.45783333333333,-3.5758333333333354,False
2014-02-22 18:42:00,46.338,43.40108333333333,2.9369166666666686,False
2014-02-22 18:47:00,42.664,43.47833333333333,-0.8143333333333302,False
2014-02-22 18:52:00,43.732,43.655833333333334,0.0761666666666656,False
2014-02-22 18:57:00,45.356,43.436749999999996,1.9192500000000052,False
2014-02-22 19:02:00,40.446,43.53141666666667,-3.0854166666666742,False
2014-02-22 19:07:00,47.324,43.46783333333334,3.8561666666666596,False
2014-02-22 19:12:00,44.36600000000001,43.488416666666666,0.8775833333333409,False
2014-02-22 19:17:00,43.478,43.695,-0.21699999999999875,False
2014-02-22 19:22:00,41.93600000000001,43.591,-1.654999999999994,False
2014-02-22 19:27:00,40.47,43.5445,-3.0745000000000005,False
2014-02-22 19:32:00,46.408,43.37141666666667,3.0365833333333327,False
2014-02-22 19:37:00,42.63,43.57150000000001,-0.9415000000000049,False
2014-02-22 19:42:00,43.322,43.63116666666667,-0.3091666666666697,False
2014-02-22 19:47:00,43.826,43.49966666666666,0.3263333333333378,False
2014-02-22 19:52:00,39.32,43.6835,-4.363500000000002,False
2014-02-22 19:57:00,49.062,43.23416666666666,5.827833333333338,False
2014-02-22 20:02:00,41.62,43.48283333333333,-1.8628333333333345,False
2014-02-22 20:07:00,44.83600000000001,43.473083333333335,1.3629166666666777,False
2014-02-22 20:12:00,43.404,43.404666666666664,-0.000666666666660376,False
2014-02-22 20:17:00,39.186,43.5905,-4.404499999999999,False
2014-02-22 20:22:00,49.672,43.27291666666667,6.39908333333333,False
2014-02-22 20:27:00,41.666,43.55658333333334,-1.8905833333333462,False
2014-02-22 20:32:00,41.826,43.50275,-1.6767499999999984,False
2014-02-22 20:37:00,44.624,43.44875,1.1752500000000055,False
2014-02-22 20:42:00,38.732,43.64633333333334,-4.914333333333339,False
2014-02-22 20:47:00,46.95399999999999,43.32941666666667,3.6245833333333266,False
2014-02-22 20:52:00,43.146,43.50816666666666,-0.36216666666665986,False
2014-02-22 20:57:00,43.708,43.48375000000001,0.22424999999999073,False
2014-02-22 21:02:00,42.3,43.415083333333335,-1.115083333333338,False
2014-02-22 21:07:00,39.622,43.492333333333335,-3.8703333333333347,False
2014-02-22 21:12:00,47.536,43.171416666666666,4.364583333333336,False
2014-02-22 21:17:00,43.26,43.30350000000001,-0.043500000000008754,False
2014-02-22 21:22:00,42.864,43.29441666666667,-0.4304166666666731,False
2014-02-22 21:27:00,44.154,43.33308333333333,0.8209166666666761,False
2014-02-22 21:32:00,38.78,43.486583333333336,-4.7065833333333345,False
2014-02-22 21:37:00,47.198,43.168749999999996,4.029250000000005,False
2014-02-22 21:42:00,42.606,43.35908333333333,-0.7530833333333291,False
2014-02-22 21:47:00,43.68600000000001,43.32925,0.35675000000000523,False
2014-02-22 21:52:00,43.378,43.32341666666667,0.05458333333333343,False
2014-02-22 21:57:00,43.182,43.4925,-0.31049999999999756,False
2014-02-22 22:02:00,44.972,43.2475,1.724499999999999,False
2014-02-22 22:07:00,45.104,43.38716666666667,1.7168333333333266,False
2014-02-22 22:12:00,43.99,43.39833333333333,0.5916666666666686,False
2014-02-22 22:17:00,43.544,43.42275,0.1212499999999963,False
2014-02-22 22:22:00,40.118,43.60433333333334,-3.4863333333333344,False
2014-02-22 22:27:00,45.298,43.206250000000004,2.0917499999999976,False
2014-02-22 22:32:00,42.578,43.35758333333334,-0.7795833333333348,False
2014-02-22 22:37:00,43.34,43.38891666666667,-0.04891666666666339,False
2014-02-22 22:42:00,42.69600000000001,43.33541666666667,-0.639416666666655,False
2014-02-22 22:47:00,40.282,43.50058333333334,-3.218583333333342,False
2014-02-22 22:52:00,45.63,43.22258333333334,2.4074166666666628,False
2014-02-22 22:57:00,45.234,43.32608333333334,1.9079166666666652,False
2014-02-22 23:02:00,42.934,43.38966666666667,-0.4556666666666729,False
2014-02-22 23:07:00,44.624,43.41608333333334,1.2079166666666623,False
2014-02-22 23:12:00,39.28,43.624500000000005,-4.344500000000004,False
2014-02-22 23:17:00,46.83,43.280499999999996,3.549500000000002,False
2014-02-22 23:22:00,43.058,43.429249999999996,-0.3712499999999963,False
2014-02-22 23:27:00,43.076,43.437333333333335,-0.3613333333333344,False
2014-02-22 23:32:00,41.756,43.39241666666667,-1.636416666666669,False
2014-02-22 23:37:00,41.312,43.516416666666665,-2.204416666666667,False
2014-02-22 23:42:00,44.722,43.271166666666666,1.4508333333333354,False
2014-02-22 23:47:00,38.31,43.35933333333333,-5.04933333333333,False
2014-02-22 23:52:00,49.452,43.135333333333335,6.316666666666663,False
2014-02-22 23:57:00,43.896,43.38841666666667,0.5075833333333293,False
2014-02-23 00:02:00,42.408,43.41816666666667,-1.0101666666666702,False
2014-02-23 00:07:00,46.268,43.31133333333333,2.9566666666666706,False
2014-02-23 00:12:00,39.948,43.359833333333334,-3.411833333333334,False
2014-02-23 00:17:00,48.85,43.19141666666667,5.658583333333333,False
2014-02-23 00:22:00,41.644,43.4125,-1.768500000000003,False
2014-02-23 00:27:00,42.488,43.47608333333333,-0.9880833333333285,False
2014-02-23 00:32:00,43.706,43.359,0.3470000000000013,False
2014-02-23 00:37:00,39.93,43.406,-3.475999999999999,False
2014-02-23 00:42:00,48.462,43.26391666666667,5.1980833333333365,False
2014-02-23 00:47:00,41.332,43.50416666666667,-2.1721666666666692,False
2014-02-23 00:52:00,42.88800000000001,43.54791666666667,-0.6599166666666605,False
2014-02-23 00:57:00,45.612,43.433666666666674,2.1783333333333275,False
2014-02-23 01:02:00,39.324,43.44941666666667,-4.125416666666673,False
2014-02-23 01:07:00,48.732,43.299,5.433,False
2014-02-23 01:12:00,43.176,43.47016666666667,-0.29416666666666913,False
2014-02-23 01:17:00,43.312,43.6325,-0.32050000000000267,False
2014-02-23 01:22:00,44.188,43.48591666666667,0.7020833333333343,False
2014-02-23 01:27:00,39.456,43.532999999999994,-4.076999999999991,False
2014-02-23 01:32:00,46.918,43.38216666666667,3.535833333333329,False
2014-02-23 01:37:00,42.606,43.59725,-0.9912500000000009,False
2014-02-23 01:42:00,41.714,43.65116666666666,-1.9371666666666627,False
2014-02-23 01:47:00,43.896,43.52583333333334,0.37016666666666254,False
2014-02-23 01:52:00,39.718,43.75858333333334,-4.040583333333338,False
2014-02-23 01:57:00,51.38399999999999,43.353,8.030999999999992,True
2014-02-23 02:02:00,42.43,43.665,-1.2349999999999994,False
2014-02-23 02:07:00,44.06800000000001,43.66591666666667,0.40208333333334423,False
2014-02-23 02:12:00,44.95399999999999,43.57425,1.3797499999999943,False
2014-02-23 02:17:00,39.166,43.782833333333336,-4.616833333333339,False
2014-02-23 02:22:00,46.924,43.379333333333335,3.5446666666666644,False
2014-02-23 02:27:00,41.478,43.599333333333334,-2.1213333333333324,False
2014-02-23 02:32:00,41.996,43.55725,-1.5612500000000011,False
2014-02-23 02:37:00,43.978,43.486,0.49200000000000443,False
2014-02-23 02:42:00,37.276,43.654666666666664,-6.3786666666666605,False
2014-02-23 02:47:00,47.23,43.188583333333334,4.041416666666663,False
2014-02-23 02:52:00,42.63,43.434333333333335,-0.8043333333333322,False
2014-02-23 02:57:00,44.108,43.42358333333333,0.6844166666666638,False
2014-02-23 03:02:00,42.91,43.36091666666667,-0.4509166666666715,False
2014-02-23 03:07:00,41.15,43.510333333333335,-2.3603333333333367,False
2014-02-23 03:12:00,46.55,43.19441666666666,3.3555833333333354,False
2014-02-23 03:17:00,44.802,43.335,1.4669999999999987,False
2014-02-23 03:22:00,42.724,43.397083333333335,-0.6730833333333379,False
2014-02-23 03:27:00,43.582,43.336083333333335,0.24591666666666612,False
2014-02-23 03:32:00,39.86,43.508,-3.6480000000000032,False
2014-02-23 03:37:00,47.348,43.21391666666667,4.134083333333329,False
2014-02-23 03:42:00,43.17,43.4115,-0.24149999999999494,False
2014-02-23 03:47:00,42.982,43.47216666666667,-0.4901666666666742,False
2014-02-23 03:52:00,43.036,43.43408333333333,-0.39808333333332513,False
2014-02-23 03:57:00,41.42,43.572333333333326,-2.152333333333324,False
2014-02-23 04:02:00,47.91,43.15716666666666,4.752833333333335,False
2014-02-23 04:07:00,45.306,43.3855,1.920499999999997,False
2014-02-23 04:12:00,42.58600000000001,43.437083333333334,-0.851083333333321,False
2014-02-23 04:17:00,43.868,43.33841666666667,0.5295833333333348,False
2014-02-23 04:22:00,38.49,43.534333333333336,-5.044333333333334,False
2014-02-23 04:27:00,47.562,43.18291666666667,4.379083333333327,False
2014-02-23 04:32:00,43.004,43.436416666666666,-0.43241666666666845,False
2014-02-23 04:37:00,41.772,43.47841666666667,-1.7064166666666694,False
2014-02-23 04:42:00,43.592,43.38649999999999,0.2055000000000078,False
2014-02-23 04:47:00,40.376,43.64966666666667,-3.2736666666666707,False
2014-02-23 04:52:00,45.972,43.36408333333333,2.607916666666668,False
2014-02-23 04:57:00,45.188,43.50333333333333,1.684666666666672,False
2014-02-23 05:02:00,43.218,43.54833333333334,-0.3303333333333356,False
2014-02-23 05:07:00,45.094,43.56116666666666,1.5328333333333433,False
2014-02-23 05:12:00,40.14,43.725500000000004,-3.5855000000000032,False
2014-02-23 05:17:00,47.84,43.458416666666665,4.381583333333339,False
2014-02-23 05:22:00,41.74800000000001,43.585,-1.836999999999989,False
2014-02-23 05:27:00,41.83,43.544333333333334,-1.714333333333336,False
2014-02-23 05:32:00,44.47,43.47133333333333,0.9986666666666721,False
2014-02-23 05:37:00,38.646,43.66341666666667,-5.017416666666669,False
2014-02-23 05:42:00,49.062,43.30083333333334,5.761166666666661,False
2014-02-23 05:47:00,42.37,43.54633333333334,-1.1763333333333392,False
2014-02-23 05:52:00,41.652,43.520833333333336,-1.8688333333333347,False
2014-02-23 05:57:00,45.932,43.463166666666666,2.468833333333336,False
2014-02-23 06:02:00,39.244,43.651166666666676,-4.407166666666676,False
2014-02-23 06:07:00,51.488,43.290083333333335,8.197916666666664,True
2014-02-23 06:12:00,41.096,43.547666666666665,-2.451666666666668,False
2014-02-23 06:17:00,42.13800000000001,43.48558333333333,-1.3475833333333185,False
2014-02-23 06:22:00,44.53,43.4135,1.116500000000002,False
2014-02-23 06:27:00,39.014,43.665166666666664,-4.651166666666661,False
2014-02-23 06:32:00,47.442,43.309,4.133000000000003,False
2014-02-23 06:37:00,42.978,43.49391666666667,-0.5159166666666692,False
2014-02-23 06:42:00,43.574,43.54416666666666,0.029833333333336043,False
2014-02-23 06:47:00,42.88800000000001,43.54341666666667,-0.6554166666666603,False
2014-02-23 06:52:00,39.836,43.64808333333334,-3.812083333333341,False
2014-02-23 06:57:00,48.356,43.39241666666667,4.963583333333332,False
2014-02-23 07:02:00,43.592,43.52441666666667,0.06758333333333155,False
2014-02-23 07:07:00,45.61,43.54,2.0700000000000003,False
2014-02-23 07:12:00,42.36600000000001,43.561499999999995,-1.1954999999999885,False
2014-02-23 07:17:00,40.214,43.65425,-3.440249999999999,False
2014-02-23 07:22:00,44.448,43.3365,1.1114999999999995,False
2014-02-23 07:27:00,43.048,43.449000000000005,-0.40100000000000335,False
2014-02-23 07:32:00,42.958,43.49975,-0.5417500000000004,False
2014-02-23 07:37:00,43.428,43.436749999999996,-0.008749999999999147,False
2014-02-23 07:42:00,39.038,43.635999999999996,-4.597999999999999,False
2014-02-23 07:47:00,46.644,43.218333333333334,3.4256666666666646,False
2014-02-23 07:52:00,42.724,43.39641666666666,-0.6724166666666633,False
2014-02-23 07:57:00,44.718,43.44108333333333,1.276916666666672,False
2014-02-23 08:02:00,44.32,43.3905,0.9294999999999973,False
2014-02-23 08:07:00,41.338,43.602000000000004,-2.264000000000003,False
2014-02-23 08:12:00,49.19,43.17908333333333,6.010916666666667,False
2014-02-23 08:17:00,43.56800000000001,43.516333333333336,0.05166666666667652,False
2014-02-23 08:22:00,43.006,43.57591666666667,-0.5699166666666713,False
2014-02-23 08:27:00,42.982,43.51241666666667,-0.5304166666666674,False
2014-02-23 08:32:00,39.53,43.67775,-4.147750000000002,False
2014-02-23 08:37:00,46.478,43.348083333333335,3.1299166666666665,False
2014-02-23 08:42:00,43.428,43.49391666666667,-0.0659166666666735,False
2014-02-23 08:47:00,43.316,43.487833333333334,-0.17183333333333195,False
2014-02-23 08:52:00,44.202,43.50566666666666,0.6963333333333352,False
2014-02-23 08:57:00,41.444,43.68758333333333,-2.2435833333333264,False
2014-02-23 09:02:00,46.902,43.39958333333333,3.5024166666666687,False
2014-02-23 09:07:00,45.56399999999999,43.5375,2.0264999999999915,False
2014-02-23 09:12:00,41.762,43.535583333333335,-1.7735833333333346,False
2014-02-23 09:17:00,44.174,43.510416666666664,0.6635833333333352,False
2014-02-23 09:22:00,38.84,43.67541666666667,-4.835416666666667,False
2014-02-23 09:27:00,47.378,43.44174999999999,3.9362500000000082,False
2014-02-23 09:32:00,43.544,43.622166666666665,-0.07816666666666805,False
2014-02-23 09:37:00,43.56800000000001,43.64658333333333,-0.07858333333332013,False
2014-02-23 09:42:00,42.924,43.65241666666666,-0.7284166666666607,False
2014-02-23 09:47:00,40.492,43.81433333333334,-3.32233333333334,False
2014-02-23 09:52:00,45.816,43.558,2.2580000000000027,False
2014-02-23 09:57:00,40.868,43.68683333333334,-2.8188333333333375,False
2014-02-23 10:02:00,49.448,43.52641666666667,5.921583333333331,False
2014-02-23 10:07:00,41.508,43.74008333333333,-2.2320833333333283,False
2014-02-23 10:12:00,40.212,43.747166666666665,-3.5351666666666617,False
2014-02-23 10:17:00,45.822,43.373083333333334,2.448916666666669,False
2014-02-23 10:22:00,40.156,43.467000000000006,-3.311000000000007,False
2014-02-23 10:27:00,49.334,43.34825,5.985750000000003,False
2014-02-23 10:32:00,41.104,43.61291666666667,-2.5089166666666713,False
2014-02-23 10:37:00,41.642,43.67850000000001,-2.0365000000000038,False
2014-02-23 10:42:00,44.062,43.477,0.5850000000000009,False
2014-02-23 10:47:00,38.63800000000001,43.50341666666667,-4.865416666666661,False
2014-02-23 10:52:00,48.324,43.3085,5.015499999999996,False
2014-02-23 10:57:00,43.42,43.480250000000005,-0.06025000000000347,False
2014-02-23 11:02:00,42.756,43.56258333333333,-0.8065833333333288,False
2014-02-23 11:07:00,46.752,43.389833333333335,3.362166666666667,False
2014-02-23 11:12:00,39.836,43.43933333333333,-3.6033333333333317,False
2014-02-23 11:17:00,49.216,43.35908333333333,5.85691666666667,False
2014-02-23 11:22:00,42.184,43.56916666666667,-1.3851666666666702,False
2014-02-23 11:27:00,41.83,43.70850000000001,-1.8785000000000096,False
2014-02-23 11:32:00,43.63800000000001,43.47733333333333,0.1606666666666854,False
2014-02-23 11:37:00,38.618,43.481249999999996,-4.863249999999994,False
2014-02-23 11:42:00,45.448,43.275000000000006,2.1729999999999947,False
2014-02-23 11:47:00,42.7,43.38016666666667,-0.6801666666666648,False
2014-02-23 11:52:00,41.972,43.47216666666667,-1.5001666666666722,False
2014-02-23 11:57:00,46.658,43.312000000000005,3.3459999999999965,False
2014-02-23 12:02:00,38.836,43.55325,-4.71725,False
2014-02-23 12:07:00,49.788,43.11108333333333,6.6769166666666635,False
2014-02-23 12:12:00,41.526,43.45608333333333,-1.9300833333333287,False
2014-02-23 12:17:00,41.55,43.51083333333333,-1.9608333333333334,False
2014-02-23 12:22:00,44.264,43.33283333333333,0.9311666666666696,False
2014-02-23 12:27:00,39.892,43.504,-3.6119999999999948,False
2014-02-23 12:32:00,48.334,43.11058333333333,5.223416666666672,False
2014-02-23 12:37:00,41.948,43.411833333333334,-1.4638333333333335,False
2014-02-23 12:42:00,42.074,43.42458333333334,-1.35058333333334,False
2014-02-23 12:47:00,43.806,43.34175,0.46424999999999983,False
2014-02-23 12:52:00,38.732,43.55708333333333,-4.825083333333332,False
2014-02-23 12:57:00,48.92,43.15741666666667,5.762583333333332,False
2014-02-23 13:02:00,43.756,43.386583333333334,0.36941666666666606,False
2014-02-23 13:07:00,45.084,43.42825,1.6557500000000047,False
2014-02-23 13:12:00,42.82,43.35875000000001,-0.5387500000000074,False
2014-02-23 13:17:00,40.53,43.48308333333333,-2.953083333333332,False
2014-02-23 13:22:00,45.518,43.12116666666666,2.3968333333333405,False
2014-02-23 13:27:00,39.338,43.260083333333334,-3.922083333333333,False
2014-02-23 13:32:00,48.68600000000001,43.15625,5.529750000000007,False
2014-02-23 13:37:00,40.774,43.36658333333333,-2.59258333333333,False
2014-02-23 13:42:00,41.74800000000001,43.45641666666666,-1.7084166666666505,False
2014-02-23 13:47:00,44.948,43.30225000000001,1.6457499999999925,False
2014-02-23 13:52:00,39.152,43.395916666666665,-4.243916666666664,False
2014-02-23 13:57:00,51.028,43.278416666666665,7.749583333333334,False
2014-02-23 14:02:00,41.08,43.4605,-2.380500000000005,False
2014-02-23 14:07:00,44.108,43.554,0.5539999999999949,False
2014-02-23 14:12:00,43.322,43.31733333333333,0.00466666666667237,False
2014-02-23 14:17:00,39.924,43.39216666666667,-3.4681666666666686,False
2014-02-23 14:22:00,47.002,43.32441666666667,3.677583333333331,False
2014-02-23 14:27:00,43.49800000000001,43.438500000000005,0.05950000000000699,False
2014-02-23 14:32:00,44.694,43.588750000000005,1.105249999999998,False
2014-02-23 14:37:00,42.136,43.437083333333334,-1.301083333333331,False
2014-02-23 14:42:00,40.61,43.44491666666667,-2.834916666666672,False
2014-02-23 14:47:00,45.962,43.383916666666664,2.578083333333339,False
2014-02-23 14:52:00,43.154,43.47375,-0.3197499999999991,False
2014-02-23 14:57:00,45.734,43.65800000000001,2.0759999999999934,False
2014-02-23 15:02:00,42.918,43.52525,-0.6072500000000005,False
2014-02-23 15:07:00,42.294,43.49033333333333,-1.1963333333333352,False
2014-02-23 15:12:00,45.51600000000001,43.37408333333334,2.141916666666674,False
2014-02-23 15:17:00,38.56800000000001,43.48641666666666,-4.918416666666651,False
2014-02-23 15:22:00,49.052,43.404666666666664,5.647333333333336,False
2014-02-23 15:27:00,40.916,43.55191666666667,-2.635916666666674,False
2014-02-23 15:32:00,42.562,43.61766666666667,-1.0556666666666743,False
2014-02-23 15:37:00,44.154,43.362500000000004,0.7914999999999992,False
2014-02-23 15:42:00,38.564,43.50333333333333,-4.93933333333333,False
2014-02-23 15:47:00,49.056,43.37066666666667,5.685333333333325,False
2014-02-23 15:52:00,41.374,43.54183333333333,-2.167833333333327,False
2014-02-23 15:57:00,44.758,43.634416666666674,1.123583333333329,False
2014-02-23 16:02:00,43.802,43.37316666666667,0.42883333333332985,False
2014-02-23 16:07:00,41.08,43.486583333333336,-2.4065833333333373,False
2014-02-23 16:12:00,46.452,43.36041666666667,3.0915833333333254,False
2014-02-23 16:17:00,42.764,43.490833333333335,-0.7268333333333317,False
2014-02-23 16:22:00,43.842,43.609166666666674,0.2328333333333248,False
2014-02-23 16:27:00,43.474,43.4775,-0.003500000000002501,False
2014-02-23 16:32:00,39.742,43.47650000000001,-3.7345000000000113,False
2014-02-23 16:37:00,48.61,43.27016666666666,5.339833333333338,False
2014-02-23 16:42:00,42.822,43.53991666666667,-0.7179166666666674,False
2014-02-23 16:47:00,43.372,43.632083333333334,-0.2600833333333341,False
2014-02-23 16:52:00,45.07,43.524166666666666,1.5458333333333343,False
2014-02-23 16:57:00,45.892,43.604000000000006,2.2879999999999967,False
2014-02-23 17:02:00,43.544,43.61058333333333,-0.06658333333333388,False
2014-02-23 17:07:00,45.962,43.63666666666666,2.32533333333334,False
2014-02-23 17:12:00,40.306,43.789500000000004,-3.4835000000000065,False
2014-02-23 17:17:00,45.234,43.57241666666667,1.6615833333333327,False
2014-02-23 17:22:00,42.714,43.85016666666667,-1.1361666666666679,False
2014-02-23 17:27:00,43.258,43.586083333333335,-0.32808333333333195,False
2014-02-23 17:32:00,42.206,43.68366666666666,-1.4776666666666571,False
2014-02-23 17:37:00,41.104,43.66883333333333,-2.5648333333333326,False
2014-02-23 17:42:00,44.93,43.54175,1.3882499999999993,False
2014-02-23 17:47:00,38.76,43.806999999999995,-5.046999999999997,False
2014-02-23 17:52:00,48.45399999999999,43.37799999999999,5.0760000000000005,False
2014-02-23 17:57:00,41.878,43.673,-1.7950000000000017,False
2014-02-23 18:02:00,42.052,43.553,-1.5009999999999977,False
2014-02-23 18:07:00,45.868,43.48008333333333,2.387916666666669,False
2014-02-23 18:12:00,38.886,43.67958333333333,-4.793583333333331,False
2014-02-23 18:17:00,47.092,43.36433333333333,3.7276666666666713,False
2014-02-23 18:22:00,43.076,43.544666666666664,-0.4686666666666639,False
2014-02-23 18:27:00,43.68600000000001,43.512750000000004,0.173250000000003,False
2014-02-23 18:32:00,42.942,43.52158333333333,-0.579583333333332,False
2014-02-23 18:37:00,40.892,43.65491666666667,-2.762916666666669,False
2014-02-23 18:42:00,47.176,43.333333333333336,3.8426666666666662,False
2014-02-23 18:47:00,38.77,43.51475,-4.744749999999996,False
2014-02-23 18:52:00,49.11600000000001,43.323,5.793000000000006,False
2014-02-23 18:57:00,43.334,43.49158333333333,-0.15758333333332786,False
2014-02-23 19:02:00,41.948,43.385,-1.4369999999999976,False
2014-02-23 19:07:00,46.948,43.3185,3.6295,False
2014-02-23 19:12:00,38.874,43.35958333333334,-4.485583333333338,False
2014-02-23 19:17:00,46.952,43.29991666666667,3.65208333333333,False
2014-02-23 19:22:00,42.536,43.3715,-0.8354999999999961,False
2014-02-23 19:27:00,42.066,43.36408333333333,-1.2980833333333308,False
2014-02-23 19:32:00,43.478,43.314416666666666,0.1635833333333352,False
2014-02-23 19:37:00,40.704,43.367416666666664,-2.663416666666663,False
2014-02-23 19:42:00,46.712,43.350750000000005,3.3612499999999983,False
2014-02-23 19:47:00,43.78,43.425000000000004,0.3549999999999969,False
2014-02-23 19:52:00,43.642,43.634166666666665,0.007833333333337578,False
2014-02-23 19:57:00,44.252,43.433666666666674,0.818333333333328,False
2014-02-23 20:02:00,40.234,43.53258333333333,-3.298583333333326,False
2014-02-23 20:07:00,47.84,43.45683333333333,4.383166666666675,False
2014-02-23 20:12:00,42.934,43.53900000000001,-0.6050000000000111,False
2014-02-23 20:17:00,43.75,43.707666666666675,0.042333333333324674,False
2014-02-23 20:22:00,42.386,43.56841666666667,-1.1824166666666684,False
2014-02-23 20:27:00,40.658,43.53966666666667,-2.8816666666666677,False
2014-02-23 20:32:00,46.222,43.4135,2.808500000000002,False
2014-02-23 20:37:00,42.676,43.55016666666666,-0.8741666666666603,False
2014-02-23 20:42:00,43.788,43.624500000000005,0.16349999999999199,False
2014-02-23 20:47:00,44.596,43.48333333333334,1.1126666666666551,False
2014-02-23 20:52:00,39.366,43.72608333333334,-4.360083333333343,False
2014-02-23 20:57:00,50.61,43.31983333333333,7.290166666666671,False
2014-02-23 21:02:00,41.666,43.623,-1.9570000000000007,False
2014-02-23 21:07:00,44.132,43.611250000000005,0.5207499999999925,False
2014-02-23 21:12:00,44.038,43.49391666666667,0.5440833333333259,False
2014-02-23 21:17:00,39.378,43.70908333333333,-4.331083333333332,False
2014-02-23 21:22:00,46.644,43.393499999999996,3.2505000000000024,False
2014-02-23 21:27:00,42.612,43.56466666666666,-0.9526666666666586,False
2014-02-23 21:32:00,43.602,43.58741666666666,0.01458333333333428,False
2014-02-23 21:37:00,42.396,43.59258333333333,-1.1965833333333293,False
2014-02-23 21:42:00,40.492,43.66308333333333,-3.1710833333333355,False
2014-02-23 21:47:00,46.006,43.40391666666667,2.602083333333333,False
2014-02-23 21:52:00,42.724,43.49666666666667,-0.772666666666673,False
2014-02-23 21:57:00,45.32,43.458416666666665,1.8615833333333356,False
2014-02-23 22:02:00,42.91,43.502916666666664,-0.5929166666666674,False
2014-02-23 22:07:00,41.902,43.61441666666667,-1.7124166666666696,False
2014-02-23 22:12:00,46.724,43.367,3.3569999999999993,False
2014-02-23 22:17:00,43.034,43.52491666666666,-0.49091666666666356,False
2014-02-23 22:22:00,43.826,43.49508333333333,0.33091666666666697,False
2014-02-23 22:27:00,44.338,43.55508333333333,0.7829166666666723,False
2014-02-23 22:32:00,39.86,43.708416666666665,-3.8484166666666653,False
2014-02-23 22:37:00,46.22,43.44333333333333,2.776666666666671,False
2014-02-23 22:42:00,43.146,43.591,-0.4450000000000003,False
2014-02-23 22:47:00,44.24800000000001,43.564249999999994,0.6837500000000176,False
2014-02-23 22:52:00,40.728,43.549749999999996,-2.8217499999999944,False
2014-02-23 22:57:00,41.352,43.606500000000004,-2.2545000000000073,False
2014-02-23 23:02:00,49.518,43.22075,6.297249999999998,False
2014-02-23 23:07:00,43.978,43.54791666666666,0.4300833333333429,False
2014-02-23 23:12:00,42.606,43.541500000000006,-0.9355000000000047,False
2014-02-23 23:17:00,43.68600000000001,43.481833333333334,0.20416666666667282,False
2014-02-23 23:22:00,38.61,43.66133333333334,-5.051333333333339,False
2014-02-23 23:27:00,47.3,43.32658333333333,3.9734166666666653,False
2014-02-23 23:32:00,42.816,43.52191666666667,-0.705916666666667,False
2014-02-23 23:37:00,42.142,43.48916666666667,-1.3471666666666664,False
2014-02-23 23:42:00,44.6,43.478583333333326,1.1214166666666756,False
2014-02-23 23:47:00,39.014,43.649750000000004,-4.635750000000002,False
2014-02-23 23:52:00,47.444,43.35841666666667,4.085583333333332,False
2014-02-23 23:57:00,45.808,43.55508333333333,2.252916666666671,False
2014-02-24 00:02:00,43.024,43.57541666666666,-0.5514166666666611,False
2014-02-24 00:07:00,45.128,43.58016666666666,1.5478333333333367,False
2014-02-24 00:12:00,39.578,43.71458333333334,-4.136583333333334,False
2014-02-24 00:17:00,47.302,43.41683333333333,3.88516666666667,False
2014-02-24 00:22:00,43.474,43.59466666666666,-0.12066666666666492,False
2014-02-24 00:27:00,42.944,43.580000000000005,-0.6360000000000028,False
2014-02-24 00:32:00,43.3,43.52191666666667,-0.2219166666666723,False
2014-02-24 00:37:00,39.694,43.66524999999999,-3.9712499999999906,False
2014-02-24 00:42:00,48.216,43.39333333333334,4.822666666666663,False
2014-02-24 00:47:00,42.816,43.60458333333333,-0.7885833333333281,False
2014-02-24 00:52:00,42.288,43.544916666666666,-1.256916666666669,False
2014-02-24 00:57:00,46.902,43.60991666666666,3.2920833333333377,False
2014-02-24 01:02:00,38.882,43.84116666666667,-4.959166666666675,False
2014-02-24 01:07:00,49.226000000000006,43.397999999999996,5.82800000000001,False
2014-02-24 01:12:00,43.49800000000001,43.616666666666674,-0.11866666666666248,False
2014-02-24 01:17:00,42.352,43.65383333333333,-1.3018333333333345,False
2014-02-24 01:22:00,44.038,43.59825,0.43974999999999653,False
2014-02-24 01:27:00,39.314,43.82441666666667,-4.510416666666671,False
2014-02-24 01:32:00,48.944,43.491666666666674,5.452333333333328,False
2014-02-24 01:37:00,41.948,43.74700000000001,-1.7990000000000066,False
2014-02-24 01:42:00,43.662,43.73891666666666,-0.07691666666666208,False
2014-02-24 01:47:00,43.732,43.69983333333334,0.03216666666666157,False
2014-02-24 01:52:00,40.046,43.896416666666674,-3.850416666666675,False
2014-02-24 01:57:00,49.35,43.588166666666666,5.761833333333335,False
2014-02-24 02:02:00,43.216,43.735749999999996,-0.5197499999999948,False
2014-02-24 02:07:00,44.268,43.74375,0.5242500000000021,False
2014-02-24 02:12:00,43.32,43.70791666666667,-0.38791666666666913,False
2014-02-24 02:17:00,38.838,43.86383333333333,-5.025833333333331,False
2014-02-24 02:22:00,47.254,43.51116666666667,3.74283333333333,False
2014-02-24 02:27:00,42.982,43.66866666666667,-0.6866666666666674,False
2014-02-24 02:32:00,42.29600000000001,43.67025,-1.3742499999999964,False
2014-02-24 02:37:00,43.99800000000001,43.62841666666667,0.36958333333333826,False
2014-02-24 02:42:00,38.99,43.80775,-4.817749999999997,False
2014-02-24 02:47:00,47.37,43.42333333333334,3.9466666666666583,False
2014-02-24 02:52:00,43.326,43.61308333333333,-0.28708333333332803,False
2014-02-24 02:57:00,44.84,43.65633333333333,1.1836666666666744,False
2014-02-24 03:02:00,45.63399999999999,43.57041666666667,2.0635833333333267,False
2014-02-24 03:07:00,41.51600000000001,43.85175,-2.3357499999999902,False
2014-02-24 03:12:00,46.848,43.530499999999996,3.3175000000000026,False
2014-02-24 03:17:00,43.592,43.67008333333333,-0.07808333333333195,False
2014-02-24 03:22:00,43.052,43.72175000000001,-0.6697500000000076,False
2014-02-24 03:27:00,43.528,43.68066666666667,-0.1526666666666685,False
2014-02-24 03:32:00,39.836,43.856249999999996,-4.020249999999997,False
2014-02-24 03:37:00,46.90600000000001,43.47675,3.4292500000000103,False
2014-02-24 03:42:00,43.826,43.68333333333334,0.1426666666666634,False
2014-02-24 03:47:00,43.532,43.69016666666667,-0.15816666666667345,False
2014-02-24 03:52:00,43.372,43.68183333333334,-0.3098333333333372,False
2014-02-24 03:57:00,42.128,43.82041666666667,-1.6924166666666665,False
2014-02-24 04:02:00,46.952,43.5195,3.4324999999999974,False
2014-02-24 04:07:00,45.024,43.67516666666666,1.3488333333333387,False
2014-02-24 04:12:00,43.206,43.70666666666667,-0.5006666666666675,False
2014-02-24 04:17:00,43.404,43.70191666666667,-0.2979166666666657,False
2014-02-24 04:22:00,39.08,43.89216666666667,-4.81216666666667,False
2014-02-24 04:27:00,45.846,43.55158333333333,2.294416666666663,False
2014-02-24 04:32:00,42.09,43.67091666666667,-1.580916666666667,False
2014-02-24 04:37:00,42.7,43.66233333333333,-0.9623333333333264,False
2014-02-24 04:42:00,44.734,43.60825,1.1257500000000036,False
2014-02-24 04:47:00,39.446,43.84758333333334,-4.401583333333342,False
2014-02-24 04:52:00,46.924,43.51741666666666,3.4065833333333373,False
2014-02-24 04:57:00,45.44600000000001,43.66733333333334,1.7786666666666733,False
2014-02-24 05:02:00,42.606,43.69258333333334,-1.086583333333337,False
2014-02-24 05:07:00,46.83,43.56641666666667,3.2635833333333295,False
2014-02-24 05:12:00,40.094,43.78783333333333,-3.6938333333333304,False
2014-02-24 05:17:00,47.442,43.50641666666667,3.9355833333333337,False
2014-02-24 05:22:00,43.404,43.66683333333334,-0.26283333333333303,False
2014-02-24 05:27:00,43.474,43.6815,-0.20750000000000313,False
2014-02-24 05:32:00,44.158,43.679249999999996,0.4787500000000051,False
2014-02-24 05:37:00,39.958,43.85933333333333,-3.9013333333333335,False
2014-02-24 05:42:00,50.066,43.56983333333333,6.496166666666674,False
2014-02-24 05:47:00,41.808,43.82983333333333,-2.0218333333333334,False
2014-02-24 05:52:00,42.35,43.758,-1.4080000000000013,False
2014-02-24 05:57:00,46.176,43.71541666666667,2.4605833333333322,False
2014-02-24 06:02:00,39.366,43.884083333333336,-4.518083333333337,False
2014-02-24 06:07:00,48.5,43.568000000000005,4.931999999999995,False
2014-02-24 06:12:00,43.428,43.71283333333333,-0.2848333333333315,False
2014-02-24 06:17:00,43.898,43.72208333333334,0.17591666666666583,False
2014-02-24 06:22:00,42.326,43.74266666666667,-1.4166666666666714,False
2014-02-24 06:27:00,41.268,43.877916666666664,-2.6099166666666633,False
2014-02-24 06:32:00,45.236,43.68716666666666,1.5488333333333344,False
2014-02-24 06:37:00,39.346,43.81825,-4.4722500000000025,False
2014-02-24 06:42:00,49.47,43.67850000000001,5.791499999999992,False
2014-02-24 06:47:00,41.666,43.87583333333333,-2.2098333333333358,False
2014-02-24 06:52:00,41.76,43.968333333333334,-2.2083333333333357,False
2014-02-24 06:57:00,46.752,43.753166666666665,2.9988333333333372,False
2014-02-24 07:02:00,39.098,43.80758333333333,-4.709583333333335,False
2014-02-24 07:07:00,49.43600000000001,43.66141666666667,5.774583333333339,False
2014-02-24 07:12:00,43.92,43.77,0.14999999999999858,False
2014-02-24 07:17:00,42.15600000000001,43.92941666666667,-1.7734166666666553,False
2014-02-24 07:22:00,45.024,43.70916666666667,1.3148333333333326,False
2014-02-24 07:27:00,39.226,43.77666666666667,-4.550666666666672,False
2014-02-24 07:32:00,49.414,43.59966666666667,5.81433333333333,False
2014-02-24 07:37:00,42.276,43.818666666666665,-1.542666666666662,False
2014-02-24 07:42:00,40.4,43.91524999999999,-3.5152499999999947,False
2014-02-24 07:47:00,44.804,43.512499999999996,1.2915000000000063,False
2014-02-24 07:52:00,39.672,43.63733333333334,-3.9653333333333407,False
2014-02-24 07:57:00,51.658,43.52575000000001,8.132249999999992,True
2014-02-24 08:02:00,42.3,43.75416666666667,-1.4541666666666728,False
2014-02-24 08:07:00,44.554,43.87641666666667,0.677583333333331,False
2014-02-24 08:12:00,44.582,43.711999999999996,0.8700000000000045,False
2014-02-24 08:17:00,38.802,43.760083333333334,-4.9580833333333345,False
2014-02-24 08:22:00,49.13800000000001,43.54775,5.590250000000012,False
2014-02-24 08:27:00,41.81399999999999,43.831583333333334,-2.0175833333333415,False
2014-02-24 08:32:00,42.348,43.85433333333333,-1.5063333333333304,False
2014-02-24 08:37:00,43.522,43.734,-0.2120000000000033,False
2014-02-24 08:42:00,38.944,43.907999999999994,-4.9639999999999915,False
2014-02-24 08:47:00,47.112,43.46941666666667,3.6425833333333344,False
2014-02-24 08:52:00,43.68600000000001,43.696333333333335,-0.010333333333328198,False
2014-02-24 08:57:00,45.51600000000001,43.77658333333333,1.7394166666666848,False
2014-02-24 09:02:00,43.662,43.72508333333334,-0.06308333333333849,False
2014-02-24 09:07:00,41.502,43.91525000000001,-2.413250000000005,False
2014-02-24 09:12:00,46.76,43.58466666666667,3.1753333333333273,False
2014-02-24 09:17:00,43.896,43.703,0.19299999999999784,False
2014-02-24 09:22:00,44.202,43.7755,0.4264999999999972,False
2014-02-24 09:27:00,42.112,43.74125,-1.629249999999999,False
2014-02-24 09:32:00,41.672,43.86150000000001,-2.1895000000000095,False
2014-02-24 09:37:00,46.38399999999999,43.538916666666665,2.845083333333328,False
2014-02-24 09:42:00,43.716,43.71008333333333,0.005916666666671233,False
2014-02-24 09:47:00,43.996,43.84825,0.14775000000000205,False
2014-02-24 09:52:00,42.432,43.81458333333334,-1.3825833333333364,False
2014-02-24 09:57:00,42.512,43.92958333333333,-1.417583333333333,False
2014-02-24 10:02:00,44.108,43.5485,0.5594999999999999,False
2014-02-24 10:07:00,45.422,43.62383333333333,1.798166666666667,False
2014-02-24 10:12:00,43.61600000000001,43.66,-0.043999999999989825,False
2014-02-24 10:17:00,42.984,43.61975,-0.6357500000000016,False
2014-02-24 10:22:00,40.212,43.794000000000004,-3.5820000000000007,False
2014-02-24 10:27:00,47.16,43.42208333333334,3.7379166666666563,False
2014-02-24 10:32:00,43.56800000000001,43.64483333333333,-0.07683333333331888,False
2014-02-24 10:37:00,43.24,43.695666666666675,-0.4556666666666729,False
2014-02-24 10:42:00,42.868,43.68391666666667,-0.8159166666666664,False
2014-02-24 10:47:00,39.86,43.84741666666667,-3.987416666666668,False
2014-02-24 10:52:00,46.784,43.54525,3.238749999999996,False
2014-02-24 10:57:00,45.024,43.67433333333333,1.3496666666666712,False
2014-02-24 11:02:00,43.662,43.65383333333333,0.008166666666667766,False
2014-02-24 11:07:00,44.404,43.65383333333333,0.7501666666666722,False
2014-02-24 11:12:00,40.846,43.774750000000004,-2.928750000000008,False
2014-02-24 11:17:00,45.774,43.528333333333336,2.245666666666665,False
2014-02-24 11:22:00,43.49800000000001,43.60658333333333,-0.10858333333332126,False
2014-02-24 11:27:00,44.36600000000001,43.57725,0.7887500000000074,False
2014-02-24 11:32:00,43.192,43.67116666666667,-0.4791666666666714,False
2014-02-24 11:37:00,41.738,43.734500000000004,-1.9965000000000046,False
2014-02-24 11:42:00,44.746,43.54091666666667,1.2050833333333344,False
2014-02-24 11:47:00,38.744,43.58383333333333,-4.839833333333331,False
2014-02-24 11:52:00,47.01600000000001,43.365,3.6510000000000105,False
2014-02-24 11:57:00,44.39,43.556000000000004,0.8339999999999961,False
2014-02-24 12:02:00,41.692,43.63425000000001,-1.9422500000000085,False
2014-02-24 12:07:00,46.056,43.53358333333333,2.5224166666666648,False
2014-02-24 12:12:00,39.226,43.56,-4.334000000000003,False
2014-02-24 12:17:00,47.042,43.37708333333333,3.66491666666667,False
2014-02-24 12:22:00,43.256,43.54616666666667,-0.29016666666667135,False
2014-02-24 12:27:00,43.414,43.673,-0.25900000000000034,False
2014-02-24 12:32:00,42.488,43.51691666666667,-1.0289166666666674,False
2014-02-24 12:37:00,39.844,43.471916666666665,-3.627916666666664,False
2014-02-24 12:42:00,46.306,43.33041666666667,2.9755833333333257,False
2014-02-24 12:47:00,43.19,43.47366666666667,-0.28366666666666873,False
2014-02-24 12:52:00,43.81,43.61241666666667,0.1975833333333341,False
2014-02-24 12:57:00,44.694,43.488499999999995,1.2055000000000078,False
2014-02-24 13:02:00,41.174,43.47475,-2.3007500000000007,False
2014-02-24 13:07:00,47.39,43.37108333333333,4.018916666666669,False
2014-02-24 13:12:00,39.298,43.4955,-4.197499999999998,False
2014-02-24 13:17:00,49.58600000000001,43.431000000000004,6.155000000000008,False
2014-02-24 13:22:00,43.1,43.58983333333334,-0.4898333333333369,False
2014-02-24 13:27:00,42.184,43.57325,-1.389250000000004,False
2014-02-24 13:32:00,45.022,43.48233333333334,1.5396666666666619,False
2014-02-24 13:37:00,39.4,43.55858333333333,-4.158583333333333,False
2014-02-24 13:42:00,48.48,43.461166666666664,5.018833333333333,False
2014-02-24 13:47:00,42.308,43.616749999999996,-1.3087499999999963,False
2014-02-24 13:52:00,42.112,43.76525,-1.6532499999999999,False
2014-02-24 13:57:00,46.948,43.560916666666664,3.3870833333333366,False
2014-02-24 14:02:00,38.802,43.6675,-4.865499999999997,False
2014-02-24 14:07:00,50.63399999999999,43.54708333333334,7.086916666666653,False
2014-02-24 14:12:00,41.552,43.73783333333333,-2.1858333333333277,False
2014-02-24 14:17:00,41.844,43.83474999999999,-1.9907499999999914,False
2014-02-24 14:22:00,45.14,43.61816666666667,1.5218333333333334,False
2014-02-24 14:27:00,39.272,43.696666666666665,-4.424666666666667,False
2014-02-24 14:32:00,49.47,43.52408333333333,5.945916666666669,False
2014-02-24 14:37:00,42.3,43.815,-1.5150000000000006,False
2014-02-24 14:42:00,40.69,43.91733333333334,-3.227333333333341,False
2014-02-24 14:47:00,45.916,43.68333333333334,2.2326666666666597,False
2014-02-24 14:52:00,38.944,43.79691666666667,-4.852916666666665,False
2014-02-24 14:57:00,51.042,43.594166666666666,7.447833333333335,False
2014-02-24 15:02:00,41.83,43.858666666666664,-2.028666666666666,False
2014-02-24 15:07:00,43.17,43.885999999999996,-0.715999999999994,False
2014-02-24 15:12:00,44.508,43.71016666666667,0.7978333333333296,False
2014-02-24 15:17:00,39.178,43.927249999999994,-4.749249999999996,False
2014-02-24 15:22:00,47.19,43.49358333333333,3.6964166666666642,False
2014-02-24 15:27:00,43.708,43.663999999999994,0.044000000000004036,False
2014-02-24 15:32:00,40.916,43.7275,-2.8115000000000023,False
2014-02-24 15:37:00,43.178,43.55641666666667,-0.3784166666666735,False
2014-02-24 15:42:00,40.184,43.71383333333333,-3.529833333333336,False
2014-02-24 15:47:00,49.428,43.36816666666667,6.05983333333333,False
2014-02-24 15:52:00,42.23,43.66483333333333,-1.43483333333333,False
2014-02-24 15:57:00,44.272,43.66975,0.602249999999998,False
2014-02-24 16:02:00,43.874,43.558249999999994,0.3157500000000084,False
2014-02-24 16:07:00,40.912,43.76958333333334,-2.857583333333338,False
2014-02-24 16:12:00,47.678,43.3645,4.313499999999998,False
2014-02-24 16:17:00,42.88800000000001,43.61975,-0.731749999999991,False
2014-02-24 16:22:00,42.728,43.663250000000005,-0.9352500000000035,False
2014-02-24 16:27:00,43.432,43.56275,-0.13074999999999903,False
2014-02-24 16:32:00,40.024,43.73608333333333,-3.7120833333333323,False
2014-02-24 16:37:00,45.926,43.3425,2.583500000000001,False
2014-02-24 16:42:00,44.13800000000001,43.49358333333333,0.6444166666666789,False
2014-02-24 16:47:00,44.24800000000001,43.637249999999995,0.6107500000000172,False
2014-02-24 16:52:00,42.87,43.56775,-0.6977499999999992,False
2014-02-24 16:57:00,41.808,43.73133333333334,-1.9233333333333391,False
2014-02-24 17:02:00,46.37,43.346583333333335,3.0234166666666624,False
2014-02-24 17:07:00,44.6,43.53575,1.0642500000000013,False
2014-02-24 17:12:00,43.356,43.595333333333336,-0.2393333333333345,False
2014-02-24 17:17:00,43.95,43.547333333333334,0.4026666666666685,False
2014-02-24 17:22:00,39.342,43.74616666666666,-4.4041666666666615,False
2014-02-24 17:27:00,46.268,43.419166666666676,2.8488333333333244,False
2014-02-24 17:32:00,43.356,43.52583333333333,-0.1698333333333295,False
2014-02-24 17:37:00,44.578,43.6275,0.9505000000000052,False
2014-02-24 17:42:00,42.606,43.685833333333335,-1.0798333333333332,False
2014-02-24 17:47:00,41.902,43.786750000000005,-1.884750000000004,False
2014-02-24 17:52:00,46.262,43.473166666666664,2.7888333333333364,False
2014-02-24 17:57:00,44.882,43.64116666666667,1.2408333333333275,False
2014-02-24 18:02:00,44.108,43.666583333333335,0.4414166666666617,False
2014-02-24 18:07:00,44.53,43.67633333333333,0.853666666666669,False
2014-02-24 18:12:00,39.734,43.82708333333334,-4.09308333333334,False
2014-02-24 18:17:00,41.824,43.49608333333334,-1.6720833333333402,False
2014-02-24 18:22:00,38.826,43.451750000000004,-4.625750000000004,False
2014-02-24 18:27:00,38.542,43.28916666666667,-4.747166666666665,False
2014-02-24 18:32:00,41.512,43.085416666666674,-1.5734166666666738,False
2014-02-24 18:37:00,34.766,43.147416666666665,-8.381416666666667,True
2014-02-24 18:42:00,43.1,42.68241666666666,0.4175833333333401,False
2014-02-24 18:47:00,38.826,42.63916666666667,-3.8131666666666675,False
2014-02-24 18:52:00,37.206,42.413250000000005,-5.207250000000002,False
2014-02-24 18:57:00,42.982,42.17725,0.8047499999999985,False
2014-02-24 19:02:00,35.174,42.226166666666664,-7.052166666666665,False
2014-02-24 19:07:00,44.76600000000001,41.75966666666667,3.0063333333333446,False
2014-02-24 19:12:00,39.766,41.76658333333334,-2.0005833333333385,False
2014-02-24 19:17:00,35.254,41.617000000000004,-6.363000000000007,False
2014-02-24 19:22:00,42.816,41.254666666666665,1.5613333333333372,False
2014-02-24 19:27:00,38.916,41.39941666666667,-2.4834166666666704,False
2014-02-24 19:32:00,38.724,41.09308333333333,-2.369083333333336,False
2014-02-24 19:37:00,40.264,40.900083333333335,-0.6360833333333318,False
2014-02-24 19:42:00,36.08,40.720333333333336,-4.640333333333338,False
2014-02-24 19:47:00,43.098,40.44841666666667,2.6495833333333323,False
2014-02-24 19:52:00,39.096,40.49825,-1.4022500000000022,False
2014-02-24 19:57:00,39.71,40.199666666666666,-0.4896666666666647,False
2014-02-24 20:02:00,41.114,39.98416666666667,1.1298333333333304,False
2014-02-24 20:07:00,37.066,39.85941666666667,-2.7934166666666655,False
2014-02-24 20:12:00,43.428,39.54841666666667,3.879583333333329,False
2014-02-24 20:17:00,39.18,39.702333333333335,-0.5223333333333358,False
2014-02-24 20:22:00,35.938,39.592166666666664,-3.6541666666666615,False
2014-02-24 20:27:00,42.724,39.471833333333336,3.2521666666666604,False
2014-02-24 20:32:00,39.35,39.64608333333333,-0.29608333333332837,False
2014-02-24 20:37:00,38.192,39.556,-1.3639999999999972,False
2014-02-24 20:42:00,40.506,39.69875,0.8072500000000034,False
2014-02-24 20:47:00,35.774,39.590666666666664,-3.816666666666663,False
2014-02-24 20:52:00,43.68600000000001,39.463499999999996,4.222500000000011,False
2014-02-24 20:57:00,41.502,39.7335,1.768500000000003,False
2014-02-24 21:02:00,35.984,39.67183333333333,-3.68783333333333,False
2014-02-24 21:07:00,44.642,39.70558333333333,4.936416666666673,False
2014-02-24 21:12:00,39.34,39.70041666666667,-0.3604166666666657,False
2014-02-24 21:17:00,37.794,39.68266666666667,-1.8886666666666727,False
2014-02-24 21:22:00,40.688,39.788500000000006,0.8994999999999962,False
2014-02-24 21:27:00,34.86,39.69983333333334,-4.839833333333338,False
2014-02-24 21:32:00,43.45,39.530833333333334,3.919166666666669,False
2014-02-24 21:37:00,39.482,39.72775,-0.24575000000000102,False
2014-02-24 21:42:00,34.954,39.695166666666665,-4.741166666666665,False
2014-02-24 21:47:00,50.728,39.64825,11.079750000000004,True
2014-02-24 21:52:00,45.892,39.966166666666666,5.925833333333337,False
2014-02-24 21:57:00,68.092,40.24933333333333,27.842666666666666,True
2014-02-24 22:02:00,37.816,41.431916666666666,-3.6159166666666636,False
2014-02-24 22:07:00,40.446,41.294500000000006,-0.8485000000000085,False
2014-02-24 22:12:00,36.878,41.43533333333334,-4.5573333333333395,False
2014-02-24 22:17:00,37.87,41.162416666666665,-3.292416666666668,False
2014-02-24 22:22:00,37.536,41.10783333333333,-3.5718333333333305,False
2014-02-24 22:27:00,37.564,41.174416666666666,-3.6104166666666657,False
2014-02-24 22:32:00,39.296,40.95941666666667,-1.66341666666667,False
2014-02-24 22:37:00,36.596,40.957166666666666,-4.361166666666669,False
2014-02-24 22:42:00,38.616,40.89066666666667,-2.2746666666666684,False
2014-02-24 22:47:00,36.478,40.81191666666667,-4.333916666666667,False
2014-02-24 22:52:00,37.394,40.84125,-3.447250000000004,False
2014-02-24 22:57:00,39.812,40.57908333333334,-0.7670833333333391,False
2014-02-24 23:02:00,37.96,40.50866666666666,-2.548666666666662,False
2014-02-24 23:07:00,40.516,40.591,-0.07500000000000284,False
2014-02-24 23:12:00,38.01,40.41908333333333,-2.409083333333335,False
2014-02-24 23:17:00,37.84,40.36366666666667,-2.5236666666666636,False
2014-02-24 23:22:00,37.886,40.36558333333333,-2.4795833333333306,False
2014-02-24 23:27:00,38.076,40.24883333333333,-2.1728333333333296,False
2014-02-24 23:32:00,38.24,40.38283333333333,-2.1428333333333285,False
2014-02-24 23:37:00,37.3,40.16575,-2.8657500000000056,False
2014-02-24 23:42:00,40.328,40.07483333333334,0.2531666666666652,False
2014-02-24 23:47:00,36.83,40.29875,-3.46875,False
2014-02-24 23:52:00,38.458,39.71966666666667,-1.2616666666666703,False
2014-02-24 23:57:00,39.366,39.40991666666667,-0.043916666666667936,False
2014-02-25 00:02:00,38.404,38.213,0.1910000000000025,False
2014-02-25 00:07:00,39.272,38.2375,1.0345000000000013,False
2014-02-25 00:12:00,39.062,38.188583333333334,0.8734166666666638,False
2014-02-25 00:17:00,36.616,38.279583333333335,-1.6635833333333352,False
2014-02-25 00:22:00,37.658,38.227333333333334,-0.5693333333333328,False
2014-02-25 00:27:00,37.77,38.232416666666666,-0.4624166666666625,False
2014-02-25 00:32:00,38.428,38.241,0.1869999999999976,False
2014-02-25 00:37:00,37.934,38.20483333333333,-0.2708333333333357,False
2014-02-25 00:42:00,37.858,38.26058333333334,-0.4025833333333395,False
2014-02-25 00:47:00,37.672,38.229,-0.5570000000000022,False
2014-02-25 00:52:00,37.7,38.278749999999995,-0.5787499999999923,False
2014-02-25 00:57:00,40.204,38.2915,1.9125000000000014,False
2014-02-25 01:02:00,38.146,38.30783333333333,-0.16183333333332683,False
2014-02-25 01:07:00,39.56800000000001,38.315583333333336,1.2524166666666758,False
2014-02-25 01:12:00,37.746,38.27608333333333,-0.5300833333333301,False
2014-02-25 01:17:00,38.434,38.26508333333333,0.16891666666666794,False
2014-02-25 01:22:00,37.606,38.28983333333333,-0.6838333333333253,False
2014-02-25 01:27:00,37.832,38.27816666666667,-0.44616666666667015,False
2014-02-25 01:32:00,37.816,38.268,-0.4519999999999982,False
2014-02-25 01:37:00,38.408,38.25033333333333,0.15766666666667106,False
2014-02-25 01:42:00,37.922,38.2965,-0.3745000000000047,False
2014-02-25 01:47:00,38.808,38.19625,0.6117500000000007,False
2014-02-25 01:52:00,38.116,38.278666666666666,-0.16266666666666652,False
2014-02-25 01:57:00,40.416,38.26441666666667,2.1515833333333276,False
2014-02-25 02:02:00,38.31,38.30816666666667,0.0018333333333302448,False
2014-02-25 02:07:00,40.678,38.30425,2.373749999999994,False
2014-02-25 02:12:00,36.666,38.362833333333334,-1.6968333333333376,False
2014-02-25 02:17:00,37.84,38.263,-0.4229999999999947,False
2014-02-25 02:22:00,38.004,38.314,-0.3100000000000023,False
2014-02-25 02:27:00,38.122,38.32841666666666,-0.20641666666666225,False
2014-02-25 02:32:00,38.192,38.34308333333333,-0.15108333333333235,False
2014-02-25 02:37:00,38.742,38.33325,0.4087499999999977,False
2014-02-25 02:42:00,37.84,38.36691666666667,-0.5269166666666649,False
2014-02-25 02:47:00,37.558,38.366166666666665,-0.8081666666666649,False
2014-02-25 02:52:00,37.794,38.36141666666667,-0.5674166666666736,False
2014-02-25 02:57:00,40.164,38.36533333333333,1.7986666666666693,False
2014-02-25 03:02:00,38.31,38.36366666666667,-0.05366666666666475,False
2014-02-25 03:07:00,40.316,38.3705,1.9455000000000027,False
2014-02-25 03:12:00,37.768,38.401666666666664,-0.633666666666663,False
2014-02-25 03:17:00,40.416,38.40258333333333,2.0134166666666644,False
2014-02-25 03:22:00,37.91,38.485166666666665,-0.5751666666666679,False
2014-02-25 03:27:00,38.686,38.49783333333333,0.18816666666666748,False
2014-02-25 03:32:00,37.046,38.53341666666666,-1.487416666666661,False
2014-02-25 03:37:00,38.316,38.501333333333335,-0.18533333333333246,False
2014-02-25 03:42:00,37.904,38.4975,-0.5934999999999988,False
2014-02-25 03:47:00,40.098,38.49675,1.6012500000000003,False
2014-02-25 03:52:00,36.836,38.5505,-1.714500000000001,False
2014-02-25 03:57:00,40.798,38.497166666666665,2.300833333333337,False
2014-02-25 04:02:00,37.816,38.513083333333334,-0.6970833333333317,False
2014-02-25 04:07:00,40.352,38.4925,1.859499999999997,False
2014-02-25 04:12:00,38.076,38.47891666666667,-0.4029166666666697,False
2014-02-25 04:17:00,37.936,38.53766666666667,-0.6016666666666666,False
2014-02-25 04:22:00,37.902,38.541666666666664,-0.6396666666666633,False
2014-02-25 04:27:00,37.88800000000001,38.537416666666665,-0.649416666666653,False
2014-02-25 04:32:00,39.06,38.52766666666667,0.5323333333333338,False
2014-02-25 04:37:00,36.496,38.56383333333333,-2.0678333333333256,False
2014-02-25 04:42:00,38.286,38.47025,-0.1842499999999987,False
2014-02-25 04:47:00,37.394,38.48883333333333,-1.0948333333333338,False
2014-02-25 04:52:00,38.088,38.482,-0.39399999999999835,False
2014-02-25 04:57:00,39.84,38.49425,1.3457500000000024,False
2014-02-25 05:02:00,38.13,38.48075,-0.3507499999999979,False
2014-02-25 05:07:00,40.54,38.47325,2.066749999999999,False
2014-02-25 05:12:00,38.192,38.48258333333333,-0.29058333333333053,False
2014-02-25 05:17:00,37.724,38.50025,-0.7762500000000045,False
2014-02-25 05:22:00,38.004,38.388083333333334,-0.38408333333333644,False
2014-02-25 05:27:00,38.756,38.392,0.3639999999999972,False
2014-02-25 05:32:00,37.042,38.39491666666667,-1.3529166666666654,False
2014-02-25 05:37:00,37.708,38.39475,-0.6867500000000035,False
2014-02-25 05:42:00,39.366,38.369416666666666,0.9965833333333336,False
2014-02-25 05:47:00,37.784,38.43033333333333,-0.646333333333331,False
2014-02-25 05:52:00,39.084,38.33391666666667,0.7500833333333361,False
2014-02-25 05:57:00,38.944,38.42758333333334,0.5164166666666645,False
2014-02-25 06:02:00,38.95,38.35033333333333,0.5996666666666712,False
2014-02-25 06:07:00,38.904,38.39758333333334,0.5064166666666665,False
2014-02-25 06:12:00,37.982,38.337250000000004,-0.3552500000000052,False
2014-02-25 06:17:00,37.934,38.333333333333336,-0.3993333333333382,False
2014-02-25 06:22:00,38.364,38.33325,0.030749999999997613,False
2014-02-25 06:27:00,37.254,38.3525,-1.0985000000000014,False
2014-02-25 06:32:00,38.868,38.32608333333334,0.5419166666666655,False
2014-02-25 06:37:00,37.16,38.318083333333334,-1.1580833333333374,False
2014-02-25 06:42:00,37.678,38.34575,-0.6677500000000052,False
2014-02-25 06:47:00,36.08,38.32041666666667,-2.2404166666666683,False
2014-02-25 06:52:00,37.652,38.26566666666667,-0.613666666666667,False
2014-02-25 06:57:00,39.76,38.2475,1.5124999999999957,False
2014-02-25 07:02:00,38.032,38.244166666666665,-0.2121666666666684,False
2014-02-25 07:07:00,39.642,38.24008333333333,1.401916666666672,False
2014-02-25 07:12:00,39.108,38.202666666666666,0.9053333333333313,False
2014-02-25 07:17:00,36.62,38.240833333333335,-1.6208333333333371,False
2014-02-25 07:22:00,38.778,38.19483333333333,0.5831666666666706,False
2014-02-25 07:27:00,35.31,38.22708333333333,-2.9170833333333306,False
2014-02-25 07:32:00,36.81800000000001,38.0835,-1.2654999999999887,False
2014-02-25 07:37:00,38.076,38.07416666666666,0.0018333333333373503,False
2014-02-25 07:42:00,39.32,38.0895,1.2304999999999993,False
2014-02-25 07:47:00,37.558,38.087583333333335,-0.5295833333333348,False
2014-02-25 07:52:00,37.84,38.07816666666667,-0.23816666666666464,False
2014-02-25 07:57:00,39.83,38.02633333333333,1.8036666666666648,False
2014-02-25 08:02:00,39.722,38.063250000000004,1.6587499999999977,False
2014-02-25 08:07:00,38.146,38.095416666666665,0.050583333333335645,False
2014-02-25 08:12:00,37.7,38.06383333333333,-0.363833333333325,False
2014-02-25 08:17:00,37.41,38.052083333333336,-0.6420833333333391,False
2014-02-25 08:22:00,37.816,38.03025,-0.21424999999999983,False
2014-02-25 08:27:00,37.934,38.007416666666664,-0.07341666666666669,False
2014-02-25 08:32:00,37.746,38.03575,-0.28974999999999795,False
2014-02-25 08:37:00,37.974,37.989,-0.015000000000000568,False
2014-02-25 08:42:00,37.672,38.02291666666667,-0.3509166666666701,False
2014-02-25 08:47:00,38.036,38.022666666666666,0.013333333333335418,False
2014-02-25 08:52:00,38.76,38.104166666666664,0.6558333333333337,False
2014-02-25 08:57:00,39.014,38.15033333333333,0.8636666666666741,False
2014-02-25 09:02:00,38.076,38.11925,-0.043250000000000455,False
2014-02-25 09:07:00,39.548,38.12108333333333,1.4269166666666706,False
2014-02-25 09:12:00,38.218,38.11716666666667,0.100833333333334,False
2014-02-25 09:17:00,38.146,38.08008333333333,0.0659166666666735,False
2014-02-25 09:22:00,38.686,38.14366666666667,0.5423333333333318,False
2014-02-25 09:27:00,36.908,38.139833333333335,-1.2318333333333342,False
2014-02-25 09:32:00,37.682,38.20641666666666,-0.5244166666666601,False
2014-02-25 09:37:00,38.216,38.242416666666664,-0.026416666666662536,False
2014-02-25 09:42:00,38.708,38.24825,0.45974999999999966,False
2014-02-25 09:47:00,38.132,38.22275,-0.09074999999999989,False
2014-02-25 09:52:00,38.38,38.24666666666667,0.13333333333333286,False
2014-02-25 09:57:00,39.672,38.26916666666667,1.4028333333333265,False
2014-02-25 10:02:00,38.476,38.26258333333333,0.21341666666666725,False
2014-02-25 10:07:00,39.294,38.21066666666667,1.0833333333333286,False
2014-02-25 10:12:00,38.826,38.258500000000005,0.5674999999999955,False
2014-02-25 10:17:00,37.042,38.305416666666666,-1.2634166666666644,False
2014-02-25 10:22:00,38.968,38.290083333333335,0.6779166666666683,False
2014-02-25 10:27:00,36.76,38.33808333333334,-1.578083333333339,False
2014-02-25 10:32:00,37.816,38.28916666666667,-0.47316666666666407,False
2014-02-25 10:37:00,38.616,38.29208333333334,0.32391666666666197,False
2014-02-25 10:42:00,37.37,38.31883333333334,-0.9488333333333401,False
2014-02-25 10:47:00,38.802,38.30625,0.495750000000001,False
2014-02-25 10:52:00,37.206,38.338166666666666,-1.132166666666663,False
2014-02-25 10:57:00,40.254,38.27341666666667,1.9805833333333283,False
2014-02-25 11:02:00,38.076,38.32508333333333,-0.24908333333333132,False
2014-02-25 11:07:00,40.2,38.32508333333333,1.874916666666671,False
2014-02-25 11:12:00,38.092,38.352250000000005,-0.2602500000000063,False
2014-02-25 11:17:00,38.262,38.347,-0.08500000000000085,False
2014-02-25 11:22:00,37.536,38.35183333333333,-0.8158333333333303,False
2014-02-25 11:27:00,38.63800000000001,38.30391666666667,0.3340833333333393,False
2014-02-25 11:32:00,36.826,38.376000000000005,-1.5500000000000043,False
2014-02-25 11:37:00,38.148,38.340333333333334,-0.19233333333333036,False
2014-02-25 11:42:00,38.54,38.3375,0.20250000000000057,False
2014-02-25 11:47:00,38.65,38.3305,0.3194999999999979,False
2014-02-25 11:52:00,38.098,38.35208333333333,-0.2540833333333339,False
2014-02-25 11:57:00,40.704,38.340333333333334,2.363666666666667,False
2014-02-25 12:02:00,38.122,38.38333333333333,-0.261333333333333,False
2014-02-25 12:07:00,40.026,38.36858333333333,1.6574166666666699,False
2014-02-25 12:12:00,38.262,38.39908333333333,-0.13708333333332945,False
2014-02-25 12:17:00,37.512,38.37558333333333,-0.8635833333333309,False
2014-02-25 12:22:00,38.334,38.39516666666667,-0.06116666666666504,False
2014-02-25 12:27:00,37.676,38.36875,-0.6927499999999966,False
2014-02-25 12:32:00,38.332,38.40691666666667,-0.07491666666666674,False
2014-02-25 12:37:00,37.816,38.428416666666664,-0.6124166666666611,False
2014-02-25 12:42:00,37.936,38.39508333333333,-0.4590833333333322,False
2014-02-25 12:47:00,37.964,38.41866666666667,-0.4546666666666681,False
2014-02-25 12:52:00,38.13800000000001,38.38375,-0.2457499999999868,False
2014-02-25 12:57:00,40.392,38.422583333333336,1.9694166666666675,False
2014-02-25 13:02:00,38.356,38.428333333333335,-0.07233333333333292,False
2014-02-25 13:07:00,39.856,38.440000000000005,1.4159999999999968,False
2014-02-25 13:12:00,38.686,38.425666666666665,0.2603333333333353,False
2014-02-25 13:17:00,38.136,38.45041666666667,-0.31441666666666634,False
2014-02-25 13:22:00,37.488,38.44516666666667,-0.9571666666666729,False
2014-02-25 13:27:00,37.696,38.44316666666666,-0.747166666666665,False
2014-02-25 13:32:00,37.816,38.40391666666667,-0.5879166666666649,False
2014-02-25 13:37:00,38.286,38.44516666666667,-0.15916666666667112,False
2014-02-25 13:42:00,38.198,38.450916666666664,-0.252916666666664,False
2014-02-25 13:47:00,39.868,38.436666666666675,1.4313333333333276,False
2014-02-25 13:52:00,37.348,38.48741666666667,-1.1394166666666692,False
2014-02-25 13:57:00,41.362,38.45616666666667,2.9058333333333337,False
2014-02-25 14:02:00,37.77,38.483583333333335,-0.7135833333333323,False
2014-02-25 14:07:00,39.178,38.468916666666665,0.7090833333333322,False
2014-02-25 14:12:00,37.816,38.43358333333334,-0.6175833333333358,False
2014-02-25 14:17:00,38.004,38.415,-0.41100000000000136,False
2014-02-25 14:22:00,37.562,38.435500000000005,-0.873500000000007,False
2014-02-25 14:27:00,38.052,38.40333333333333,-0.3513333333333293,False
2014-02-25 14:32:00,37.63,38.419000000000004,-0.7890000000000015,False
2014-02-25 14:37:00,38.714,38.38975,0.32424999999999926,False
2014-02-25 14:42:00,35.97400000000001,38.42716666666667,-2.453166666666661,False
2014-02-25 14:47:00,37.934,38.345416666666665,-0.41141666666666765,False
2014-02-25 14:52:00,38.454,38.34416666666667,0.10983333333332723,False
2014-02-25 14:57:00,39.154,38.35733333333334,0.7966666666666669,False
2014-02-25 15:02:00,38.742,38.305749999999996,0.43625000000000114,False
2014-02-25 15:07:00,39.094,38.32183333333334,0.7721666666666636,False
2014-02-25 15:12:00,38.592,38.290083333333335,0.3019166666666635,False
2014-02-25 15:17:00,37.206,38.28616666666667,-1.0801666666666634,False
2014-02-25 15:22:00,38.726,38.247416666666666,0.4785833333333329,False
2014-02-25 15:27:00,37.87,38.299,-0.42900000000000205,False
2014-02-25 15:32:00,37.88800000000001,38.30625,-0.41824999999998624,False
2014-02-25 15:37:00,39.436,38.30925,1.1267500000000013,False
2014-02-25 15:42:00,36.4,38.35716666666667,-1.957166666666673,False
2014-02-25 15:47:00,38.662,38.28225,0.37975000000000136,False
2014-02-25 15:52:00,37.91,38.232,-0.32200000000000273,False
2014-02-25 15:57:00,40.54,38.25541666666667,2.2845833333333303,False
2014-02-25 16:02:00,37.606,38.22116666666667,-0.6151666666666671,False
2014-02-25 16:07:00,40.142,38.214333333333336,1.927666666666667,False
2014-02-25 16:12:00,37.348,38.2545,-0.9065000000000012,False
2014-02-25 16:17:00,38.544,38.235,0.3089999999999975,False
2014-02-25 16:22:00,36.714,38.2575,-1.5435000000000016,False
2014-02-25 16:27:00,37.724,38.22216666666667,-0.49816666666667686,False
2014-02-25 16:32:00,37.9,38.2085,-0.3085000000000022,False
2014-02-25 16:37:00,37.84,38.21975,-0.37974999999999426,False
2014-02-25 16:42:00,38.17,38.18333333333333,-0.013333333333328312,False
2014-02-25 16:47:00,37.676,38.27483333333333,-0.5988333333333316,False
2014-02-25 16:52:00,37.588,38.26408333333333,-0.6760833333333309,False
2014-02-25 16:57:00,41.22,38.228,2.9919999999999973,False
2014-02-25 17:02:00,36.824,38.314083333333336,-1.490083333333338,False
2014-02-25 17:07:00,40.822,38.23416666666667,2.587833333333336,False
2014-02-25 17:12:00,37.24,38.30616666666667,-1.0661666666666676,False
2014-02-25 17:17:00,37.724,38.249833333333335,-0.5258333333333383,False
2014-02-25 17:22:00,37.746,38.27141666666667,-0.5254166666666649,False
2014-02-25 17:27:00,39.484,38.230583333333335,1.2534166666666664,False
2014-02-25 17:32:00,36.744,38.29783333333334,-1.553833333333337,False
2014-02-25 17:37:00,37.724,38.250166666666665,-0.5261666666666684,False
2014-02-25 17:42:00,38.004,38.17883333333333,-0.17483333333333206,False
2014-02-25 17:47:00,38.762,38.245666666666665,0.5163333333333355,False
2014-02-25 17:52:00,37.958,38.249833333333335,-0.2918333333333365,False
2014-02-25 17:57:00,39.886,38.25183333333333,1.6341666666666725,False
2014-02-25 18:02:00,38.474,38.224583333333335,0.2494166666666615,False
2014-02-25 18:07:00,40.376,38.26075,2.115249999999996,False
2014-02-25 18:12:00,37.3,38.2705,-0.9705000000000013,False
2014-02-25 18:17:00,38.146,38.268499999999996,-0.12249999999999517,False
2014-02-25 18:22:00,37.112,38.251916666666666,-1.1399166666666645,False
2014-02-25 18:27:00,38.266,38.268499999999996,-0.0024999999999977263,False
2014-02-25 18:32:00,37.394,38.29108333333333,-0.8970833333333346,False
2014-02-25 18:37:00,38.916,38.27,0.6459999999999937,False
2014-02-25 18:42:00,36.76,38.31483333333333,-1.5548333333333346,False
2014-02-25 18:47:00,39.062,38.25608333333333,0.8059166666666684,False
2014-02-25 18:52:00,36.902,38.313833333333335,-1.411833333333334,False
2014-02-25 18:57:00,39.508,38.28525,1.2227500000000049,False
2014-02-25 19:02:00,38.756,38.21391666666667,0.5420833333333306,False
2014-02-25 19:07:00,38.968,38.29441666666666,0.6735833333333403,False
2014-02-25 19:12:00,39.342,38.217166666666664,1.124833333333335,False
2014-02-25 19:17:00,37.09,38.30475,-1.2147499999999951,False
2014-02-25 19:22:00,38.682,38.27833333333333,0.4036666666666733,False
2014-02-25 19:27:00,37.214,38.31733333333333,-1.1033333333333317,False
2014-02-25 19:32:00,37.582,38.22275,-0.640749999999997,False
2014-02-25 19:37:00,38.246,38.257666666666665,-0.011666666666663161,False
2014-02-25 19:42:00,38.262,38.27941666666667,-0.0174166666666693,False
2014-02-25 19:47:00,38.532,38.29016666666667,0.24183333333332513,False
2014-02-25 19:52:00,38.192,38.28058333333333,-0.08858333333333235,False
2014-02-25 19:57:00,39.296,38.29033333333333,1.00566666666667,False
2014-02-25 20:02:00,38.162,38.265750000000004,-0.10375000000000512,False
2014-02-25 20:07:00,39.128,38.25275,0.8752500000000012,False
2014-02-25 20:12:00,37.944,38.20075,-0.2567499999999967,False
2014-02-25 20:17:00,37.512,38.227583333333335,-0.7155833333333348,False
2014-02-25 20:22:00,38.992,38.201166666666666,0.7908333333333317,False
2014-02-25 20:27:00,36.582,38.2795,-1.697499999999998,False
2014-02-25 20:32:00,37.724,38.20933333333333,-0.4853333333333367,False
2014-02-25 20:37:00,37.934,38.223083333333335,-0.2890833333333376,False
2014-02-25 20:42:00,37.91,38.18216666666667,-0.27216666666667066,False
2014-02-25 20:47:00,37.77,38.23008333333333,-0.46008333333332985,False
2014-02-25 20:52:00,38.262,38.17625,0.08574999999999733,False
2014-02-25 20:57:00,39.154,38.23291666666667,0.9210833333333355,False
2014-02-25 21:02:00,38.356,38.21816666666667,0.13783333333333303,False
2014-02-25 21:07:00,39.456,38.2015,1.2545000000000002,False
2014-02-25 21:12:00,38.622,38.22183333333333,0.4001666666666708,False
2014-02-25 21:17:00,37.474,38.19183333333333,-0.7178333333333313,False
2014-02-25 21:22:00,38.034,38.20783333333333,-0.1738333333333344,False
2014-02-25 21:27:00,38.462,38.18083333333333,0.281166666666671,False
2014-02-25 21:32:00,36.756,38.23283333333333,-1.4768333333333317,False
2014-02-25 21:37:00,38.05,38.19841666666667,-0.14841666666666953,False
2014-02-25 21:42:00,37.84,38.19025,-0.3502499999999955,False
2014-02-25 21:47:00,37.91,38.172666666666665,-0.26266666666666794,False
2014-02-25 21:52:00,38.004,38.146750000000004,-0.1427500000000066,False
2014-02-25 21:57:00,40.234,38.13891666666667,2.095083333333335,False
2014-02-25 22:02:00,38.122,38.178,-0.055999999999997385,False
2014-02-25 22:07:00,39.484,38.17633333333334,1.3076666666666625,False
2014-02-25 22:12:00,38.044,38.19116666666667,-0.14716666666667066,False
2014-02-25 22:17:00,38.732,38.19533333333333,0.5366666666666688,False
2014-02-25 22:22:00,37.582,38.24616666666667,-0.6641666666666666,False
2014-02-25 22:27:00,37.29,38.18741666666667,-0.8974166666666719,False
2014-02-25 22:32:00,38.356,38.21691666666667,0.1390833333333319,False
2014-02-25 22:37:00,38.46,38.243249999999996,0.21675000000000466,False
2014-02-25 22:42:00,36.972,38.265166666666666,-1.2931666666666644,False
2014-02-25 22:47:00,38.732,38.226083333333335,0.5059166666666641,False
2014-02-25 22:52:00,36.67,38.26616666666666,-1.5961666666666616,False
2014-02-25 22:57:00,40.454,38.19983333333334,2.254166666666663,False
2014-02-25 23:02:00,36.572,38.254,-1.681999999999995,False
2014-02-25 23:07:00,40.894,38.17966666666667,2.714333333333329,False
2014-02-25 23:12:00,36.644,38.239583333333336,-1.5955833333333374,False
2014-02-25 23:17:00,38.004,38.15716666666667,-0.1531666666666709,False
2014-02-25 23:22:00,38.098,38.17925,-0.08125000000000426,False
2014-02-25 23:27:00,37.746,38.181916666666666,-0.43591666666666384,False
2014-02-25 23:32:00,37.802,38.15208333333333,-0.3500833333333304,False
2014-02-25 23:37:00,38.262,38.19566666666667,0.06633333333333269,False
2014-02-25 23:42:00,38.562,38.2045,0.3574999999999946,False
2014-02-25 23:47:00,39.21,38.234583333333326,0.9754166666666748,False
2014-02-25 23:52:00,37.508,38.28875,-0.7807499999999976,False
2014-02-25 23:57:00,40.752,38.26808333333333,2.4839166666666728,False
2014-02-26 00:02:00,37.746,38.28966666666667,-0.5436666666666667,False
2014-02-26 00:07:00,40.618,38.274,2.344000000000001,False
2014-02-26 00:12:00,37.75,38.32125,-0.5712499999999991,False
2014-02-26 00:17:00,38.356,38.309000000000005,0.046999999999997044,False
2014-02-26 00:22:00,35.278,38.29333333333333,-3.0153333333333308,False
2014-02-26 00:27:00,38.146,38.19733333333333,-0.05133333333333212,False
2014-02-26 00:32:00,37.95,38.233,-0.28299999999999415,False
2014-02-26 00:37:00,38.31,38.21608333333334,0.0939166666666651,False
2014-02-26 00:42:00,38.808,38.20983333333333,0.5981666666666712,False
2014-02-26 00:47:00,37.912,38.28633333333334,-0.3743333333333396,False
2014-02-26 00:52:00,36.93,38.25216666666667,-1.3221666666666678,False
2014-02-26 00:57:00,39.862,38.263,1.5990000000000038,False
2014-02-26 01:02:00,38.004,38.23833333333334,-0.23433333333333906,False
2014-02-26 01:07:00,39.312,38.298,1.0139999999999958,False
2014-02-26 01:12:00,36.268,38.232083333333335,-1.9640833333333347,False
2014-02-26 01:17:00,37.612,38.21641666666667,-0.6044166666666655,False
2014-02-26 01:22:00,37.88800000000001,38.20008333333333,-0.3120833333333195,False
2014-02-26 01:27:00,38.356,38.19133333333334,0.16466666666666185,False
2014-02-26 01:32:00,37.802,38.216750000000005,-0.41475000000000506,False
2014-02-26 01:37:00,38.056,38.21675,-0.16075000000000017,False
2014-02-26 01:42:00,38.802,38.20816666666666,0.5938333333333361,False
2014-02-26 01:47:00,39.132,38.21816666666667,0.9138333333333293,False
2014-02-26 01:52:00,38.636,38.21491666666667,0.4210833333333355,False
2014-02-26 01:57:00,39.954,38.26191666666667,1.6920833333333292,False
2014-02-26 02:02:00,38.788,38.22866666666667,0.5593333333333277,False
2014-02-26 02:07:00,40.056,38.272083333333335,1.7839166666666628,False
2014-02-26 02:12:00,38.708,38.24866666666667,0.45933333333332627,False
2014-02-26 02:17:00,35.93,38.288583333333335,-2.3585833333333355,False
2014-02-26 02:22:00,36.806,38.1875,-1.3815000000000026,False
2014-02-26 02:27:00,37.376,38.25116666666667,-0.8751666666666722,False
2014-02-26 02:32:00,37.864,38.21908333333334,-0.3550833333333401,False
2014-02-26 02:37:00,37.966,38.2155,-0.2494999999999976,False
2014-02-26 02:42:00,37.746,38.20116666666667,-0.4551666666666705,False
2014-02-26 02:47:00,37.652,38.15691666666667,-0.5049166666666665,False
2014-02-26 02:52:00,38.05,38.14608333333333,-0.09608333333333263,False
2014-02-26 02:57:00,40.0,38.19275,1.8072500000000034,False
2014-02-26 03:02:00,38.028,38.1985,-0.1705000000000041,False
2014-02-26 03:07:00,39.554,38.1995,1.3545000000000016,False
2014-02-26 03:12:00,37.864,38.209583333333335,-0.34558333333333735,False
2014-02-26 03:17:00,39.954,38.27608333333334,1.6779166666666612,False
2014-02-26 03:22:00,37.794,38.373666666666665,-0.5796666666666681,False
2014-02-26 03:27:00,36.254,38.369749999999996,-2.1157499999999985,False
2014-02-26 03:32:00,37.254,38.28216666666666,-1.0281666666666638,False
2014-02-26 03:37:00,37.06800000000001,38.25933333333334,-1.1913333333333256,False
2014-02-26 03:42:00,38.968,38.21816666666667,0.7498333333333349,False
2014-02-26 03:47:00,37.512,38.22508333333333,-0.71308333333333,False
2014-02-26 03:52:00,39.33,38.157583333333335,1.1724166666666633,False
2014-02-26 03:57:00,38.78,38.186499999999995,0.5935000000000059,False
2014-02-26 04:02:00,38.896,38.13758333333333,0.758416666666669,False
2014-02-26 04:07:00,38.942,38.14208333333333,0.7999166666666682,False
2014-02-26 04:12:00,38.11,38.095666666666666,0.014333333333333087,False
2014-02-26 04:17:00,37.99800000000001,38.07075,-0.072749999999985,False
2014-02-26 04:22:00,38.92,38.15691666666667,0.7630833333333342,False
2014-02-26 04:27:00,36.954,38.245,-1.2909999999999968,False
2014-02-26 04:32:00,37.964,38.22741666666666,-0.2634166666666644,False
2014-02-26 04:37:00,37.276,38.23158333333333,-0.9555833333333297,False
2014-02-26 04:42:00,38.686,38.20283333333333,0.4831666666666692,False
2014-02-26 04:47:00,37.23,38.242,-1.0120000000000005,False
2014-02-26 04:52:00,37.504,38.22441666666667,-0.7204166666666723,False
2014-02-26 04:57:00,39.418,38.20166666666667,1.2163333333333313,False
2014-02-26 05:02:00,37.906,38.177416666666666,-0.2714166666666671,False
2014-02-26 05:07:00,39.414,38.172333333333334,1.2416666666666671,False
2014-02-26 05:12:00,38.462,38.1665,0.2955000000000041,False
2014-02-26 05:17:00,37.668,38.19141666666666,-0.5234166666666624,False
2014-02-26 05:22:00,38.458,38.09616666666667,0.3618333333333297,False
2014-02-26 05:27:00,37.336,38.12383333333333,-0.7878333333333316,False
2014-02-26 05:32:00,38.504,38.16891666666667,0.33508333333332985,False
2014-02-26 05:37:00,37.276,38.221,-0.9449999999999932,False
2014-02-26 05:42:00,39.6,38.22966666666667,1.3703333333333347,False
2014-02-26 05:47:00,37.254,38.256,-1.0020000000000024,False
2014-02-26 05:52:00,38.028,38.24525,-0.21724999999999994,False
2014-02-26 05:57:00,40.094,38.191,1.9029999999999987,False
2014-02-26 06:02:00,38.122,38.24575,-0.12375000000000114,False
2014-02-26 06:07:00,39.65,38.2135,1.4364999999999952,False
2014-02-26 06:12:00,38.92,38.243,0.6769999999999996,False
2014-02-26 06:17:00,36.808,38.27675,-1.46875,False
2014-02-26 06:22:00,37.44,38.22716666666667,-0.7871666666666712,False
2014-02-26 06:27:00,37.976,38.1655,-0.18950000000000244,False
2014-02-26 06:32:00,39.064,38.208083333333335,0.8559166666666655,False
2014-02-26 06:37:00,36.808,38.25391666666666,-1.4459166666666619,False
2014-02-26 06:42:00,37.554,38.23441666666667,-0.680416666666666,False
2014-02-26 06:47:00,38.83,38.18725,0.6427499999999995,False
2014-02-26 06:52:00,36.572,38.25391666666666,-1.681916666666659,False
2014-02-26 06:57:00,39.912,38.21508333333333,1.6969166666666666,False
2014-02-26 07:02:00,38.076,38.23566666666667,-0.1596666666666664,False
2014-02-26 07:07:00,40.234,38.24275,1.9912500000000009,False
2014-02-26 07:12:00,37.624,38.27691666666667,-0.6529166666666697,False
2014-02-26 07:17:00,38.616,38.242,0.37400000000000233,False
2014-02-26 07:22:00,38.366,38.2815,0.08449999999999847,False
2014-02-26 07:27:00,37.254,38.27766666666667,-1.0236666666666707,False
2014-02-26 07:32:00,37.536,38.27425,-0.7382500000000007,False
2014-02-26 07:37:00,38.122,38.233916666666666,-0.11191666666666578,False
2014-02-26 07:42:00,37.794,38.26916666666666,-0.4751666666666665,False
2014-02-26 07:47:00,38.99,38.19391666666667,0.7960833333333355,False
2014-02-26 07:52:00,37.77,38.26625,-0.4962499999999963,False
2014-02-26 07:57:00,40.354,38.255500000000005,2.0984999999999943,False
2014-02-26 08:02:00,37.88800000000001,38.26633333333333,-0.3783333333333161,False
2014-02-26 08:07:00,39.97,38.25658333333333,1.7134166666666673,False
2014-02-26 08:12:00,37.676,38.26991666666667,-0.5939166666666651,False
2014-02-26 08:17:00,38.45,38.21808333333333,0.23191666666667032,False
2014-02-26 08:22:00,37.09,38.2865,-1.1964999999999932,False
2014-02-26 08:27:00,38.686,38.27191666666667,0.41408333333333047,False
2014-02-26 08:32:00,37.276,38.3015,-1.0254999999999939,False
2014-02-26 08:37:00,39.794,38.227000000000004,1.566999999999993,False
2014-02-26 08:42:00,37.112,38.35141666666667,-1.2394166666666706,False
2014-02-26 08:47:00,38.072,38.333,-0.2609999999999957,False
2014-02-26 08:52:00,38.238,38.30141666666667,-0.06341666666666868,False
2014-02-26 08:57:00,40.774,38.37083333333334,2.403166666666664,False
2014-02-26 09:02:00,37.494,38.40675,-0.9127500000000026,False
2014-02-26 09:07:00,40.518,38.3825,2.1355000000000004,False
2014-02-26 09:12:00,38.004,38.39433333333333,-0.39033333333333076,False
2014-02-26 09:17:00,38.474,38.41016666666667,0.06383333333332786,False
2014-02-26 09:22:00,37.324,38.404250000000005,-1.0802500000000066,False
2014-02-26 09:27:00,38.99,38.36083333333333,0.62916666666667,False
2014-02-26 09:32:00,36.808,38.43316666666667,-1.6251666666666722,False
2014-02-26 09:37:00,38.098,38.402833333333334,-0.3048333333333346,False
2014-02-26 09:42:00,38.478,38.401833333333336,0.0761666666666656,False
2014-02-26 09:47:00,39.456,38.43033333333334,1.025666666666666,False
2014-02-26 09:52:00,38.316,38.44975,-0.13374999999999915,False
2014-02-26 09:57:00,39.766,38.4725,1.2935000000000016,False
2014-02-26 10:02:00,38.028,38.448,-0.4200000000000017,False
2014-02-26 10:07:00,39.776,38.453833333333336,1.3221666666666678,False
2014-02-26 10:12:00,37.84,38.44575,-0.6057499999999933,False
2014-02-26 10:17:00,38.14,38.45258333333334,-0.3125833333333361,False
2014-02-26 10:22:00,38.146,38.43966666666667,-0.29366666666666674,False
2014-02-26 10:27:00,37.794,38.483666666666664,-0.6896666666666675,False
2014-02-26 10:32:00,38.732,38.4465,0.285499999999999,False
2014-02-26 10:37:00,37.934,38.50716666666667,-0.5731666666666726,False
2014-02-26 10:42:00,37.788,38.42966666666667,-0.6416666666666728,False
2014-02-26 10:47:00,37.916,38.45783333333333,-0.5418333333333365,False
2014-02-26 10:52:00,36.81,38.45133333333333,-1.6413333333333284,False
2014-02-26 10:57:00,39.954,38.39183333333333,1.5621666666666698,False
2014-02-26 11:02:00,37.958,38.35766666666667,-0.3996666666666684,False
2014-02-26 11:07:00,39.61,38.377,1.232999999999997,False
2014-02-26 11:12:00,38.098,38.339166666666664,-0.24116666666666475,False
2014-02-26 11:17:00,38.016,38.34308333333333,-0.3270833333333343,False
2014-02-26 11:22:00,37.676,38.324,-0.6479999999999961,False
2014-02-26 11:27:00,37.816,38.33866666666667,-0.522666666666666,False
2014-02-26 11:32:00,37.746,38.28975,-0.5437499999999957,False
2014-02-26 11:37:00,39.084,38.328833333333336,0.7551666666666677,False
2014-02-26 11:42:00,37.004,38.36991666666667,-1.3659166666666707,False
2014-02-26 11:47:00,38.662,38.3085,0.3534999999999968,False
2014-02-26 11:52:00,38.052,38.275416666666665,-0.22341666666666526,False
2014-02-26 11:57:00,39.918,38.26441666666667,1.65358333333333,False
2014-02-26 12:02:00,38.356,38.27075,0.08525000000000205,False
2014-02-26 12:07:00,39.742,38.284416666666665,1.4575833333333321,False
2014-02-26 12:12:00,37.926,38.283,-0.3569999999999993,False
2014-02-26 12:17:00,36.314,38.28658333333333,-1.9725833333333327,False
2014-02-26 12:22:00,38.076,38.2105,-0.13450000000000273,False
2014-02-26 12:27:00,38.146,38.20758333333333,-0.061583333333331325,False
2014-02-26 12:32:00,37.864,38.22225,-0.3582500000000053,False
2014-02-26 12:37:00,37.77,38.186083333333336,-0.4160833333333329,False
2014-02-26 12:42:00,38.616,38.17925,0.4367499999999964,False
2014-02-26 12:47:00,37.142,38.21375,-1.0717499999999944,False
2014-02-26 12:52:00,38.31,38.1815,0.1285000000000025,False
2014-02-26 12:57:00,40.304,38.244,2.0600000000000023,False
2014-02-26 13:02:00,38.216,38.258583333333334,-0.04258333333333297,False
2014-02-26 13:07:00,40.046,38.269333333333336,1.7766666666666637,False
2014-02-26 13:12:00,38.192,38.2875,-0.09550000000000125,False
2014-02-26 13:17:00,38.968,38.29141666666667,0.6765833333333333,False
2014-02-26 13:22:00,37.724,38.33108333333333,-0.6070833333333354,False
2014-02-26 13:27:00,37.79,38.333083333333335,-0.5430833333333354,False
2014-02-26 13:32:00,37.77,38.332,-0.5619999999999976,False
2014-02-26 13:37:00,38.192,38.333,-0.14099999999999824,False
2014-02-26 13:42:00,39.418,38.295833333333334,1.122166666666665,False
2014-02-26 13:47:00,37.572,38.39641666666667,-0.8244166666666644,False
2014-02-26 13:52:00,38.216,38.351,-0.134999999999998,False
2014-02-26 13:57:00,40.33,38.35783333333334,1.9721666666666593,False
2014-02-26 14:02:00,38.792,38.375,0.4170000000000016,False
2014-02-26 14:07:00,40.162,38.393166666666666,1.7688333333333333,False
2014-02-26 14:12:00,38.49800000000001,38.410666666666664,0.0873333333333477,False
2014-02-26 14:17:00,38.076,38.43450000000001,-0.3585000000000065,False
2014-02-26 14:22:00,37.982,38.50791666666667,-0.5259166666666673,False
2014-02-26 14:27:00,37.874,38.504000000000005,-0.6300000000000026,False
2014-02-26 14:32:00,37.88800000000001,38.49266666666667,-0.6046666666666596,False
2014-02-26 14:37:00,38.072,38.49366666666666,-0.42166666666665975,False
2014-02-26 14:42:00,37.278,38.50625,-1.2282500000000027,False
2014-02-26 14:47:00,38.262,38.4505,-0.18849999999999767,False
2014-02-26 14:52:00,36.938,38.49716666666667,-1.5591666666666697,False
2014-02-26 14:57:00,39.906,38.440000000000005,1.465999999999994,False
2014-02-26 15:02:00,37.37,38.42341666666667,-1.0534166666666707,False
2014-02-26 15:07:00,41.142,38.38816666666667,2.7538333333333327,False
2014-02-26 15:12:00,36.832,38.43383333333333,-1.6018333333333317,False
2014-02-26 15:17:00,38.24,38.37716666666667,-0.13716666666666555,False
2014-02-26 15:22:00,36.864,38.346833333333336,-1.482833333333339,False
2014-02-26 15:27:00,37.88800000000001,38.311,-0.4229999999999876,False
2014-02-26 15:32:00,37.09,38.315083333333334,-1.2250833333333304,False
2014-02-26 15:37:00,38.076,38.286750000000005,-0.21075000000000443,False
2014-02-26 15:42:00,38.63800000000001,38.28191666666667,0.35608333333334485,False
2014-02-26 15:47:00,39.108,38.24941666666667,0.8585833333333284,False
2014-02-26 15:52:00,38.78,38.31341666666667,0.46658333333333246,False
2014-02-26 15:57:00,39.084,38.33691666666667,0.747083333333336,False
2014-02-26 16:02:00,37.934,38.285000000000004,-0.3510000000000062,False
2014-02-26 16:07:00,39.548,38.24925,1.2987499999999983,False
2014-02-26 16:12:00,37.464,38.22366666666667,-0.7596666666666678,False
2014-02-26 16:17:00,37.786,38.18058333333334,-0.39458333333333684,False
2014-02-26 16:22:00,37.536,38.1685,-0.6325000000000003,False
2014-02-26 16:27:00,37.578,38.14991666666666,-0.5719166666666595,False
2014-02-26 16:32:00,37.562,38.13758333333333,-0.5755833333333342,False
2014-02-26 16:37:00,37.676,38.124,-0.4480000000000004,False
2014-02-26 16:42:00,37.806,38.1075,-0.3015000000000043,False
2014-02-26 16:47:00,37.536,38.1295,-0.5934999999999988,False
2014-02-26 16:52:00,37.216,38.09925,-0.8832499999999968,False
2014-02-26 16:57:00,39.178,38.11083333333333,1.0671666666666653,False
2014-02-26 17:02:00,38.076,38.0805,-0.0045000000000001705,False
2014-02-26 17:07:00,39.778,38.10991666666667,1.6680833333333283,False
2014-02-26 17:12:00,38.178,38.05308333333333,0.1249166666666639,False
2014-02-26 17:17:00,37.88800000000001,38.10916666666667,-0.22116666666665452,False
2014-02-26 17:22:00,37.864,38.094500000000004,-0.23050000000000637,False
2014-02-26 17:27:00,37.82,38.13616666666667,-0.3161666666666676,False
2014-02-26 17:32:00,38.99,38.13333333333333,0.8566666666666691,False
2014-02-26 17:37:00,37.112,38.2125,-1.1004999999999967,False
2014-02-26 17:42:00,37.488,38.172333333333334,-0.6843333333333348,False
2014-02-26 17:47:00,39.308,38.12441666666667,1.1835833333333312,False
2014-02-26 17:52:00,37.442,38.13275,-0.6907500000000013,False
2014-02-26 17:57:00,40.68,38.077000000000005,2.6029999999999944,False
2014-02-26 18:02:00,37.252,38.143499999999996,-0.8914999999999935,False
2014-02-26 18:07:00,40.028,38.11508333333334,1.9129166666666606,False
2014-02-26 18:12:00,37.934,38.135083333333334,-0.2010833333333366,False
2014-02-26 18:17:00,37.686,38.15466666666667,-0.468666666666671,False
2014-02-26 18:22:00,39.794,38.1505,1.643499999999996,False
2014-02-26 18:27:00,35.596,38.24458333333334,-2.6485833333333417,False
2014-02-26 18:32:00,37.722,38.162,-0.4399999999999977,False
2014-02-26 18:37:00,38.31,38.16866666666667,0.14133333333333553,False
2014-02-26 18:42:00,38.666,38.195083333333336,0.47091666666666043,False
2014-02-26 18:47:00,36.572,38.230916666666666,-1.6589166666666628,False
2014-02-26 18:52:00,37.88800000000001,38.19075,-0.302749999999989,False
2014-02-26 18:57:00,40.61,38.21875,2.3912499999999994,False
2014-02-26 19:02:00,37.706,38.278416666666665,-0.5724166666666619,False
2014-02-26 19:07:00,40.376,38.263,2.1129999999999995,False
2014-02-26 19:12:00,37.698,38.28791666666667,-0.5899166666666673,False
2014-02-26 19:17:00,38.146,38.26791666666667,-0.12191666666667089,False
2014-02-26 19:22:00,37.746,38.278666666666666,-0.532666666666664,False
2014-02-26 19:27:00,38.662,38.27375,0.3882499999999993,False
2014-02-26 19:32:00,36.76,38.30883333333333,-1.5488333333333344,False
2014-02-26 19:37:00,36.972,38.215916666666665,-1.2439166666666637,False
2014-02-26 19:42:00,38.522,38.21008333333334,0.3119166666666615,False
2014-02-26 19:47:00,39.456,38.253166666666665,1.2028333333333379,False
2014-02-26 19:52:00,38.286,38.25933333333333,0.026666666666670835,False
2014-02-26 19:57:00,39.882,38.2945,1.5874999999999986,False
2014-02-26 20:02:00,38.098,38.26125,-0.1632499999999979,False
2014-02-26 20:07:00,39.788,38.2965,1.491499999999995,False
2014-02-26 20:12:00,37.954,38.286500000000004,-0.3325000000000031,False
2014-02-26 20:17:00,38.002,38.28733333333333,-0.2853333333333268,False
2014-02-26 20:22:00,37.864,38.30050000000001,-0.43650000000000944,False
2014-02-26 20:27:00,37.652,38.220083333333335,-0.5680833333333339,False
2014-02-26 20:32:00,39.014,38.30575,0.7082499999999996,False
2014-02-26 20:37:00,36.598,38.35958333333333,-1.7615833333333342,False
2014-02-26 20:42:00,39.018,38.28825,0.7297500000000028,False
2014-02-26 20:47:00,36.456,38.30291666666667,-1.8469166666666652,False
2014-02-26 20:52:00,37.88800000000001,38.29808333333333,-0.4100833333333185,False
2014-02-26 20:57:00,39.68,38.29808333333334,1.3819166666666618,False
2014-02-26 21:02:00,37.91,38.25933333333334,-0.34933333333334105,False
2014-02-26 21:07:00,40.328,38.267833333333336,2.0601666666666674,False
2014-02-26 21:12:00,38.052,38.26583333333334,-0.21383333333334065,False
2014-02-26 21:17:00,37.934,38.28058333333333,-0.346583333333335,False
2014-02-26 21:22:00,37.558,38.271750000000004,-0.7137500000000045,False
2014-02-26 21:27:00,37.864,38.26391666666667,-0.3999166666666696,False
2014-02-26 21:32:00,37.512,38.230666666666664,-0.7186666666666639,False
2014-02-26 21:37:00,37.77,38.262,-0.49199999999999733,False
2014-02-26 21:42:00,38.144,38.29525,-0.15125000000000455,False
2014-02-26 21:47:00,38.262,38.2795,-0.017499999999998295,False
2014-02-26 21:52:00,38.012,38.229749999999996,-0.21774999999999523,False
2014-02-26 21:57:00,39.812,38.218333333333334,1.593666666666664,False
2014-02-26 22:02:00,38.286,38.21541666666667,0.07058333333333167,False
2014-02-26 22:07:00,39.94,38.22325,1.7167499999999976,False
2014-02-26 22:12:00,37.794,38.22958333333333,-0.43558333333333366,False
2014-02-26 22:17:00,37.578,38.22291666666667,-0.644916666666667,False
2014-02-26 22:22:00,37.91,38.20525,-0.2952500000000029,False
2014-02-26 22:27:00,38.2,38.207166666666666,-0.007166666666662991,False
2014-02-26 22:32:00,37.16,38.23,-1.0700000000000003,False
2014-02-26 22:37:00,37.982,38.15275,-0.17074999999999818,False
2014-02-26 22:42:00,37.434,38.21041666666667,-0.7764166666666696,False
2014-02-26 22:47:00,37.746,38.144416666666665,-0.3984166666666624,False
2014-02-26 22:52:00,37.77,38.198166666666665,-0.42816666666666237,False
2014-02-26 22:57:00,40.094,38.19325,1.9007500000000022,False
2014-02-26 23:02:00,37.884,38.2105,-0.3265000000000029,False
2014-02-26 23:07:00,40.256,38.20941666666667,2.0465833333333308,False
2014-02-26 23:12:00,37.91,38.20641666666666,-0.29641666666666566,False
2014-02-26 23:17:00,38.334,38.2005,0.13350000000000506,False
2014-02-26 23:22:00,37.42,38.217166666666664,-0.7971666666666621,False
2014-02-26 23:27:00,37.934,38.211416666666665,-0.2774166666666673,False
2014-02-26 23:32:00,37.746,38.214333333333336,-0.4683333333333337,False
2014-02-26 23:37:00,38.508,38.22408333333333,0.2839166666666699,False
2014-02-26 23:42:00,37.582,38.25483333333333,-0.6728333333333296,False
2014-02-26 23:47:00,38.944,38.23141666666667,0.7125833333333347,False
2014-02-26 23:52:00,37.438,38.25983333333333,-0.8218333333333305,False
2014-02-26 23:57:00,40.902,38.23591666666667,2.666083333333333,False
2014-02-27 00:02:00,37.3,38.28133333333333,-0.9813333333333318,False
2014-02-27 00:07:00,40.634,38.24025,2.393749999999997,False
2014-02-27 00:12:00,36.924,38.26916666666667,-1.345166666666671,False
2014-02-27 00:17:00,36.496,38.23291666666667,-1.7369166666666658,False
2014-02-27 00:22:00,38.014,38.18783333333334,-0.1738333333333344,False
2014-02-27 00:27:00,37.816,38.192166666666665,-0.37616666666666276,False
2014-02-27 00:32:00,37.724,38.17616666666667,-0.4521666666666704,False
2014-02-27 00:37:00,37.742,38.199666666666666,-0.4576666666666682,False
2014-02-27 00:42:00,38.004,38.18966666666667,-0.18566666666666976,False
2014-02-27 00:47:00,37.354,38.21341666666667,-0.859416666666668,False
2014-02-27 00:52:00,38.104,38.19708333333333,-0.09308333333333252,False
2014-02-27 00:57:00,39.858,38.211000000000006,1.6469999999999914,False
2014-02-27 01:02:00,37.718,38.201166666666666,-0.4831666666666621,False
2014-02-27 01:07:00,39.74800000000001,38.19425,1.553750000000015,False
2014-02-27 01:12:00,37.84,38.17308333333333,-0.3330833333333274,False
2014-02-27 01:17:00,38.146,38.17016666666667,-0.024166666666666003,False
2014-02-27 01:22:00,37.958,38.16233333333333,-0.2043333333333308,False
2014-02-27 01:27:00,38.004,38.18475,-0.1807500000000033,False
2014-02-27 01:32:00,38.164,38.187666666666665,-0.023666666666663616,False
2014-02-27 01:37:00,38.57,38.205083333333334,0.3649166666666659,False
2014-02-27 01:42:00,38.708,38.20766666666667,0.5003333333333302,False
2014-02-27 01:47:00,39.084,38.254583333333336,0.8294166666666669,False
2014-02-27 01:52:00,37.084,38.260416666666664,-1.1764166666666611,False
2014-02-27 01:57:00,40.046,38.245666666666665,1.8003333333333345,False
2014-02-27 02:02:00,38.14,38.21,-0.07000000000000028,False
2014-02-27 02:07:00,39.978,38.245,1.733000000000004,False
2014-02-27 02:12:00,38.122,38.217666666666666,-0.09566666666666634,False
2014-02-27 02:17:00,38.012,38.267583333333334,-0.25558333333333394,False
2014-02-27 02:22:00,37.816,38.33075,-0.5147499999999994,False
2014-02-27 02:27:00,37.84,38.3225,-0.4824999999999946,False
2014-02-27 02:32:00,38.198,38.3235,-0.1255000000000024,False
2014-02-27 02:37:00,37.816,38.343250000000005,-0.5272500000000022,False
2014-02-27 02:42:00,37.594,38.346333333333334,-0.7523333333333326,False
2014-02-27 02:47:00,37.594,38.32925,-0.7352500000000006,False
2014-02-27 02:52:00,38.276,38.33925,-0.06324999999999648,False
2014-02-27 02:57:00,39.842,38.34641666666666,1.495583333333336,False
2014-02-27 03:02:00,37.844,38.34575,-0.5017500000000013,False
2014-02-27 03:07:00,39.698,38.351000000000006,1.3469999999999942,False
2014-02-27 03:12:00,38.252,38.34891666666667,-0.09691666666666521,False
2014-02-27 03:17:00,37.536,38.366083333333336,-0.8300833333333344,False
2014-02-27 03:22:00,38.49800000000001,38.34066666666667,0.15733333333334087,False
2014-02-27 03:27:00,37.348,38.36316666666667,-1.0151666666666728,False
2014-02-27 03:32:00,38.024,38.33583333333333,-0.3118333333333325,False
2014-02-27 03:37:00,40.234,38.330000000000005,1.9039999999999964,False
2014-02-27 03:42:00,39.154,38.39933333333334,0.7546666666666653,False
2014-02-27 03:47:00,38.052,38.41791666666667,-0.36591666666667066,False
2014-02-27 03:52:00,38.988,38.37491666666667,0.6130833333333285,False
2014-02-27 03:57:00,39.922,38.45425,1.4677499999999952,False
2014-02-27 04:02:00,38.002,38.449083333333334,-0.4470833333333317,False
2014-02-27 04:07:00,39.578,38.443333333333335,1.1346666666666678,False
2014-02-27 04:12:00,38.098,38.42666666666667,-0.32866666666667044,False
2014-02-27 04:17:00,37.68,38.425666666666665,-0.7456666666666649,False
2014-02-27 04:22:00,38.286,38.411833333333334,-0.12583333333333258,False
2014-02-27 04:27:00,37.278,38.43141666666667,-1.153416666666672,False
2014-02-27 04:32:00,37.816,38.408,-0.5919999999999987,False
2014-02-27 04:37:00,37.582,38.39208333333334,-0.8100833333333384,False
2014-02-27 04:42:00,37.652,38.382333333333335,-0.7303333333333342,False
2014-02-27 04:47:00,38.592,38.384750000000004,0.20724999999999483,False
2014-02-27 04:52:00,36.876,38.42633333333333,-1.5503333333333345,False
2014-02-27 04:57:00,39.296,38.368,0.9279999999999973,False
2014-02-27 05:02:00,38.426,38.34525,0.08075000000000188,False
2014-02-27 05:07:00,39.108,38.3695,0.7384999999999948,False
2014-02-27 05:12:00,38.052,38.34491666666667,-0.29291666666667027,False
2014-02-27 05:17:00,37.512,38.33658333333333,-0.8245833333333294,False
2014-02-27 05:22:00,38.098,38.33558333333333,-0.23758333333333326,False
2014-02-27 05:27:00,37.484,38.31891666666667,-0.8349166666666648,False
2014-02-27 05:32:00,38.336,38.32458333333333,0.011416666666669073,False
2014-02-27 05:37:00,37.37,38.337583333333335,-0.9675833333333372,False
2014-02-27 05:42:00,39.04,38.21825,0.8217500000000015,False
2014-02-27 05:47:00,37.686,38.2135,-0.5275000000000034,False
2014-02-27 05:52:00,37.864,38.198249999999994,-0.33424999999999727,False
2014-02-27 05:57:00,40.048,38.15141666666667,1.8965833333333322,False
2014-02-27 06:02:00,38.052,38.156666666666666,-0.10466666666666669,False
2014-02-27 06:07:00,39.694,38.158750000000005,1.5352499999999978,False
2014-02-27 06:12:00,38.192,38.16358333333333,0.028416666666672086,False
2014-02-27 06:17:00,37.934,38.1675,-0.23349999999999937,False
2014-02-27 06:22:00,37.794,38.17808333333333,-0.38408333333333644,False
2014-02-27 06:27:00,39.076,38.15758333333333,0.9184166666666727,False
2014-02-27 06:32:00,36.408,38.232499999999995,-1.8244999999999933,False
2014-02-27 06:37:00,38.592,38.17383333333333,0.41816666666667146,False
2014-02-27 06:42:00,37.016,38.215916666666665,-1.1999166666666667,False
2014-02-27 06:47:00,37.958,38.189416666666666,-0.23141666666666794,False
2014-02-27 06:52:00,37.982,38.163000000000004,-0.1810000000000045,False
2014-02-27 06:57:00,40.372,38.20908333333333,2.1629166666666677,False
2014-02-27 07:02:00,38.052,38.25391666666667,-0.2019166666666692,False
2014-02-27 07:07:00,38.45,38.23833333333333,0.2116666666666731,False
2014-02-27 07:12:00,38.286,38.21091666666667,0.07508333333333184,False
2014-02-27 07:17:00,39.132,38.220666666666666,0.9113333333333316,False
2014-02-27 07:22:00,36.996,38.28816666666667,-1.2921666666666667,False
2014-02-27 07:27:00,37.536,38.24225,-0.7062499999999972,False
2014-02-27 07:32:00,39.024,38.244416666666666,0.7795833333333348,False
2014-02-27 07:37:00,36.76,38.27308333333334,-1.5130833333333413,False
2014-02-27 07:42:00,38.086,38.24766666666667,-0.16166666666666885,False
2014-02-27 07:47:00,38.188,38.20791666666667,-0.019916666666667027,False
2014-02-27 07:52:00,38.436,38.228833333333334,0.20716666666666583,False
2014-02-27 07:57:00,39.954,38.25266666666666,1.7013333333333378,False
2014-02-27 08:02:00,38.24,38.24875,-0.008749999999999147,False
2014-02-27 08:07:00,41.93600000000001,38.25658333333333,3.6794166666666754,False
2014-02-27 08:12:00,35.61,38.35,-2.740000000000002,False
2014-02-27 08:17:00,37.746,38.242416666666664,-0.4964166666666614,False
2014-02-27 08:22:00,38.216,38.23458333333334,-0.01858333333333917,False
2014-02-27 08:27:00,38.85,38.25216666666666,0.597833333333341,False
2014-02-27 08:32:00,36.858,38.24275,-1.384750000000004,False
2014-02-27 08:37:00,38.356,38.261500000000005,0.09449999999999648,False
2014-02-27 08:42:00,37.19,38.25166666666667,-1.0616666666666745,False
2014-02-27 08:47:00,38.076,38.258916666666664,-0.18291666666666373,False
2014-02-27 08:52:00,37.418,38.26383333333333,-0.8458333333333314,False
2014-02-27 08:57:00,38.826,38.24033333333333,0.5856666666666683,False
2014-02-27 09:02:00,36.958,38.175916666666666,-1.2179166666666674,False
2014-02-27 09:07:00,40.492,38.13033333333333,2.3616666666666646,False
2014-02-27 09:12:00,37.24800000000001,38.21541666666666,-0.9674166666666508,False
2014-02-27 09:17:00,38.44,38.17216666666667,0.2678333333333285,False
2014-02-27 09:22:00,37.394,38.14333333333334,-0.7493333333333396,False
2014-02-27 09:27:00,38.286,38.15991666666667,0.12608333333333377,False
2014-02-27 09:32:00,37.414,38.19116666666667,-0.7771666666666661,False
2014-02-27 09:37:00,38.948,38.12408333333333,0.8239166666666691,False
2014-02-27 09:42:00,37.15,38.21525,-1.065249999999999,False
2014-02-27 09:47:00,38.696,38.17625,0.5197499999999948,False
2014-02-27 09:52:00,38.004,38.19741666666666,-0.19341666666666413,False
2014-02-27 09:57:00,39.86,38.17941666666667,1.680583333333331,False
2014-02-27 10:02:00,37.036,38.1755,-1.1394999999999982,False
2014-02-27 10:07:00,39.86,38.12533333333333,1.7346666666666692,False
2014-02-27 10:12:00,37.794,38.038833333333336,-0.24483333333333945,False
2014-02-27 10:17:00,38.45,38.12983333333333,0.3201666666666725,False
2014-02-27 10:22:00,38.166,38.159166666666664,0.006833333333332803,False
2014-02-27 10:27:00,38.38,38.15708333333334,0.22291666666666288,False
2014-02-27 10:32:00,37.982,38.1375,-0.15550000000000352,False
2014-02-27 10:37:00,38.616,38.184333333333335,0.43166666666666487,False
2014-02-27 10:42:00,37.442,38.195166666666665,-0.7531666666666652,False
2014-02-27 10:47:00,37.652,38.205666666666666,-0.5536666666666648,False
2014-02-27 10:52:00,36.678,38.188,-1.5100000000000051,False
2014-02-27 10:57:00,39.6,38.15716666666667,1.4428333333333327,False
2014-02-27 11:02:00,39.154,38.189416666666666,0.9645833333333371,False
2014-02-27 11:07:00,38.494,38.28091666666666,0.21308333333333707,False
2014-02-27 11:12:00,38.684,38.19766666666667,0.4863333333333273,False
2014-02-27 11:17:00,36.784,38.2575,-1.4735000000000014,False
2014-02-27 11:22:00,38.49800000000001,38.1885,0.3095000000000141,False
2014-02-27 11:27:00,35.376,38.2345,-2.8584999999999994,False
2014-02-27 11:32:00,38.462,38.11325,0.34875000000000256,False
2014-02-27 11:37:00,37.504,38.15691666666667,-0.6529166666666697,False
2014-02-27 11:42:00,38.848,38.09675,0.7512499999999989,False
2014-02-27 11:47:00,38.752,38.167500000000004,0.5844999999999985,False
2014-02-27 11:52:00,38.06800000000001,38.16983333333334,-0.10183333333332456,False
2014-02-27 11:57:00,40.556,38.1725,2.383499999999998,False
2014-02-27 12:02:00,37.77,38.2015,-0.4314999999999998,False
2014-02-27 12:07:00,40.916,38.232083333333335,2.6839166666666614,False
2014-02-27 12:12:00,37.324,38.27608333333334,-0.9520833333333414,False
2014-02-27 12:17:00,38.44,38.2565,0.1834999999999951,False
2014-02-27 12:22:00,37.37,38.256083333333336,-0.8860833333333389,False
2014-02-27 12:27:00,37.7,38.22291666666666,-0.52291666666666,False
2014-02-27 12:32:00,37.864,38.194583333333334,-0.3305833333333368,False
2014-02-27 12:37:00,37.91,38.18966666666667,-0.27966666666667095,False
2014-02-27 12:42:00,38.226,38.16025,0.06575000000000131,False
2014-02-27 12:47:00,36.91,38.19291666666667,-1.2829166666666723,False
2014-02-27 12:52:00,38.642,38.162,0.480000000000004,False
2014-02-27 12:57:00,39.038,38.243833333333335,0.794166666666662,False
2014-02-27 13:02:00,38.944,38.22041666666667,0.7235833333333304,False
2014-02-27 13:07:00,38.826,38.211666666666666,0.6143333333333345,False
2014-02-27 13:12:00,38.122,38.225500000000004,-0.10350000000000392,False
2014-02-27 13:17:00,37.88800000000001,38.202083333333334,-0.31408333333332195,False
2014-02-27 13:22:00,37.958,38.248083333333334,-0.29008333333333525,False
2014-02-27 13:27:00,37.206,38.22558333333333,-1.0195833333333297,False
2014-02-27 13:32:00,38.428,38.301833333333335,0.12616666666666276,False
2014-02-27 13:37:00,36.858,38.30041666666666,-1.4424166666666665,False
2014-02-27 13:42:00,38.052,38.273500000000006,-0.22150000000000603,False
2014-02-27 13:47:00,38.31,38.24033333333333,0.0696666666666701,False
2014-02-27 13:52:00,37.816,38.221916666666665,-0.4059166666666627,False
2014-02-27 13:57:00,39.836,38.21141666666667,1.6245833333333266,False
2014-02-27 14:02:00,38.64,38.18141666666667,0.4585833333333298,False
2014-02-27 14:07:00,38.86,38.217666666666666,0.6423333333333332,False
2014-02-27 14:12:00,37.816,38.132,-0.3159999999999954,False
2014-02-27 14:17:00,37.794,38.152499999999996,-0.3584999999999994,False
2014-02-27 14:22:00,37.7,38.12558333333333,-0.42558333333332854,False
2014-02-27 14:27:00,37.49,38.13933333333333,-0.6493333333333311,False
2014-02-27 14:32:00,38.644,38.130583333333334,0.5134166666666644,False
2014-02-27 14:37:00,37.3,38.16308333333333,-0.8630833333333356,False
2014-02-27 14:42:00,38.56,38.13766666666667,0.42233333333333434,False
2014-02-27 14:47:00,36.924,38.151583333333335,-1.2275833333333352,False
2014-02-27 14:52:00,38.122,38.152166666666666,-0.03016666666666623,False
2014-02-27 14:57:00,39.342,38.1305,1.211500000000001,False
2014-02-27 15:02:00,40.0,38.143166666666666,1.8568333333333342,False
2014-02-27 15:07:00,37.84,38.18716666666667,-0.3471666666666664,False
2014-02-27 15:12:00,37.756,38.14608333333333,-0.39008333333332956,False
2014-02-27 15:17:00,37.8,38.130833333333335,-0.330833333333338,False
2014-02-27 15:22:00,37.724,38.12716666666667,-0.4031666666666709,False
2014-02-27 15:27:00,38.004,38.117416666666664,-0.11341666666666583,False
2014-02-27 15:32:00,39.31800000000001,38.150666666666666,1.167333333333346,False
2014-02-27 15:37:00,36.972,38.18775,-1.2157499999999999,False
2014-02-27 15:42:00,38.216,38.1925,0.023499999999998522,False
2014-02-27 15:47:00,38.474,38.199333333333335,0.2746666666666613,False
2014-02-27 15:52:00,38.188,38.20616666666667,-0.018166666666665776,False
2014-02-27 15:57:00,39.946,38.221666666666664,1.724333333333334,False
2014-02-27 16:02:00,38.356,38.22625,0.12975000000000136,False
2014-02-27 16:07:00,39.788,38.214416666666665,1.5735833333333318,False
2014-02-27 16:12:00,38.004,38.25308333333333,-0.24908333333333132,False
2014-02-27 16:17:00,38.184,38.26091666666667,-0.07691666666666919,False
2014-02-27 16:22:00,38.24,38.277166666666666,-0.03716666666666413,False
2014-02-27 16:27:00,37.666,38.29966666666667,-0.6336666666666702,False
2014-02-27 16:32:00,38.78,38.307,0.472999999999999,False
2014-02-27 16:37:00,37.418,38.312666666666665,-0.8946666666666658,False
2014-02-27 16:42:00,38.944,38.31758333333334,0.626416666666664,False
2014-02-27 16:47:00,37.292,38.33358333333333,-1.0415833333333282,False
2014-02-27 16:52:00,37.412,38.34891666666667,-0.9369166666666686,False
2014-02-27 16:57:00,40.152,38.31933333333334,1.8326666666666611,False
2014-02-27 17:02:00,38.076,38.35308333333333,-0.27708333333333,False
2014-02-27 17:07:00,39.672,38.27291666666667,1.39908333333333,False
2014-02-27 17:12:00,38.262,38.349250000000005,-0.08725000000000449,False
2014-02-27 17:17:00,37.308,38.37033333333333,-1.0623333333333278,False
2014-02-27 17:22:00,39.23,38.34983333333333,0.8801666666666677,False
2014-02-27 17:27:00,36.534,38.41258333333334,-1.8785833333333386,False
2014-02-27 17:32:00,38.958,38.351333333333336,0.606666666666662,False
2014-02-27 17:37:00,37.536,38.33633333333333,-0.8003333333333273,False
2014-02-27 17:42:00,37.838,38.359833333333334,-0.5218333333333334,False
2014-02-27 17:47:00,38.85,38.34408333333333,0.5059166666666712,False
2014-02-27 17:52:00,37.84,38.35975,-0.5197499999999948,False
2014-02-27 17:57:00,40.234,38.34525,1.8887500000000017,False
2014-02-27 18:02:00,38.288,38.35725,-0.06925000000000381,False
2014-02-27 18:07:00,40.164,38.354416666666665,1.809583333333336,False
2014-02-27 18:12:00,38.662,38.37008333333333,0.2919166666666655,False
2014-02-27 18:17:00,37.784,38.3975,-0.6135000000000019,False
2014-02-27 18:22:00,37.694,38.380833333333335,-0.6868333333333325,False
2014-02-27 18:27:00,38.128,38.35808333333333,-0.23008333333333297,False
2014-02-27 18:32:00,38.078,38.37733333333333,-0.2993333333333297,False
2014-02-27 18:37:00,38.356,38.348083333333335,0.007916666666666572,False
2014-02-27 18:42:00,37.472,38.387166666666666,-0.9151666666666642,False
2014-02-27 18:47:00,38.192,38.325833333333335,-0.13383333333333525,False
2014-02-27 18:52:00,37.724,38.36333333333334,-0.6393333333333402,False
2014-02-27 18:57:00,39.954,38.37633333333333,1.5776666666666728,False
2014-02-27 19:02:00,38.404,38.36808333333334,0.035916666666665265,False
2014-02-27 19:07:00,40.118,38.381750000000004,1.7362499999999983,False
2014-02-27 19:12:00,37.956,38.40033333333333,-0.4443333333333257,False
2014-02-27 19:17:00,38.64,38.38758333333333,0.25241666666666873,False
2014-02-27 19:22:00,37.214,38.443083333333334,-1.2290833333333353,False
2014-02-27 19:27:00,37.77,38.35908333333334,-0.5890833333333347,False
2014-02-27 19:32:00,37.49800000000001,38.410583333333335,-0.9125833333333233,False
2014-02-27 19:37:00,38.098,38.34975000000001,-0.25175000000000836,False
2014-02-27 19:42:00,39.062,38.37316666666667,0.6888333333333279,False
2014-02-27 19:47:00,37.554,38.42416666666667,-0.8701666666666696,False
2014-02-27 19:52:00,39.484,38.37016666666667,1.1138333333333321,False
2014-02-27 19:57:00,38.85,38.43866666666667,0.41133333333333155,False
2014-02-27 20:02:00,38.146,38.38100000000001,-0.23500000000000654,False
2014-02-27 20:07:00,39.672,38.375083333333336,1.296916666666661,False
2014-02-27 20:12:00,37.77,38.35458333333333,-0.5845833333333275,False
2014-02-27 20:17:00,39.086,38.31741666666667,0.7685833333333321,False
2014-02-27 20:22:00,36.926,38.37166666666667,-1.4456666666666678,False
2014-02-27 20:27:00,38.386,38.339666666666666,0.04633333333333667,False
2014-02-27 20:32:00,37.644,38.35041666666667,-0.7064166666666694,False
2014-02-27 20:37:00,38.122,38.33233333333334,-0.21033333333333815,False
2014-02-27 20:42:00,37.676,38.322583333333334,-0.6465833333333322,False
2014-02-27 20:47:00,38.146,38.33108333333333,-0.18508333333333127,False
2014-02-27 20:52:00,37.588,38.329166666666666,-0.7411666666666648,False
2014-02-27 20:57:00,39.53,38.3235,1.2064999999999984,False
2014-02-27 21:02:00,38.17,38.30583333333333,-0.13583333333333059,False
2014-02-27 21:07:00,39.578,38.296083333333335,1.2819166666666675,False
2014-02-27 21:12:00,38.098,38.273583333333335,-0.17558333333333564,False
2014-02-27 21:17:00,38.69,38.279500000000006,0.41049999999999187,False
2014-02-27 21:22:00,36.842,38.28158333333334,-1.4395833333333385,False
2014-02-27 21:27:00,38.56800000000001,38.266083333333334,0.3019166666666777,False
2014-02-27 21:32:00,36.712,38.29933333333334,-1.5873333333333335,False
2014-02-27 21:37:00,38.852,38.26658333333334,0.58541666666666,False
2014-02-27 21:42:00,37.378,38.298,-0.9200000000000017,False
2014-02-27 21:47:00,37.654,38.227833333333336,-0.573833333333333,False
2014-02-27 21:52:00,37.182,38.232000000000006,-1.0500000000000043,False
2014-02-27 21:57:00,41.052,38.13608333333333,2.915916666666668,False
2014-02-27 22:02:00,37.558,38.22783333333333,-0.6698333333333295,False
2014-02-27 22:07:00,40.118,38.20333333333333,1.914666666666669,False
2014-02-27 22:12:00,37.934,38.221916666666665,-0.2879166666666677,False
2014-02-27 22:17:00,37.782,38.22875,-0.44675000000000153,False
2014-02-27 22:22:00,37.724,38.174416666666666,-0.45041666666666913,False
2014-02-27 22:27:00,37.75,38.20766666666666,-0.4576666666666611,False
2014-02-27 22:32:00,38.85,38.18116666666666,0.6688333333333389,False
2014-02-27 22:37:00,36.924,38.23141666666667,-1.3074166666666684,False
2014-02-27 22:42:00,38.386,38.1815,0.204500000000003,False
2014-02-27 22:47:00,37.418,38.211083333333335,-0.7930833333333354,False
2014-02-27 22:52:00,39.014,38.18075,0.8332499999999996,False
2014-02-27 22:57:00,39.508,38.240166666666674,1.2678333333333285,False
2014-02-27 23:02:00,38.662,38.23925,0.4227500000000006,False
2014-02-27 23:07:00,39.718,38.259750000000004,1.4582499999999996,False
2014-02-27 23:12:00,38.004,38.26558333333333,-0.26158333333333417,False
2014-02-27 23:17:00,37.558,38.26166666666666,-0.7036666666666633,False
2014-02-27 23:22:00,37.864,38.2145,-0.3505000000000038,False
2014-02-27 23:27:00,37.37,38.257083333333334,-0.8870833333333366,False
2014-02-27 23:32:00,37.794,38.207166666666666,-0.4131666666666689,False
2014-02-27 23:37:00,39.014,38.25225,0.7617500000000064,False
2014-02-27 23:42:00,37.192,38.259,-1.0670000000000002,False
2014-02-27 23:47:00,38.49800000000001,38.25125,0.2467500000000129,False
2014-02-27 23:52:00,38.256,38.28641666666666,-0.03041666666666032,False
2014-02-27 23:57:00,39.934,38.33116666666667,1.6028333333333293,False
2014-02-28 00:02:00,38.286,38.28458333333334,0.0014166666666639571,False
2014-02-28 00:07:00,40.822,38.31491666666667,2.507083333333334,False
2014-02-28 00:12:00,37.076,38.344249999999995,-1.2682499999999948,False
2014-02-28 00:17:00,38.658,38.3085,0.34949999999999903,False
2014-02-28 00:22:00,37.018,38.345,-1.3269999999999982,False
2014-02-28 00:27:00,37.724,38.315583333333336,-0.5915833333333396,False
2014-02-28 00:32:00,37.736,38.3145,-0.5785000000000053,False
2014-02-28 00:37:00,37.91,38.26808333333333,-0.3580833333333331,False
2014-02-28 00:42:00,38.826,38.30916666666667,0.5168333333333308,False
2014-02-28 00:47:00,36.972,38.3275,-1.3554999999999993,False
2014-02-28 00:52:00,38.506,38.30891666666667,0.19708333333333172,False
2014-02-28 00:57:00,39.038,38.28775,0.7502499999999941,False
2014-02-28 01:02:00,37.512,38.268166666666666,-0.7561666666666653,False
2014-02-28 01:07:00,39.408,38.22025,1.1877500000000012,False
2014-02-28 01:12:00,38.314,38.20733333333333,0.10666666666666913,False
2014-02-28 01:17:00,37.698,38.22025,-0.5222499999999997,False
2014-02-28 01:22:00,37.954,38.226083333333335,-0.27208333333333456,False
2014-02-28 01:27:00,38.244,38.22983333333333,0.014166666666667993,False
2014-02-28 01:32:00,37.77,38.26625,-0.4962499999999963,False
2014-02-28 01:37:00,37.906,38.26525,-0.35925000000000296,False
2014-02-28 01:42:00,38.686,38.21908333333334,0.46691666666666265,False
2014-02-28 01:47:00,37.794,38.28133333333333,-0.48733333333333206,False
2014-02-28 01:52:00,38.71,38.252,0.4579999999999984,False
2014-02-28 01:57:00,39.126,38.270916666666665,0.855083333333333,False
2014-02-28 02:02:00,38.602,38.237249999999996,0.3647500000000008,False
2014-02-28 02:07:00,38.72,38.250416666666666,0.4695833333333326,False
2014-02-28 02:12:00,38.24,38.16283333333333,0.07716666666667038,False
2014-02-28 02:17:00,37.066,38.211333333333336,-1.1453333333333333,False
2014-02-28 02:22:00,37.63,38.145,-0.5150000000000006,False
2014-02-28 02:27:00,37.508,38.1705,-0.6624999999999943,False
2014-02-28 02:32:00,38.08,38.161500000000004,-0.08150000000000546,False
2014-02-28 02:37:00,38.04,38.17583333333334,-0.1358333333333377,False
2014-02-28 02:42:00,38.686,38.18125,0.5047500000000014,False
2014-02-28 02:47:00,36.526,38.17541666666666,-1.64941666666666,False
2014-02-28 02:52:00,37.746,38.15683333333333,-0.41083333333332916,False
2014-02-28 02:57:00,39.906,38.125166666666665,1.7808333333333337,False
2014-02-28 03:02:00,38.052,38.16133333333333,-0.10933333333333195,False
2014-02-28 03:07:00,39.812,38.18383333333333,1.6281666666666652,False
2014-02-28 03:12:00,37.86,38.20066666666667,-0.3406666666666709,False
2014-02-28 03:17:00,37.788,38.18175,-0.39375000000000426,False
2014-02-28 03:22:00,37.574,38.1855,-0.6114999999999995,False
2014-02-28 03:27:00,38.85,38.169666666666664,0.680333333333337,False
2014-02-28 03:32:00,39.296,38.194916666666664,1.1010833333333352,False
2014-02-28 03:37:00,37.63,38.2585,-0.6284999999999954,False
2014-02-28 03:42:00,38.114,38.247,-0.13300000000000267,False
2014-02-28 03:47:00,39.328,38.223166666666664,1.1048333333333389,False
2014-02-28 03:52:00,37.532,38.287083333333335,-0.7550833333333387,False
2014-02-28 03:57:00,40.598,38.238,2.3599999999999994,False
2014-02-28 04:02:00,37.706,38.29933333333333,-0.5933333333333266,False
2014-02-28 04:07:00,40.114,38.262,1.8519999999999968,False
2014-02-28 04:12:00,36.944,38.320083333333336,-1.3760833333333338,False
2014-02-28 04:17:00,39.326,38.266083333333334,1.0599166666666662,False
2014-02-28 04:22:00,36.856,38.36025,-1.504249999999999,False
2014-02-28 04:27:00,37.7,38.327999999999996,-0.627999999999993,False
2014-02-28 04:32:00,37.582,38.336,-0.7539999999999978,False
2014-02-28 04:37:00,37.786,38.31525,-0.5292499999999976,False
2014-02-28 04:42:00,37.84,38.30466666666666,-0.464666666666659,False
2014-02-28 04:47:00,38.168,38.269416666666665,-0.10141666666666538,False
2014-02-28 04:52:00,37.464,38.33783333333333,-0.8738333333333301,False
2014-02-28 04:57:00,40.024,38.32608333333334,1.6979166666666643,False
2014-02-28 05:02:00,37.672,38.331,-0.659000000000006,False
2014-02-28 05:07:00,40.234,38.31516666666666,1.918833333333339,False
2014-02-28 05:12:00,37.582,38.33275,-0.7507499999999965,False
2014-02-28 05:17:00,38.648,38.32116666666666,0.3268333333333402,False
2014-02-28 05:22:00,37.536,38.357,-0.820999999999998,False
2014-02-28 05:27:00,38.686,38.35541666666666,0.3305833333333368,False
2014-02-28 05:32:00,37.7,38.34858333333333,-0.6485833333333275,False
2014-02-28 05:37:00,37.88800000000001,38.28208333333333,-0.39408333333332024,False
2014-02-28 05:42:00,38.44,38.292833333333334,0.14716666666666356,False
2014-02-28 05:47:00,38.74,38.30641666666667,0.4335833333333312,False
2014-02-28 05:52:00,37.958,38.28191666666667,-0.3239166666666691,False
2014-02-28 05:57:00,40.02,38.29966666666667,1.7203333333333362,False
2014-02-28 06:02:00,38.948,38.27558333333334,0.6724166666666633,False
2014-02-28 06:07:00,38.864,38.327333333333335,0.5366666666666617,False
2014-02-28 06:12:00,37.91,38.27525,-0.3652500000000032,False
2014-02-28 06:17:00,37.816,38.31550000000001,-0.4995000000000047,False
2014-02-28 06:22:00,37.842,38.252583333333334,-0.4105833333333351,False
2014-02-28 06:27:00,37.844,38.29366666666667,-0.44966666666666555,False
2014-02-28 06:32:00,38.142,38.29966666666667,-0.15766666666666396,False
2014-02-28 06:37:00,37.84,38.323,-0.482999999999997,False
2014-02-28 06:42:00,38.16,38.325250000000004,-0.16525000000000745,False
2014-02-28 06:47:00,37.676,38.33858333333334,-0.6625833333333375,False
2014-02-28 06:52:00,39.436,38.318083333333334,1.117916666666666,False
2014-02-28 06:57:00,38.028,38.40025,-0.3722500000000011,False
2014-02-28 07:02:00,37.986,38.317083333333336,-0.33108333333333917,False
2014-02-28 07:07:00,39.62,38.33016666666667,1.289833333333327,False
2014-02-28 07:12:00,38.146,38.30458333333333,-0.15858333333333263,False
2014-02-28 07:17:00,38.17,38.32808333333333,-0.15808333333333024,False
2014-02-28 07:22:00,36.792,38.308166666666665,-1.5161666666666633,False
2014-02-28 07:27:00,38.616,38.277166666666666,0.33883333333333354,False
2014-02-28 07:32:00,36.882,38.27425,-1.3922500000000042,False
2014-02-28 07:37:00,38.028,38.24016666666667,-0.2121666666666684,False
2014-02-28 07:42:00,38.686,38.246,0.4399999999999977,False
2014-02-28 07:47:00,39.746,38.25625,1.4897500000000008,False
2014-02-28 07:52:00,37.16,38.29816666666667,-1.1381666666666703,False
2014-02-28 07:57:00,40.752,38.26491666666667,2.487083333333331,False
2014-02-28 08:02:00,37.394,38.29541666666666,-0.9014166666666625,False
2014-02-28 08:07:00,40.478,38.230666666666664,2.247333333333337,False
2014-02-28 08:12:00,37.766,38.29791666666667,-0.5319166666666746,False
2014-02-28 08:17:00,38.314,38.291916666666665,0.022083333333334565,False
2014-02-28 08:22:00,37.764,38.312666666666665,-0.5486666666666622,False
2014-02-28 08:27:00,37.934,38.30941666666667,-0.3754166666666734,False
2014-02-28 08:32:00,37.742,38.31316666666667,-0.5711666666666702,False
2014-02-28 08:37:00,38.428,38.2965,0.1314999999999955,False
2014-02-28 08:42:00,37.77,38.321000000000005,-0.5510000000000019,False
2014-02-28 08:47:00,37.91,38.30475,-0.39475000000000193,False
2014-02-28 08:52:00,37.958,38.3145,-0.35650000000000404,False
2014-02-28 08:57:00,40.4,38.252916666666664,2.1470833333333346,False
2014-02-28 09:02:00,37.606,38.35175,-0.745750000000001,False
2014-02-28 09:07:00,40.586,38.33591666666667,2.250083333333329,False
2014-02-28 09:12:00,37.816,38.37616666666667,-0.5601666666666674,False
2014-02-28 09:17:00,38.732,38.36241666666667,0.36958333333333115,False
2014-02-28 09:22:00,37.256,38.38583333333333,-1.1298333333333304,False
2014-02-28 09:27:00,38.63800000000001,38.405166666666666,0.2328333333333461,False
2014-02-28 09:32:00,36.596,38.406083333333335,-1.8100833333333384,False
2014-02-28 09:37:00,38.192,38.39416666666667,-0.20216666666667038,False
2014-02-28 09:42:00,38.428,38.400999999999996,0.027000000000001023,False
2014-02-28 09:47:00,38.524,38.39025,0.13374999999999915,False
2014-02-28 09:52:00,38.38,38.33933333333333,0.040666666666673734,False
2014-02-28 09:57:00,40.362,38.390166666666666,1.9718333333333362,False
2014-02-28 10:02:00,38.028,38.373916666666666,-0.34591666666666754,False
2014-02-28 10:07:00,39.554,38.400333333333336,1.1536666666666662,False
2014-02-28 10:12:00,38.086,38.36183333333333,-0.27583333333333115,False
2014-02-28 10:17:00,37.864,38.375166666666665,-0.5111666666666679,False
2014-02-28 10:22:00,37.694,38.35641666666667,-0.6624166666666653,False
2014-02-28 10:27:00,38.052,38.353500000000004,-0.3015000000000043,False
2014-02-28 10:32:00,38.004,38.35841666666667,-0.3544166666666726,False
2014-02-28 10:37:00,38.052,38.36933333333333,-0.31733333333333036,False
2014-02-28 10:42:00,37.798,38.35366666666666,-0.5556666666666601,False
2014-02-28 10:47:00,37.672,38.35483333333333,-0.6828333333333347,False
2014-02-28 10:52:00,38.264,38.34491666666667,-0.08091666666666697,False
2014-02-28 10:57:00,40.312,38.35766666666667,1.9543333333333308,False
2014-02-28 11:02:00,37.558,38.354,-0.7959999999999994,False
2014-02-28 11:07:00,40.684,38.352,2.3320000000000007,False
2014-02-28 11:12:00,37.558,38.35608333333334,-0.7980833333333379,False
2014-02-28 11:17:00,38.24,38.345333333333336,-0.10533333333333417,False
2014-02-28 11:22:00,37.632,38.32483333333334,-0.6928333333333399,False
2014-02-28 11:27:00,37.746,38.3405,-0.5944999999999965,False
2014-02-28 11:32:00,38.004,38.303333333333335,-0.2993333333333368,False
2014-02-28 11:37:00,39.718,38.362,1.3560000000000016,False
2014-02-28 11:42:00,37.7,38.425583333333336,-0.7255833333333328,False
2014-02-28 11:47:00,39.27,38.395250000000004,0.8747499999999988,False
2014-02-28 11:52:00,37.582,38.42633333333334,-0.8443333333333385,False
2014-02-28 11:57:00,39.93,38.39308333333334,1.536916666666663,False
2014-02-28 12:02:00,38.77,38.37508333333333,0.39491666666667413,False
2014-02-28 12:07:00,38.868,38.406,0.4620000000000033,False
2014-02-28 12:12:00,38.972,38.37741666666667,0.5945833333333326,False
2014-02-28 12:17:00,36.56800000000001,38.41433333333333,-1.8463333333333196,False
2014-02-28 12:22:00,38.198,38.36033333333334,-0.16233333333333633,False
2014-02-28 12:27:00,38.114,38.38133333333334,-0.2673333333333403,False
2014-02-28 12:32:00,37.856,38.383916666666664,-0.5279166666666626,False
2014-02-28 12:37:00,37.884,38.37775,-0.4937499999999986,False
2014-02-28 12:42:00,37.704,38.37075,-0.6667500000000004,False
2014-02-28 12:47:00,37.858,38.36683333333334,-0.5088333333333424,False
2014-02-28 12:52:00,37.914,38.374583333333334,-0.46058333333333223,False
2014-02-28 12:57:00,39.66,38.36,1.2999999999999972,False
2014-02-28 13:02:00,38.286,38.33283333333333,-0.04683333333333195,False
2014-02-28 13:07:00,39.712,38.363166666666665,1.3488333333333387,False
2014-02-28 13:12:00,39.108,38.32266666666667,0.7853333333333268,False
2014-02-28 13:17:00,37.056,38.38725,-1.3312500000000043,False
2014-02-28 13:22:00,38.708,38.337916666666665,0.37008333333333354,False
2014-02-28 13:27:00,36.714,38.382749999999994,-1.6687499999999957,False
2014-02-28 13:32:00,38.666,38.33975,0.3262499999999946,False
2014-02-28 13:37:00,37.206,38.36733333333333,-1.1613333333333244,False
2014-02-28 13:42:00,38.334,38.26266666666667,0.07133333333333525,False
2014-02-28 13:47:00,39.554,38.28908333333333,1.2649166666666716,False
2014-02-28 13:52:00,37.09,38.300916666666666,-1.2109166666666624,False
2014-02-28 13:57:00,39.878,38.28041666666667,1.5975833333333327,False
2014-02-28 14:02:00,38.474,38.27825,0.19574999999999676,False
2014-02-28 14:07:00,40.352,38.26591666666667,2.0860833333333275,False
2014-02-28 14:12:00,37.912,38.32775,-0.41575000000000273,False
2014-02-28 14:17:00,38.458,38.28358333333333,0.17441666666666578,False
2014-02-28 14:22:00,37.718,38.36233333333333,-0.6443333333333285,False
